factor,date,rank_ic,samples,Q1,Q2,Q3,Q4,Q5,Q6,Q7,Q8,Q9,Q10,horizon,top_bottom
momentum_20d,2021-02-01,-0.0516,160,0.007634,0.008378,0.003682,0.01289,0.011021,0.010259,0.009588,0.01135,0.004082,-0.001674,1,-0.009308
momentum_20d,2021-02-02,-0.133611,160,0.001611,0.007215,0.003197,-0.000852,0.005625,0.004442,0.003094,-0.003691,-0.003016,-0.004052,1,-0.005663
momentum_20d,2021-02-03,0.055851,160,-0.006853,-0.006116,-0.004816,0.006535,0.004257,-0.002148,0.001948,0.000622,0.000418,-0.005794,1,0.001058
momentum_20d,2021-02-04,-0.010981,160,0.007335,0.00306,0.006084,0.006753,0.007939,0.008311,0.004049,0.003673,0.002827,0.007601,1,0.000266
momentum_20d,2021-02-05,-0.120054,160,0.0226,0.017575,0.016493,0.007857,0.02362,0.020143,0.015934,0.009862,0.015723,0.009816,1,-0.012784
momentum_20d,2021-02-08,0.068771,160,-0.001038,-0.013715,-0.001745,-0.006331,-0.005836,-0.00942,-0.004876,-0.004135,-0.001052,-0.002114,1,-0.001076
momentum_20d,2021-02-09,-0.001755,160,0.021174,0.015024,0.007647,0.020161,0.007725,0.010149,0.007381,0.020846,0.014542,0.015368,1,-0.005805
momentum_20d,2021-02-10,-0.01307,160,-0.012304,-0.009144,-0.006866,-0.011195,-0.012327,-0.002744,-0.014238,-0.010313,-0.011764,-0.010622,1,0.001682
momentum_20d,2021-02-11,-0.047744,160,0.006658,0.005046,-0.00102,0.006659,0.006619,0.002064,0.010868,0.005038,0.002359,-0.006702,1,-0.01336
momentum_20d,2021-02-12,-0.000598,160,-0.012926,-0.006243,-0.006714,-0.014294,-0.019757,-0.003156,-0.01239,-0.012611,-0.004749,-0.012375,1,0.000551
momentum_20d,2021-02-15,-0.017558,160,0.011936,0.005339,0.014929,0.006705,0.020862,0.016421,0.013054,0.006953,0.01174,0.005437,1,-0.006499
momentum_20d,2021-02-16,0.110275,160,0.005005,0.002774,0.008036,-0.000287,0.000725,0.0151,0.010011,0.012773,0.008332,0.004491,1,-0.000514
momentum_20d,2021-02-17,-0.023444,160,0.00603,0.010276,0.011818,0.007437,0.007795,0.011645,0.00918,0.013689,0.007438,0.003475,1,-0.002555
momentum_20d,2021-02-18,-0.039312,160,-0.010269,-0.002797,-0.004271,-0.002504,0.001716,-0.019297,-0.006641,-0.004359,-0.008438,-0.00845,1,0.001819
momentum_20d,2021-02-19,-0.121007,160,0.011006,0.007357,0.010346,0.015364,0.006868,0.01807,-0.002673,0.005803,0.010272,0.002357,1,-0.008649
momentum_20d,2021-02-22,-0.057884,160,-0.004158,-0.001342,-0.00592,-0.005362,-0.005683,-0.004471,-0.002836,-0.00627,-0.007837,-0.003628,1,0.00053
momentum_20d,2021-02-23,0.110893,160,-0.010658,-0.003143,-0.006196,0.001109,0.001797,0.001671,-0.00212,-0.014069,-3.8e-05,0.001195,1,0.011852
momentum_20d,2021-02-24,0.014772,160,0.004968,0.007941,0.00172,0.00865,-0.003618,0.009292,0.003198,0.005058,0.003753,0.006425,1,0.001457
momentum_20d,2021-02-25,0.090921,160,0.009213,0.004067,0.007637,0.004643,0.003435,-0.003098,0.007901,0.008172,0.004309,0.016191,1,0.006978
momentum_20d,2021-02-26,-0.013096,160,0.003069,0.005188,-0.000462,0.003132,-0.001846,-0.001886,-0.000871,0.004011,0.006771,-0.000129,1,-0.003199
momentum_20d,2021-03-01,0.041252,160,-0.003003,-0.004002,-0.002838,-0.000997,-0.012785,-0.009021,-0.00539,0.004708,-0.008923,0.003129,1,0.006132
momentum_20d,2021-03-02,0.242743,160,-0.015316,-0.019307,-0.016144,-0.005184,-0.009371,-0.004199,-0.006706,-0.007555,-0.008089,-0.002641,1,0.012675
momentum_20d,2021-03-03,0.090941,160,0.009454,0.012317,0.014316,0.014083,0.021164,0.012491,0.00939,0.01858,0.022935,0.012567,1,0.003113
momentum_20d,2021-03-04,-0.008561,160,0.005316,0.010167,0.010318,-0.003796,0.007378,0.005186,0.009966,0.004481,0.006016,0.008752,1,0.003436
momentum_20d,2021-03-05,0.043417,160,0.009928,0.002892,0.008455,0.004343,0.000919,0.005293,0.004459,0.012623,0.005333,0.0083,1,-0.001628
momentum_20d,2021-03-08,0.052783,160,0.018903,0.019809,0.014448,0.028689,0.017137,0.022821,0.030626,0.01487,0.021199,0.022203,1,0.0033
momentum_20d,2021-03-09,-0.027578,160,-0.005893,-0.013573,-0.003229,-0.012344,-0.007977,-0.012463,-0.007736,-0.001752,-0.012691,-0.010639,1,-0.004746
momentum_20d,2021-03-10,-0.003914,160,0.019522,0.025755,0.024846,0.027097,0.018808,0.016765,0.01588,0.029045,0.025367,0.024646,1,0.005124
momentum_20d,2021-03-11,-0.020306,160,0.026199,0.024541,0.026785,0.024247,0.02758,0.028309,0.028814,0.026096,0.021322,0.023755,1,-0.002444
momentum_20d,2021-03-12,-0.014057,160,0.013388,0.015171,0.012135,0.015789,0.015093,0.014413,0.006519,0.016236,0.017522,0.010884,1,-0.002503
momentum_20d,2021-03-15,-0.055104,160,0.005585,0.007238,0.003612,0.017172,0.003261,0.00319,0.006587,0.009322,0.002546,0.003206,1,-0.002379
momentum_20d,2021-03-16,0.153867,160,-0.008793,-0.010609,-0.007916,-0.001724,3.6e-05,-0.012275,-0.003822,-0.002621,-0.003448,0.000202,1,0.008996
momentum_20d,2021-03-17,-0.088627,160,0.010231,0.010712,0.010524,0.00617,0.014423,0.003236,0.013805,0.008781,0.00446,0.009632,1,-0.000599
momentum_20d,2021-03-18,-0.045028,160,0.001216,-0.00652,-0.004812,0.001436,0.003551,-0.00454,-0.004082,0.004378,-0.007653,-0.005344,1,-0.00656
momentum_20d,2021-03-19,-0.098761,160,0.000814,0.003116,-0.00378,-0.002152,0.002302,-0.0034,0.00405,-0.003583,-0.011009,-0.002243,1,-0.003057
momentum_20d,2021-03-22,0.005546,160,-0.005225,-0.003213,0.001671,0.000991,-0.00668,-0.006444,-0.002035,-0.00063,0.005124,-0.0036,1,0.001625
momentum_20d,2021-03-23,0.053012,160,0.003191,0.000425,0.006021,0.002819,0.007196,0.001222,-0.001236,0.008816,0.004183,0.007101,1,0.00391
momentum_20d,2021-03-24,-0.041964,160,0.016695,0.009005,0.015569,0.01257,0.011628,0.009203,0.017696,0.009266,0.013353,0.011547,1,-0.005147
momentum_20d,2021-03-25,-0.009062,160,-0.009412,-0.003551,0.003396,0.003556,-0.002439,2.7e-05,-0.004244,-0.002673,0.000357,-0.004775,1,0.004637
momentum_20d,2021-03-26,-0.07519,160,0.003114,-0.002168,-0.007073,-0.015958,-0.009388,-0.004937,-0.004398,-0.000631,-0.015249,-0.000629,1,-0.003743
momentum_20d,2021-03-29,0.107708,160,-0.009951,-0.014323,-0.005241,-0.010312,-0.004095,-0.004796,-0.006109,-0.012133,-0.010384,-0.000612,1,0.00934
momentum_20d,2021-03-30,-0.030901,160,-0.010673,-0.009679,-0.01112,-0.013196,-0.000983,-0.00479,-0.00433,-0.009028,-0.00748,-0.019641,1,-0.008968
momentum_20d,2021-03-31,0.014793,160,-0.014816,-0.01145,-0.013478,-0.012116,-0.004113,-0.009812,-0.014181,-0.014697,-0.014711,-0.009723,1,0.005093
momentum_20d,2021-04-01,0.042195,160,-0.006742,-0.014201,-0.007998,-0.000554,-0.013509,-0.004314,-0.00745,-0.001111,-0.012004,-0.005873,1,0.000869
momentum_20d,2021-04-02,0.015053,160,0.01927,0.007988,0.020803,0.0095,0.010859,0.007618,0.011823,0.016523,0.01347,0.018173,1,-0.001097
momentum_20d,2021-04-05,-0.021607,160,-0.00449,-0.003209,-0.000917,0.002672,-0.008847,-0.004034,-0.014365,0.001526,-0.004622,-0.002181,1,0.002309
momentum_20d,2021-04-06,-0.1061,160,0.002537,0.010219,0.006532,0.005936,-0.002979,0.005764,-0.001913,0.004458,-0.002073,-7.7e-05,1,-0.002614
momentum_20d,2021-04-07,-0.034809,160,-0.008978,-0.007886,-0.012013,-0.017206,-0.014462,-0.011084,-0.009246,-0.007176,-0.014251,-0.012987,1,-0.004009
momentum_20d,2021-04-08,-0.116841,160,0.006285,0.001702,0.009076,0.011027,0.004006,6.4e-05,0.001636,-0.002425,-0.001179,0.00881,1,0.002525
momentum_20d,2021-04-09,0.046842,160,-0.015286,-0.020239,-0.019317,-0.020088,-0.012253,-0.024017,-0.01406,-0.017554,-0.010782,-0.018337,1,-0.003051
momentum_20d,2021-04-12,0.119302,160,-0.014676,-0.00413,-0.001825,-0.004388,-0.009929,-0.004589,0.002967,-0.00041,-0.003628,-0.005986,1,0.008689
momentum_20d,2021-04-13,0.106,160,0.013467,0.015606,0.01688,0.016334,0.020386,0.021411,0.020473,0.025152,0.021348,0.020292,1,0.006826
momentum_20d,2021-04-14,0.084537,160,-0.003765,-0.002526,-0.010914,-0.004151,-0.00916,-0.008266,-0.007506,-0.011792,0.001119,0.000236,1,0.004001
momentum_20d,2021-04-15,0.011204,160,0.016026,0.009052,0.006988,0.013902,0.00657,0.011671,0.006477,0.010071,0.015692,0.012091,1,-0.003934
momentum_20d,2021-04-16,0.206191,160,0.001206,-0.003026,-0.001821,0.01049,0.007709,0.006967,0.00692,0.009506,0.011661,0.00838,1,0.007173
momentum_20d,2021-04-19,0.016887,160,0.000962,-0.003327,0.004333,-0.004584,-0.001234,-0.006315,-0.001961,-0.004045,-0.00228,0.007408,1,0.006446
momentum_20d,2021-04-20,0.112285,160,-0.002225,-0.010256,-0.013002,-0.008922,-0.013108,-0.006308,-0.00554,0.000884,0.000114,-0.003811,1,-0.001586
momentum_20d,2021-04-21,0.02398,160,0.014843,0.005897,0.011287,0.004695,0.008304,0.00694,0.006014,0.006739,0.016106,0.012723,1,-0.00212
momentum_20d,2021-04-22,0.023711,160,-0.00344,0.001503,-0.010546,-0.002312,-0.001287,0.000842,-0.001594,-0.009245,0.004123,-0.000591,1,0.002849
momentum_20d,2021-04-23,-0.07672,160,0.014358,0.01689,0.016843,0.014099,0.010136,0.004488,0.004359,0.020146,0.010769,0.012779,1,-0.001578
momentum_20d,2021-04-26,0.075539,160,-0.010162,-0.010425,0.001465,-0.006723,-0.011693,-0.015445,-0.003851,-0.002785,-0.006566,-0.003736,1,0.006426
momentum_20d,2021-04-27,-0.006592,160,0.002584,0.001069,0.000653,0.001009,0.000754,0.004829,0.001023,-0.006173,0.010397,-0.000231,1,-0.002816
momentum_20d,2021-04-28,0.255725,160,-0.004268,0.008472,-0.005832,-0.005754,0.002954,-0.00607,0.008381,0.012443,0.007652,0.0138,1,0.018068
momentum_20d,2021-04-29,0.143645,160,-0.001075,-0.003879,0.004143,-0.002208,0.002305,0.006269,-0.004971,0.002584,0.017799,0.004349,1,0.005425
momentum_20d,2021-04-30,0.095063,160,-0.013576,-0.019026,-0.015697,-0.013639,-0.00571,-0.010617,-0.005606,-0.021076,-0.008396,-0.012461,1,0.001115
momentum_20d,2021-05-03,0.090666,160,-0.007311,-0.011681,-0.001911,-0.008532,-0.000223,-0.001033,-0.01232,0.002439,-0.005114,-0.006435,1,0.000876
momentum_20d,2021-05-04,-0.162226,160,0.007748,0.006912,-0.004883,-0.01399,0.004059,0.000885,-0.005615,-0.002879,-0.002804,-0.00631,1,-0.014058
momentum_20d,2021-05-05,0.088556,160,-0.011868,-0.007606,-0.0061,-0.006434,-0.010854,-0.008808,-0.013664,-0.005292,-0.00015,-0.001663,1,0.010205
momentum_20d,2021-05-06,-0.056138,160,0.00706,0.013638,0.007545,0.008509,0.003403,0.005604,0.002658,-8.7e-05,0.011936,0.005552,1,-0.001508
momentum_20d,2021-05-07,-0.008195,160,0.002177,0.007787,0.008418,0.004993,0.00303,-0.001792,-0.001073,0.011474,0.002313,0.007701,1,0.005524
momentum_20d,2021-05-10,0.012296,160,-0.021734,-0.010862,-0.020722,-0.00724,-0.010741,-0.011799,-0.016865,-0.015241,-0.013743,-0.020371,1,0.001363
momentum_20d,2021-05-11,0.142368,160,-0.022815,-0.013465,-0.020874,-0.01426,-0.020821,-0.016645,-0.007041,-0.021275,-0.014538,-0.009765,1,0.01305
momentum_20d,2021-05-12,-0.059261,160,-0.006502,-0.012466,-0.012898,-0.00942,-0.018721,-0.007122,-0.016328,-0.018017,-0.012131,-0.006319,1,0.000183
momentum_20d,2021-05-13,0.018329,160,0.004654,0.004714,0.001659,-0.000731,-0.008355,-0.001718,0.003508,-0.002241,0.00218,0.006979,1,0.002325
momentum_20d,2021-05-14,0.002816,160,0.024511,0.015394,0.013577,0.018213,0.010741,0.018426,0.017411,0.014871,0.019735,0.021864,1,-0.002647
momentum_20d,2021-05-17,-0.018704,160,0.00637,-0.004031,-0.000772,-0.001953,-0.006132,-0.002717,-0.006003,-0.004952,-0.0039,0.007137,1,0.000767
momentum_20d,2021-05-18,-0.003841,160,0.003005,0.006936,0.000235,-0.003889,0.005957,0.005301,0.007209,0.011556,-0.002295,0.002757,1,-0.000248
momentum_20d,2021-05-19,-0.135814,160,-0.008807,-0.012483,-0.007947,-0.009332,-0.007062,-0.00725,-0.009712,-0.008925,-0.016288,-0.017899,1,-0.009091
momentum_20d,2021-05-20,-0.016178,160,-0.004719,-0.005987,-0.013335,-0.007839,-0.008994,-0.009715,-0.00983,-0.00588,-0.004882,-0.01084,1,-0.006121
momentum_20d,2021-05-21,-0.009205,160,-0.019207,-0.011756,-0.019091,-0.015375,-0.011082,-0.010171,-0.021384,-0.016795,-0.012723,-0.018392,1,0.000815
momentum_20d,2021-05-24,-0.016715,160,-0.003566,0.000996,-0.000465,-0.002072,0.00234,-0.001664,0.006415,-0.004553,0.001044,-0.003892,1,-0.000326
momentum_20d,2021-05-25,-0.012739,160,0.01493,0.007681,0.009514,0.007496,0.006532,0.004714,0.013638,0.016413,0.014018,0.000628,1,-0.014302
momentum_20d,2021-05-26,-0.144568,160,0.003099,-0.001675,-0.004808,0.003907,0.002767,0.001908,-0.008912,-0.001451,-0.000387,-0.008016,1,-0.011115
momentum_20d,2021-05-27,-0.031243,160,0.015931,0.009998,0.013655,0.011159,0.014847,0.011625,0.022116,0.010436,0.011724,0.00895,1,-0.00698
momentum_20d,2021-05-28,-0.021056,160,-0.002304,-8.6e-05,0.0074,0.00653,0.007111,0.014177,-0.00249,0.001801,0.003493,-0.002084,1,0.00022
momentum_20d,2021-05-31,0.110673,160,0.00066,-0.000992,0.002489,0.000998,-0.003376,-0.001598,0.006682,0.006808,0.009506,-0.000545,1,-0.001205
momentum_20d,2021-06-01,-0.079767,160,0.011117,-0.003814,0.005577,0.006638,0.007797,0.003934,-0.003852,0.01146,-0.005055,0.001119,1,-0.009998
momentum_20d,2021-06-02,-0.056308,160,0.001215,0.004254,0.004715,0.002633,0.00259,0.01067,0.004163,0.006457,-0.001118,-0.003578,1,-0.004793
momentum_20d,2021-06-03,0.080942,160,0.009182,0.014394,0.007776,0.010251,0.011896,0.009304,0.014721,0.012674,0.01116,0.015038,1,0.005856
momentum_20d,2021-06-04,0.006867,160,-0.000753,-0.006189,-0.010117,-0.014073,-0.004381,-0.007509,-0.006337,-0.002429,-0.006106,-0.006937,1,-0.006183
momentum_20d,2021-06-07,0.017725,160,-0.022199,-0.016326,-0.020798,-0.021265,-0.021578,-0.020307,-0.010859,-0.022007,-0.022306,-0.020001,1,0.002197
momentum_20d,2021-06-08,-0.058696,160,-0.000322,7.9e-05,-0.001282,-0.004616,0.006607,0.00435,-0.000596,0.000416,0.000144,-0.007903,1,-0.007581
momentum_20d,2021-06-09,-0.056082,160,-0.001242,-0.003558,-0.004258,1e-06,-0.001996,-0.003026,0.001753,-0.004867,-0.00345,-0.007155,1,-0.005912
momentum_20d,2021-06-10,0.029327,160,-0.004123,0.002552,0.001724,-0.004629,0.003907,-0.001101,0.0023,0.011812,-0.00544,-0.003909,1,0.000214
momentum_20d,2021-06-11,-0.12873,160,0.021242,0.016405,0.020552,0.022841,0.014719,0.019122,0.023839,0.016331,0.019422,0.002636,1,-0.018605
momentum_20d,2021-06-14,0.022316,160,-0.011975,-0.010662,-0.012646,-0.016879,-0.010732,-0.016086,-0.012136,-0.012727,-0.014247,-0.007012,1,0.004964
momentum_20d,2021-06-15,-0.006873,160,0.009137,0.010384,0.006252,0.005445,0.002141,0.008672,0.00951,0.002667,0.007378,0.00871,1,-0.000428
momentum_20d,2021-06-16,-0.123734,160,0.009492,0.01369,0.017497,0.005498,0.007881,0.011241,0.008926,0.00191,0.011875,0.00633,1,-0.003162
momentum_20d,2021-06-17,0.077051,160,0.001512,0.005879,0.004651,0.004564,-0.003222,0.009581,0.006717,0.005504,0.008137,0.00576,1,0.004248
momentum_20d,2021-06-18,0.092242,160,0.014415,0.008116,0.007856,0.010834,0.007745,0.012227,0.014271,0.018465,0.01348,0.015394,1,0.000979
momentum_20d,2021-06-21,-0.090291,160,0.002535,-0.007741,-0.000142,0.004131,-0.002645,-0.008076,0.000268,-0.005088,-0.003464,-0.005403,1,-0.007938
momentum_20d,2021-06-22,0.038583,160,-0.007934,-0.007845,-0.014818,-0.004895,-0.008432,-0.006978,-0.004159,-0.008105,-0.00185,-0.014462,1,-0.006528
momentum_20d,2021-06-23,-0.00399,160,0.009783,0.012934,0.004321,0.011304,0.00336,0.013572,0.003685,0.006857,0.013882,0.009526,1,-0.000257
momentum_20d,2021-06-24,0.067705,160,0.007056,0.000426,0.015257,0.005123,0.009672,0.003661,0.010046,0.010522,0.013625,0.002875,1,-0.004181
momentum_20d,2021-06-25,0.024713,160,0.010072,0.011639,0.015477,0.012879,0.015234,0.007174,0.013169,0.020751,0.009987,0.01068,1,0.000607
momentum_20d,2021-06-28,-0.029477,160,0.001827,6e-06,0.002523,0.008402,0.003165,-0.005946,0.004944,0.000515,0.000917,0.001325,1,-0.000502
momentum_20d,2021-06-29,-0.199174,160,0.022538,0.010772,0.018812,0.017557,0.022034,0.013005,0.011905,0.008901,0.005914,0.013228,1,-0.00931
momentum_20d,2021-06-30,0.051474,160,-0.007088,-0.00142,-0.003768,-0.001706,0.004591,-0.013546,-0.000721,0.001479,-0.001142,-0.000578,1,0.00651
momentum_20d,2021-07-01,-0.061684,160,-0.007677,-0.012379,-0.006316,-0.009538,-0.014109,-0.013856,-0.007988,-0.007761,-0.01714,-0.013563,1,-0.005886
momentum_20d,2021-07-02,0.012657,160,-0.015309,-0.01546,-0.017582,-0.015237,-0.026367,-0.009521,-0.01673,-0.012965,-0.011521,-0.021824,1,-0.006515
momentum_20d,2021-07-05,-0.092257,160,-0.006079,-0.010472,-0.00628,-0.012444,-0.001812,-0.011119,-0.005385,-0.00804,-0.016788,-0.012598,1,-0.006518
momentum_20d,2021-07-06,-0.01808,160,0.009721,0.004289,0.014453,0.000544,0.004337,0.004523,0.00622,0.012708,0.002113,0.010606,1,0.000884
momentum_20d,2021-07-07,0.017842,160,-0.016593,-0.022548,-0.00773,-0.006655,-0.010543,-0.012714,-0.016054,-0.014134,-0.021623,-0.009238,1,0.007354
momentum_20d,2021-07-08,0.128331,160,-0.001022,-0.007402,-0.010985,-0.00915,-0.008862,0.012531,-0.000264,-0.009102,0.005113,-0.000232,1,0.00079
momentum_20d,2021-07-09,0.082037,160,0.015419,0.0174,0.017977,0.013753,0.021047,0.018016,0.027552,0.015804,0.020621,0.019613,1,0.004194
momentum_20d,2021-07-12,-0.07899,160,0.003241,0.011491,0.011535,0.010719,0.010449,0.004104,-0.003669,0.003104,0.007082,0.005581,1,0.002339
momentum_20d,2021-07-13,0.146625,160,0.014517,0.009407,0.013872,0.020661,0.016776,0.010089,0.027664,0.022657,0.014814,0.019536,1,0.005019
momentum_20d,2021-07-14,-0.028144,160,-0.003504,-0.011716,-0.01318,-0.008541,-0.008754,0.0032,-0.014814,-0.00481,-0.004281,-0.018829,1,-0.015325
momentum_20d,2021-07-15,-0.002317,160,-0.027402,-0.013051,-0.029566,-0.018693,-0.008743,-0.015536,-0.01472,-0.025861,-0.025685,-0.025018,1,0.002383
momentum_20d,2021-07-16,-0.030277,160,0.011176,0.017158,0.015088,0.017982,0.012949,0.01537,0.007317,0.010514,0.025345,0.010714,1,-0.000462
momentum_20d,2021-07-19,-0.056791,160,-0.01687,-0.008319,-0.016768,-0.010568,-0.013823,-0.013961,-0.013103,-0.018341,-0.015254,-0.012603,1,0.004267
momentum_20d,2021-07-20,-0.115074,160,0.004918,0.004575,0.003264,0.005549,0.000118,0.000134,-0.001581,0.002348,0.005323,-0.005269,1,-0.010186
momentum_20d,2021-07-21,-0.006706,160,-0.002381,0.005656,0.002225,0.00857,0.003185,0.000711,-0.001867,-0.001617,0.001987,0.006302,1,0.008684
momentum_20d,2021-07-22,-0.056302,160,-0.010251,-0.003019,-0.005503,0.000198,-0.009513,-0.011519,-0.008885,-0.008145,-0.011558,-0.008442,1,0.001809
momentum_20d,2021-07-23,0.0121,160,0.00684,0.016923,0.01615,0.016254,0.010944,0.007561,0.014959,0.010928,0.015793,0.013442,1,0.006602
momentum_20d,2021-07-26,-0.141372,160,0.01667,0.020696,0.01245,0.009147,0.007662,0.0182,0.010834,0.008319,0.014392,0.008888,1,-0.007782
momentum_20d,2021-07-27,0.065074,160,-0.002425,0.012273,0.007799,0.013296,0.007956,-0.004338,0.009422,0.009262,0.004046,0.013781,1,0.016206
momentum_20d,2021-07-28,-0.102991,160,-0.003794,0.005635,-0.001875,0.007189,0.00414,-0.000115,0.000608,-0.01082,0.005072,-0.006527,1,-0.002733
momentum_20d,2021-07-29,0.042465,160,0.002244,-0.001285,-0.006468,2.6e-05,0.00323,-0.00035,0.004868,0.003369,-0.002748,0.004437,1,0.002193
momentum_20d,2021-07-30,0.019644,160,-0.016607,-0.004544,-0.002799,-0.016555,-0.009761,-0.009373,-0.005164,-0.007716,-0.013588,-0.010243,1,0.006364
momentum_20d,2021-08-02,-0.09371,160,0.002388,0.000348,-0.001957,-0.003901,-0.007216,-0.010427,-0.003181,-0.012019,-0.000588,-0.004902,1,-0.00729
momentum_20d,2021-08-03,-0.0303,160,0.00519,-0.003197,0.000157,-0.003498,0.00206,-0.003801,-0.001096,-0.01386,0.009414,-0.001797,1,-0.006987
momentum_20d,2021-08-04,0.024306,160,-0.001282,-0.011725,-0.004699,-0.012293,-0.006191,-0.005301,-0.001126,-0.003676,-0.00741,-0.004245,1,-0.002962
momentum_20d,2021-08-05,0.038814,160,0.00793,0.0004,0.011899,0.010721,0.000442,0.006541,0.012538,0.01013,-0.002566,0.009896,1,0.001966
momentum_20d,2021-08-06,-0.044527,160,-0.018117,-0.005727,-0.009412,-0.014253,-0.01704,-0.013715,-0.014498,-0.01883,-0.009912,-0.0135,1,0.004617
momentum_20d,2021-08-09,-0.011253,160,-0.00628,0.003854,-0.007293,-0.00083,-0.005875,-0.005611,-0.005174,-0.000595,0.001688,-0.007468,1,-0.001187
momentum_20d,2021-08-10,0.127649,160,-0.029802,-0.030704,-0.022849,-0.020849,-0.014513,-0.019486,-0.02129,-0.022959,-0.020775,-0.022521,1,0.007281
momentum_20d,2021-08-11,-0.1152,160,0.014628,0.009693,0.004061,0.005136,0.006808,0.004909,0.010041,0.006839,0.011017,-0.000188,1,-0.014816
momentum_20d,2021-08-12,-0.061792,160,0.006485,0.001561,0.007166,0.00627,0.001415,0.010174,0.001834,-0.004494,-0.002019,0.008012,1,0.001528
momentum_20d,2021-08-13,0.06701,160,-0.003785,0.004911,0.004437,0.003408,-0.000207,0.010293,0.000938,0.010156,0.004249,0.003282,1,0.007067
momentum_20d,2021-08-16,0.146341,160,0.018615,0.021415,0.022648,0.011445,0.018372,0.022502,0.02812,0.028104,0.033875,0.017266,1,-0.001349
momentum_20d,2021-08-17,-0.036136,160,0.015245,0.004656,0.003147,0.007428,0.01804,0.009568,0.006775,0.009952,0.009978,0.003692,1,-0.011553
momentum_20d,2021-08-18,-0.061658,160,-0.010926,-0.007345,-0.015202,-0.010085,-0.007761,-0.011248,-0.005672,-0.010349,-0.009066,-0.019547,1,-0.008621
momentum_20d,2021-08-19,-0.041146,160,0.021623,0.02561,0.028102,0.022451,0.022706,0.02073,0.026649,0.029006,0.015183,0.023118,1,0.001495
momentum_20d,2021-08-20,0.037671,160,-0.007768,-0.00069,-0.008277,-0.014667,-0.015497,-0.011268,-0.010419,0.001404,-0.00696,-0.004788,1,0.00298
momentum_20d,2021-08-23,0.148811,160,0.006525,0.002188,-0.000458,0.002507,0.013244,0.003003,0.009471,0.007955,0.011702,0.007847,1,0.001322
momentum_20d,2021-08-24,-0.161725,160,0.003257,0.009689,0.008774,0.014293,-0.000576,0.010164,0.000501,-0.005227,0.002431,-0.002106,1,-0.005364
momentum_20d,2021-08-25,-0.048324,160,-0.005456,-0.005961,-0.010978,-0.008753,-0.004954,-0.007168,-0.009855,-0.00769,-0.010669,-0.009252,1,-0.003796
momentum_20d,2021-08-26,0.092752,160,0.005846,0.018436,0.008649,0.004669,0.007257,0.011167,0.01272,0.016977,0.01416,0.010627,1,0.004781
momentum_20d,2021-08-27,-0.10663,160,0.008768,0.004015,-0.001704,0.008804,0.004274,-0.000706,-0.000172,0.003495,0.003002,0.002116,1,-0.006652
momentum_20d,2021-08-30,-0.012326,160,7.8e-05,0.010922,0.005383,0.005066,0.010981,0.012028,0.001702,0.005521,0.00599,0.005842,1,0.005764
momentum_20d,2021-08-31,-0.003771,160,-0.007138,-0.001957,-0.006078,-0.001232,-0.001692,0.000308,-0.009851,-0.007631,-0.010589,0.003451,1,0.010589
momentum_20d,2021-09-01,0.035064,160,0.013065,0.016952,0.014276,0.01307,0.013927,0.015349,0.008368,0.01408,0.015527,0.020812,1,0.007747
momentum_20d,2021-09-02,0.012238,160,-0.006979,-0.01237,0.000793,-0.00775,-0.007633,-0.005045,0.000201,-0.001737,-0.002936,-0.013086,1,-0.006107
momentum_20d,2021-09-03,-0.059914,160,-0.007966,-0.011429,-0.021304,-0.010569,-0.027028,-0.014224,-0.011093,-0.020376,-0.013594,-0.013171,1,-0.005205
momentum_20d,2021-09-06,-0.10617,160,0.015565,0.022159,0.019374,0.010649,0.022363,0.02057,0.017744,0.010117,0.017881,0.010732,1,-0.004833
momentum_20d,2021-09-07,0.002083,160,-0.003757,-0.001733,-0.005565,-0.006807,-0.009456,0.000661,-0.006224,-0.003769,-0.002171,-0.003941,1,-0.000184
momentum_20d,2021-09-08,-0.067875,160,-0.00234,0.005208,0.012017,0.003916,-0.00608,0.004026,0.002217,0.004793,-0.002703,-0.000809,1,0.001531
momentum_20d,2021-09-09,-0.073526,160,0.021445,0.016153,0.021426,0.010542,0.011229,0.02245,0.020496,0.025169,0.014343,0.00601,1,-0.015435
momentum_20d,2021-09-10,0.045239,160,0.008479,0.005902,0.014898,0.013721,0.010641,0.013716,0.015965,0.007279,0.015408,0.009014,1,0.000535
momentum_20d,2021-09-13,-0.070684,160,0.00639,0.008867,0.009961,0.005117,0.000183,0.007917,0.007481,0.003067,0.010232,0.001645,1,-0.004745
momentum_20d,2021-09-14,0.039696,160,0.0024,0.0079,0.005885,0.008664,0.009398,-0.00181,0.005405,0.004321,0.007639,0.00708,1,0.004681
momentum_20d,2021-09-15,-0.031059,160,-0.003577,-0.004156,-0.014168,-0.008266,-0.004296,-0.013226,-0.003517,-0.007744,-0.0069,-0.007032,1,-0.003455
momentum_20d,2021-09-16,0.051377,160,0.003402,0.003457,0.001672,0.006806,0.012553,0.000706,0.004557,0.004577,0.00744,0.004304,1,0.000902
momentum_20d,2021-09-17,-0.034033,160,0.01359,0.013038,0.012232,0.011803,0.014482,0.012498,0.011152,0.00892,0.016797,0.012032,1,-0.001557
momentum_20d,2021-09-20,0.023327,160,0.004155,0.005427,0.00385,0.004856,0.010541,0.01075,0.000972,0.011839,0.007769,0.004968,1,0.000813
momentum_20d,2021-09-21,-0.043373,160,-0.002249,-0.001945,-0.009795,0.001822,-0.001739,-0.006057,-0.002313,-0.000352,-0.004706,-0.005183,1,-0.002934
momentum_20d,2021-09-22,-0.036467,160,-0.038356,-0.020867,-0.037943,-0.026878,-0.034462,-0.029072,-0.033291,-0.032664,-0.029462,-0.034204,1,0.004152
momentum_20d,2021-09-23,0.170576,160,0.001132,-0.000788,0.00318,0.004643,0.003982,0.002605,0.005137,0.00854,0.003702,0.012073,1,0.010941
momentum_20d,2021-09-24,-0.072788,160,0.002438,0.000129,0.004705,0.003521,0.003206,0.001575,-0.004077,0.002369,0.00317,-0.00644,1,-0.008877
momentum_20d,2021-09-27,-0.034742,160,-0.000313,-0.00295,-0.006424,-0.004966,0.003762,0.005247,-0.008526,-0.006709,-0.002027,0.000628,1,0.000941
momentum_20d,2021-09-28,-0.013796,160,0.011971,0.007512,0.005997,0.001729,0.011265,0.001759,0.000712,0.006296,0.001285,0.012815,1,0.000844
momentum_20d,2021-09-29,0.044032,160,0.003445,0.002606,0.002053,0.001969,0.002908,0.007951,0.008982,0.009171,0.00188,0.005016,1,0.00157
momentum_20d,2021-09-30,-0.06735,160,0.002267,0.009019,0.006579,0.001597,0.008229,0.001973,0.006805,-0.003713,0.001447,0.002153,1,-0.000114
momentum_20d,2021-10-01,-0.089819,160,-0.01182,-0.010767,-0.009868,-0.004964,-0.012804,-0.015524,-0.011499,-0.012852,-0.009509,-0.017858,1,-0.006038
momentum_20d,2021-10-04,0.012141,160,-0.011992,-0.012403,-0.018313,-0.009042,-0.012533,-0.009008,-0.016671,-0.016001,-0.011576,-0.010619,1,0.001373
momentum_20d,2021-10-05,0.026658,160,-0.000364,0.005466,0.006262,0.005896,-0.00128,-0.002023,0.005734,-0.002871,0.002684,0.008401,1,0.008765
momentum_20d,2021-10-06,0.043349,160,-0.005193,0.005315,-0.000384,0.004153,-0.000791,0.004895,-0.000686,0.002843,-0.002685,0.004451,1,0.009644
momentum_20d,2021-10-07,-0.058373,160,0.004407,0.005761,-1.4e-05,-0.012302,-0.002549,0.003703,-0.000379,0.002766,-0.001955,-0.001436,1,-0.005844
momentum_20d,2021-10-08,0.000349,160,0.000447,0.002166,0.002011,0.00321,0.001126,0.003169,-0.002102,-0.001519,0.002842,0.003873,1,0.003426
momentum_20d,2021-10-11,0.001421,160,0.009669,-0.001881,0.007139,-0.000187,0.004715,0.005944,0.002489,0.000546,0.00507,0.008321,1,-0.001347
momentum_20d,2021-10-12,-0.017658,160,0.00507,0.001507,-0.002226,0.003335,0.004417,0.006849,0.004757,0.002681,0.003682,0.000536,1,-0.004534
momentum_20d,2021-10-13,0.0886,160,-0.007549,0.012856,-0.001357,0.000507,0.00374,-0.003988,0.003155,0.002021,0.010328,0.003056,1,0.010605
momentum_20d,2021-10-14,-0.143786,160,0.002627,0.003531,0.002481,0.007669,0.002924,-0.006042,-0.004397,0.001151,-0.002159,-0.004326,1,-0.006953
momentum_20d,2021-10-15,-0.106709,160,0.005515,0.012915,0.010827,0.007253,0.009547,0.00568,0.015465,0.010869,0.007377,-0.001787,1,-0.007301
momentum_20d,2021-10-18,-0.0333,160,-0.001589,0.003061,-0.002787,-0.005556,-0.006271,-0.004499,-0.012098,0.002272,-0.005249,-0.000318,1,0.00127
momentum_20d,2021-10-19,-0.023799,160,0.005986,0.004857,0.00751,0.012015,0.010735,0.005106,0.006613,0.002577,0.005734,0.010824,1,0.004837
momentum_20d,2021-10-20,-0.145183,160,0.012501,0.006405,0.005075,0.008754,0.008424,0.002301,0.006102,0.007172,-0.002703,0.002467,1,-0.010033
momentum_20d,2021-10-21,0.023661,160,0.00497,-0.00392,0.002409,-0.00065,0.005668,-0.006507,0.010404,0.002824,-0.000763,0.001138,1,-0.003831
momentum_20d,2021-10-22,-0.02137,160,-0.004075,-0.002554,-0.001458,-0.004867,-0.001504,-0.009582,-0.003778,-0.005775,-0.004001,0.000172,1,0.004247
momentum_20d,2021-10-25,0.071197,160,0.002538,0.004612,0.001155,0.001773,0.002722,0.000237,0.004719,0.00065,0.010076,0.007775,1,0.005237
momentum_20d,2021-10-26,-0.051831,160,0.007471,0.00447,0.013342,0.004897,0.013696,0.007348,0.00639,0.009544,0.006717,0.002225,1,-0.005247
momentum_20d,2021-10-27,0.011725,160,-0.014335,-0.007442,-0.010007,-0.013259,-0.014784,-0.007441,-0.010421,-0.013494,-0.00878,-0.010187,1,0.004148
momentum_20d,2021-10-28,-0.106554,160,0.005001,0.0051,-0.007284,0.002245,0.003971,0.007332,-0.003619,-0.000622,-0.002956,-0.00452,1,-0.009521
momentum_20d,2021-10-29,-0.085984,160,0.00303,0.005023,0.009415,0.007616,0.007951,-0.000173,-0.000499,0.001146,0.002793,-0.003018,1,-0.006047
momentum_20d,2021-11-01,-0.061007,160,-0.002775,0.003633,-0.007366,-0.000243,-0.012462,-0.001229,-0.01099,-0.003735,-0.009518,-0.002055,1,0.00072
momentum_20d,2021-11-02,-0.004729,160,-0.003708,-0.008355,-0.0048,-0.005516,-0.008884,-1e-05,-0.003629,-0.006815,-0.003204,-0.006631,1,-0.002923
momentum_20d,2021-11-03,-0.053656,160,-0.008795,-0.013043,-0.012421,-0.014022,-0.010984,-0.012451,-0.019623,-0.017913,-0.010656,-0.011696,1,-0.002901
momentum_20d,2021-11-04,0.069726,160,-0.014087,-0.01608,-0.007843,-0.011349,-0.011147,-0.007714,-0.018153,-0.003679,-0.011454,-0.009065,1,0.005022
momentum_20d,2021-11-05,-0.037792,160,-0.013162,-0.01207,-0.02141,-0.010198,-0.015358,-0.012413,-0.017163,-0.016801,-0.015847,-0.015038,1,-0.001876
momentum_20d,2021-11-08,0.050108,160,-0.005826,-0.016984,-0.004648,-0.007338,-0.003226,-0.01048,-0.009023,-0.01545,-0.003689,-0.001591,1,0.004234
momentum_20d,2021-11-09,0.016879,160,-0.006134,-0.002691,-0.011072,-0.003492,-0.006741,-0.001805,0.002355,-0.003166,-0.012334,-0.002254,1,0.00388
momentum_20d,2021-11-10,0.044595,160,-0.001997,-0.009497,0.001446,-0.003473,-0.008837,-0.004402,-0.00091,-0.000703,0.001583,-0.006705,1,-0.004709
momentum_20d,2021-11-11,0.049347,160,0.000895,-0.001174,-0.001915,-0.006426,0.009935,0.009381,0.000389,-0.0029,0.007767,-0.005288,1,-0.006182
momentum_20d,2021-11-12,-0.002754,160,-0.002125,-0.005323,0.004342,-0.004934,-0.009371,-0.001311,0.000563,0.004736,-0.003072,-0.002724,1,-0.000598
momentum_20d,2021-11-15,-0.067588,160,-0.007482,-0.004496,-0.002306,-0.007653,-0.007798,-0.009514,-0.001952,-0.00461,-0.012086,-0.006772,1,0.00071
momentum_20d,2021-11-16,-0.079948,160,-0.004724,-0.004656,-0.004203,-0.005961,-0.012212,-0.014788,-0.004139,-0.010251,-0.011777,-0.008211,1,-0.003487
momentum_20d,2021-11-17,-0.027578,160,-0.009056,-0.014541,-0.013777,-0.003847,-0.011504,-0.007716,-0.018392,-0.010882,-0.008543,-0.014395,1,-0.00534
momentum_20d,2021-11-18,-0.038706,160,0.00576,-0.005604,0.003559,-0.007612,0.007527,0.00103,-0.002144,0.003174,-0.005725,6.2e-05,1,-0.005698
momentum_20d,2021-11-19,-0.024186,160,0.001899,-0.000316,-0.006039,-0.00267,-0.000236,-0.001652,0.010456,-0.008501,-0.002106,-0.004165,1,-0.006064
momentum_20d,2021-11-22,-0.017374,160,0.018736,0.01096,0.008572,0.013854,0.012017,0.010652,0.011796,0.01508,0.012039,0.015331,1,-0.003404
momentum_20d,2021-11-23,-0.080083,160,0.015365,0.020092,0.013577,0.012899,0.018922,0.00758,0.011376,0.015202,0.0235,0.005547,1,-0.009818
momentum_20d,2021-11-24,-0.001588,160,0.013895,0.011505,0.019862,0.012829,0.016963,0.016518,0.020774,0.016513,0.010389,0.014792,1,0.000897
momentum_20d,2021-11-25,0.020638,160,0.023301,0.020713,0.018401,0.014019,0.01284,0.021116,0.017107,0.018164,0.019229,0.022607,1,-0.000693
momentum_20d,2021-11-26,-0.059299,160,-0.01139,-0.012245,-0.011345,-0.023542,-0.010692,-0.011354,-0.008611,-0.007853,-0.015532,-0.019738,1,-0.008348
momentum_20d,2021-11-29,-0.073781,160,0.004518,0.004341,0.004882,0.009304,0.010873,0.010222,0.010974,0.003868,0.001778,-0.000594,1,-0.005112
momentum_20d,2021-11-30,-0.072759,160,0.005262,0.012072,0.005513,0.006237,0.007109,0.006965,0.015669,0.00593,-0.00199,0.00806,1,0.002797
momentum_20d,2021-12-01,-0.055347,160,0.001194,0.002849,0.014291,-0.003387,0.003611,0.010488,-0.001698,0.002189,-0.000977,0.001812,1,0.000618
momentum_20d,2021-12-02,-0.044565,160,0.022241,0.020904,0.019134,0.021546,0.021131,0.02128,0.014679,0.027733,0.015749,0.018563,1,-0.003679
momentum_20d,2021-12-03,-0.041512,160,0.023772,0.026897,0.018559,0.015423,0.030205,0.020637,0.020706,0.027032,0.015532,0.017935,1,-0.005836
momentum_20d,2021-12-06,0.002033,160,0.00686,0.014597,0.001036,0.018356,0.008573,0.013211,0.008862,0.013707,0.007227,0.008812,1,0.001952
momentum_20d,2021-12-07,0.030379,160,-0.003559,0.016661,0.006024,0.007452,0.005722,0.003338,-0.000129,0.012624,0.005879,0.006953,1,0.010512
momentum_20d,2021-12-08,0.14693,160,-0.008642,-0.016999,-0.00592,-0.010941,-0.019101,-0.015288,-0.006547,-0.007804,-0.000561,-0.004914,1,0.003727
momentum_20d,2021-12-09,-0.066307,160,-0.011803,-0.010508,-0.008343,-0.006795,-0.006898,-0.013502,-0.009701,-0.012731,-0.019773,-0.011883,1,-8e-05
momentum_20d,2021-12-10,-0.138495,160,0.012576,0.009315,0.005272,0.002147,0.011341,0.005598,0.008037,-0.005402,0.001645,0.009603,1,-0.002973
momentum_20d,2021-12-13,-0.083734,160,0.001139,0.000897,0.002511,0.003332,0.006364,0.002654,-0.012449,-0.005213,0.006813,-0.007896,1,-0.009035
momentum_20d,2021-12-14,0.041055,160,-0.015346,-0.014827,-0.012079,-0.014055,-0.013866,-0.00955,-0.013014,-0.017592,-0.009664,-0.012373,1,0.002974
momentum_20d,2021-12-15,0.189681,160,-0.009934,-0.005839,-0.004018,-0.001196,0.00057,0.001701,-0.002487,0.001211,-0.001345,0.000528,1,0.010462
momentum_20d,2021-12-16,0.11755,160,0.002981,0.004216,-0.000509,-0.003613,0.001633,0.007533,0.006447,-0.005876,0.010011,0.010873,1,0.007892
momentum_20d,2021-12-17,-0.034671,160,0.013857,0.009974,0.001095,0.011992,0.004967,0.006287,0.012713,0.01191,0.00388,0.008748,1,-0.005109
momentum_20d,2021-12-20,0.085161,160,-0.005669,-0.003126,0.001435,0.00133,-0.001852,0.001683,0.003358,0.003769,-0.003518,0.0035,1,0.009169
momentum_20d,2021-12-21,0.049253,160,-0.000273,-0.001568,-0.000124,-0.004063,0.001702,0.000696,-0.006617,0.003073,-0.005818,0.005731,1,0.006004
momentum_20d,2021-12-22,-0.06619,160,0.012356,0.000938,-0.004531,0.000564,-0.005335,0.005446,0.001285,0.000168,-0.000894,0.000647,1,-0.011709
momentum_20d,2021-12-23,-0.030953,160,0.000254,0.009831,0.003279,0.009798,0.004778,0.004051,0.003114,0.004157,-0.00676,0.007717,1,0.007463
momentum_20d,2021-12-24,-0.016284,160,-0.015323,-0.005315,-0.014207,-0.01158,-0.012882,-0.019009,-0.010701,-0.012104,-0.01114,-0.013069,1,0.002254
momentum_20d,2021-12-27,0.13432,160,0.006451,0.008293,0.001582,0.002881,0.002778,0.008185,0.005661,0.013799,0.005654,0.011952,1,0.005501
momentum_20d,2021-12-28,-0.075557,160,0.022116,0.019358,0.012914,0.020373,0.025164,0.018465,0.017963,0.019734,0.011852,0.015197,1,-0.006919
momentum_20d,2021-12-29,-0.008584,160,0.004253,0.012589,0.006177,0.010931,0.014494,0.006926,0.01033,0.008799,0.003056,0.012696,1,0.008442
momentum_20d,2021-12-30,-0.110336,160,-0.01577,-0.008909,-0.012815,-0.009196,-0.002393,-0.006929,-0.014021,-0.014365,-0.020857,-0.015497,1,0.000273
momentum_20d,2021-12-31,-0.137748,160,-0.001249,0.004903,-0.001489,-0.008892,-0.003517,0.003752,0.00505,-0.00205,-0.011055,-0.008867,1,-0.007618
momentum_20d,2022-01-03,-0.047217,160,-0.019802,-0.015248,-0.018563,-0.017947,-0.010928,-0.010626,-0.019285,-0.018502,-0.015625,-0.023748,1,-0.003946
momentum_20d,2022-01-04,-0.032702,160,-0.015501,-0.004869,-0.020148,-0.013587,-0.024782,-0.015876,-0.022178,-0.020787,-0.014938,-0.012587,1,0.002914
momentum_20d,2022-01-05,-0.000472,160,0.007565,4.4e-05,0.01008,0.010203,0.011299,0.007824,0.012306,0.001925,0.000921,0.008077,1,0.000511
momentum_20d,2022-01-06,-0.014136,160,0.001361,0.002949,0.000278,-0.006847,0.000528,0.003504,-0.000281,0.001518,-0.000558,0.00068,1,-0.000681
momentum_20d,2022-01-07,0.060955,160,-0.004202,-0.012009,-0.010067,-0.004461,-0.001205,-0.010925,-0.004028,-0.002994,0.000495,-0.011546,1,-0.007345
momentum_20d,2022-01-10,-0.002827,160,-0.017519,-0.018351,-0.020059,-0.016915,-0.021425,-0.023016,-0.023953,-0.02186,-0.019189,-0.016369,1,0.00115
momentum_20d,2022-01-11,-0.139611,160,2.4e-05,-0.009728,-0.012051,-0.010178,-0.004821,-0.008441,-0.013068,-0.014665,-0.00779,-0.011986,1,-0.01201
momentum_20d,2022-01-12,0.03003,160,0.003092,0.003833,-0.004677,0.000664,0.009023,0.005111,0.006481,0.008519,0.00175,0.000552,1,-0.002541
momentum_20d,2022-01-13,0.051295,160,0.001604,-0.000211,-0.003778,0.00474,0.002978,-0.003652,-6e-06,0.004805,0.003264,-0.001914,1,-0.003518
momentum_20d,2022-01-14,-0.16452,160,0.011967,0.012665,0.013628,0.007993,0.005482,0.006136,0.009584,0.004078,0.004211,0.008282,1,-0.003685
momentum_20d,2022-01-17,-0.272026,160,0.022571,0.014896,0.02747,0.014628,0.010334,0.010415,0.012318,0.009144,0.0078,0.006688,1,-0.015883
momentum_20d,2022-01-18,0.017854,160,-0.002501,-0.005807,-0.00341,-0.004507,0.003812,-0.012531,-0.001142,-0.012184,-0.002071,0.00073,1,0.003231
momentum_20d,2022-01-19,0.135166,160,0.00276,-0.007515,0.005343,0.001502,0.004267,0.006711,-0.001083,0.009119,0.006053,0.008814,1,0.006053
momentum_20d,2022-01-20,-0.083593,160,-0.003987,0.001905,-0.000204,0.001829,-0.005634,-0.003147,-0.002736,0.006684,-0.009109,-0.006379,1,-0.002391
momentum_20d,2022-01-21,-0.084947,160,-0.000507,-0.000547,-0.003312,-0.001857,-0.001484,-0.001746,-0.010746,-0.000385,-0.005568,-0.004556,1,-0.004049
momentum_20d,2022-01-24,-0.074344,160,0.003595,-0.004762,-0.001645,0.001201,-0.006372,0.000337,-0.005527,0.000595,-0.002922,-0.005479,1,-0.009075
momentum_20d,2022-01-25,-0.218496,160,0.012499,0.014188,0.020485,0.007309,0.01158,0.012775,0.022601,-0.000789,0.002915,0.004964,1,-0.007535
momentum_20d,2022-01-26,-0.050205,160,-0.01009,-0.001296,-0.008652,-0.003131,-0.007853,-0.008424,-0.011998,-0.005916,-0.014103,-0.006881,1,0.003209
momentum_20d,2022-01-27,0.11191,160,0.002229,0.006887,0.007531,0.009208,0.012735,0.015127,0.002738,0.003424,0.013723,0.014729,1,0.0125
momentum_20d,2022-01-28,0.08098,160,0.011321,0.009648,0.009871,0.017161,0.007618,0.010644,0.017625,0.010714,0.011045,0.016311,1,0.004989
momentum_20d,2022-01-31,0.100604,160,-0.004499,-0.003341,-0.002281,0.000615,-0.010796,-0.004782,0.008145,-0.005742,-0.002091,0.004488,1,0.008987
momentum_20d,2022-02-01,0.062153,160,0.005773,0.004341,-0.013359,0.001062,0.000544,-0.000893,0.004107,0.000839,0.010907,0.000677,1,-0.005096
momentum_20d,2022-02-02,0.088852,160,-0.01719,-0.013145,-0.012749,-0.005349,-0.010196,-0.005611,-0.012041,-0.015744,-0.014158,-0.007144,1,0.010046
momentum_20d,2022-02-03,-0.15576,160,0.028191,0.020511,0.02996,0.021442,0.019793,0.01572,0.014624,0.015702,0.024794,0.019186,1,-0.009006
momentum_20d,2022-02-04,0.018762,160,0.01021,0.013894,0.013066,0.010715,0.011512,0.012166,0.015434,0.004098,0.010832,0.017306,1,0.007096
momentum_20d,2022-02-07,-0.095538,160,0.001344,0.00204,0.001275,0.003155,0.00446,0.001827,-0.006813,0.002302,-0.002654,-0.004358,1,-0.005702
momentum_20d,2022-02-08,0.063662,160,-0.002521,0.004061,-0.005115,-0.003633,0.006362,0.001206,-0.000363,0.005229,0.004208,-0.000539,1,0.001982
momentum_20d,2022-02-09,0.056533,160,0.004603,0.00262,0.005388,0.000913,0.001768,0.007126,0.001024,0.012954,0.007982,0.000658,1,-0.003945
momentum_20d,2022-02-10,0.08921,160,-0.013414,-0.01125,-0.008194,-0.003368,-0.006805,-0.003909,-0.006615,-0.007113,-0.004093,-0.007528,1,0.005885
momentum_20d,2022-02-11,9.1e-05,160,0.007438,0.006116,0.004908,0.006239,0.001907,-0.001997,0.005747,-0.000104,0.00618,0.007907,1,0.000469
momentum_20d,2022-02-14,-0.014444,160,-0.015869,-0.001948,-0.002098,0.003514,0.00447,-0.006688,-0.006697,-0.012594,-0.006963,-0.003653,1,0.012215
momentum_20d,2022-02-15,0.012279,160,0.00027,0.005299,0.001759,0.009202,0.008983,-0.007904,-0.000684,0.006287,0.004233,0.006945,1,0.006676
momentum_20d,2022-02-16,-0.098022,160,-0.004562,-0.002049,-0.001451,-0.007509,-0.011259,-0.008085,-0.008027,-0.012255,-0.003529,-0.00938,1,-0.004818
momentum_20d,2022-02-17,-0.069096,160,0.021108,0.00739,0.010827,0.007963,0.006671,0.007273,0.008925,0.010902,0.007368,0.011065,1,-0.010043
momentum_20d,2022-02-18,0.003612,160,0.002581,-0.002907,-0.005828,-0.004311,0.001629,-0.006138,-0.002019,-0.000991,-0.001214,-0.002691,1,-0.005271
momentum_20d,2022-02-21,0.043733,160,0.000533,0.003389,-0.003684,-0.000771,-0.003566,0.008413,0.001846,0.008616,0.003938,-0.002037,1,-0.00257
momentum_20d,2022-02-22,-0.167195,160,0.034257,0.038384,0.022385,0.023728,0.029388,0.027952,0.023955,0.028245,0.02079,0.022019,1,-0.012238
momentum_20d,2022-02-23,0.1371,160,0.000729,0.006224,-0.002919,0.008494,0.007481,0.009911,0.009419,0.011985,-0.000877,0.011071,1,0.010342
momentum_20d,2022-02-24,-0.010585,160,0.005368,0.00295,0.000794,0.010452,0.004698,0.003488,0.005472,-0.000879,0.002063,0.005095,1,-0.000273
momentum_20d,2022-02-25,-0.152153,160,0.002292,0.010563,-0.012085,0.003168,0.010494,0.001047,-0.002089,-0.007971,-0.00085,-0.001007,1,-0.003299
momentum_20d,2022-02-28,-0.059027,160,-0.011619,-0.010216,-0.006569,-0.007802,-0.005413,-0.010132,-0.011352,-0.013736,-0.008726,-0.012665,1,-0.001046
momentum_20d,2022-03-01,0.121982,160,0.009216,0.007291,0.002012,0.011055,0.007586,0.010886,0.014158,0.01429,0.011264,0.015206,1,0.00599
momentum_20d,2022-03-02,0.099338,160,0.006147,0.012285,0.024241,0.018085,0.010733,0.013032,0.01856,0.009705,0.016964,0.023641,1,0.017495
momentum_20d,2022-03-03,0.063219,160,-0.007617,0.004938,-0.008336,0.006794,0.005093,0.001282,0.001274,0.00513,-0.004394,0.003146,1,0.010762
momentum_20d,2022-03-04,-0.02026,160,0.017383,0.013189,0.01731,0.013321,0.01853,0.017459,0.015311,0.018878,0.012627,0.014456,1,-0.002927
momentum_20d,2022-03-07,-0.11464,160,0.002704,0.003403,0.006552,0.003878,0.00043,0.002031,-0.001642,0.000512,0.001932,-0.000431,1,-0.003136
momentum_20d,2022-03-08,0.034786,160,-0.016881,-0.018302,-0.014652,-0.020177,-0.004578,-0.016329,-0.018975,-0.01551,-0.017709,-0.015532,1,0.001348
momentum_20d,2022-03-09,0.002997,160,-0.009571,0.002444,0.00733,-0.011085,-0.006698,-0.004215,-0.007448,-0.007319,-0.001405,0.000755,1,0.010326
momentum_20d,2022-03-10,0.195069,160,-0.013734,-0.019639,-0.013745,-0.018044,-0.002415,-0.00326,-0.008692,-0.00529,-0.007633,-0.007436,1,0.006298
momentum_20d,2022-03-11,-0.053422,160,-0.003361,0.006927,-0.004272,-0.004507,-0.004241,0.000733,-0.001109,-0.000904,-0.008533,-0.001047,1,0.002314
momentum_20d,2022-03-14,-0.080863,160,0.005865,0.01026,0.004637,0.019599,0.010732,0.006702,1.6e-05,8.2e-05,0.004821,0.014285,1,0.008421
momentum_20d,2022-03-15,-0.130192,160,-0.005514,-0.013067,-0.006928,-0.010797,-0.009319,-0.015256,-0.016264,-0.010495,-0.017622,-0.015229,1,-0.009714
momentum_20d,2022-03-16,-0.278126,160,0.006699,0.007695,0.006379,-0.001614,-0.002285,0.002886,0.004567,-0.004665,-0.006511,-0.008827,1,-0.015526
momentum_20d,2022-03-17,-0.003568,160,0.00197,0.006249,0.007533,0.001845,0.000617,-0.001177,-0.001169,0.005852,0.008608,-0.00077,1,-0.00274
momentum_20d,2022-03-18,-0.046165,160,-0.009315,0.001098,-0.002014,-0.007019,-0.004803,-0.002967,-0.008073,-0.011242,-0.006993,-0.006924,1,0.00239
momentum_20d,2022-03-21,-0.080042,160,-0.006658,-0.00074,-0.009286,-0.008178,-0.009464,-0.002294,-0.009321,-0.011407,-0.008442,-0.011903,1,-0.005245
momentum_20d,2022-03-22,-0.175949,160,0.010399,0.013009,0.000439,0.003413,-0.006644,-0.002943,0.003576,0.00405,0.005661,-0.004595,1,-0.014994
momentum_20d,2022-03-23,-0.108315,160,0.010043,0.010591,0.005678,0.006543,0.009163,0.004279,0.003783,0.010831,0.000176,0.005342,1,-0.004701
momentum_20d,2022-03-24,-0.084903,160,-0.000357,-0.003378,-0.013273,-0.004604,-0.004406,-0.006068,-0.012817,-0.001861,-0.009814,-0.008959,1,-0.008601
momentum_20d,2022-03-25,-0.093944,160,-0.000369,0.001384,-0.003369,-0.007718,-0.002407,-0.003193,0.00026,-0.009515,-0.006698,-0.003086,1,-0.002717
momentum_20d,2022-03-28,0.013196,160,0.003181,0.006218,0.000324,0.002457,0.002578,-0.008137,-0.00234,0.003986,0.008035,0.007189,1,0.004008
momentum_20d,2022-03-29,-0.110465,160,0.011534,0.006357,-0.00146,0.003229,0.003634,0.006397,0.004168,-0.00045,0.002257,-0.000577,1,-0.012111
momentum_20d,2022-03-30,-0.039675,160,-0.004451,-0.008893,-0.00326,-0.013879,-0.006911,-0.006495,-0.007904,-0.009665,-0.014691,-0.00303,1,0.001421
momentum_20d,2022-03-31,0.004834,160,0.00213,-0.00735,-0.006846,-0.006045,-0.003137,-0.001281,-0.004151,-0.009575,-0.000982,-0.002478,1,-0.004608
momentum_20d,2022-04-01,0.027666,160,-0.002585,-0.005924,-0.001013,-0.001381,0.010453,-0.00608,0.000222,-0.007771,-0.005624,0.003715,1,0.0063
momentum_20d,2022-04-04,-0.068469,160,-0.006915,-0.011712,-0.005212,-0.003439,-0.010685,-0.01428,-0.009825,-0.008908,-0.010076,-0.011619,1,-0.004704
momentum_20d,2022-04-05,0.036573,160,-0.003787,0.008851,0.002206,0.003353,-0.007683,0.001406,-0.000396,0.00442,0.00681,0.001316,1,0.005103
momentum_20d,2022-04-06,-0.009419,160,-0.006152,-0.003977,0.003503,-0.001823,-0.004044,-0.000828,-0.009002,-0.012297,-0.002926,0.002566,1,0.008718
momentum_20d,2022-04-07,0.036992,160,0.01491,0.008132,0.018333,0.012978,0.01305,0.008759,0.014898,0.019037,0.008666,0.021093,1,0.006183
momentum_20d,2022-04-08,0.031938,160,-0.002278,-0.003644,-0.00085,-0.002017,0.002412,-0.009038,0.00308,-0.004364,0.003573,-0.008242,1,-0.005965
momentum_20d,2022-04-11,0.063553,160,0.008361,0.003433,0.009701,0.003001,0.00456,0.007604,0.006462,0.009586,0.010237,0.008518,1,0.000157
momentum_20d,2022-04-12,0.082219,160,-0.005869,0.000374,0.003154,0.004094,0.013949,0.002644,0.000579,0.007769,-0.000134,0.004129,1,0.009998
momentum_20d,2022-04-13,-0.028252,160,-0.004292,-0.007588,-0.012465,-0.007328,-0.00873,-0.011609,-0.011956,-0.003385,-0.004642,-0.012873,1,-0.008582
momentum_20d,2022-04-14,0.103958,160,-0.010977,-0.02052,-0.013801,-0.013651,-0.014487,-0.006481,-0.013164,-0.011142,-0.010099,-0.009757,1,0.00122
momentum_20d,2022-04-15,-0.064529,160,0.002547,-0.006755,0.001346,-0.00962,-0.013643,-0.007667,-0.001612,-0.007386,-0.010162,-0.001161,1,-0.003709
momentum_20d,2022-04-18,-0.027212,160,0.004307,0.014458,0.014192,0.000136,0.005356,0.004803,0.006839,0.009044,0.000244,0.009932,1,0.005625
momentum_20d,2022-04-19,0.114295,160,-0.011001,-0.008023,-0.006647,0.000278,-0.000271,0.002315,-0.003195,0.001677,-0.000589,-0.00241,1,0.008591
momentum_20d,2022-04-20,-0.092107,160,-0.003589,0.001904,-0.015843,-0.000528,-0.009754,-0.004333,-0.002372,-0.008777,-0.012681,-0.005443,1,-0.001854
momentum_20d,2022-04-21,0.015824,160,-0.0218,-0.037832,-0.021479,-0.020126,-0.03213,-0.018593,-0.02417,-0.027597,-0.027962,-0.024898,1,-0.003098
momentum_20d,2022-04-22,-0.050902,160,-0.00544,0.000654,-0.001822,-0.000457,-0.012357,-0.002923,-0.006023,-0.004784,-0.006152,-0.000893,1,0.004547
momentum_20d,2022-04-25,-0.053501,160,-0.002916,0.011609,0.00368,0.00142,0.001807,-0.004321,0.004892,0.006339,0.006736,-0.005749,1,-0.002833
momentum_20d,2022-04-26,-0.013222,160,0.008905,0.008726,-0.00104,-0.001088,0.007663,8e-05,0.009022,0.011897,0.002446,0.001365,1,-0.00754
momentum_20d,2022-04-27,-0.087753,160,0.007127,0.007637,0.006543,0.013114,0.003014,0.009194,-0.003267,0.002788,0.011184,0.003578,1,-0.003549
momentum_20d,2022-04-28,0.033051,160,-0.008121,-0.005134,-0.004064,0.000989,-0.001325,-0.004553,-0.014086,-7e-05,-0.00287,-0.003637,1,0.004483
momentum_20d,2022-04-29,0.033496,160,-0.009134,-0.001909,-0.002033,0.003097,0.004826,0.001362,-0.003007,-0.003989,-0.005539,-0.000343,1,0.008791
momentum_20d,2022-05-02,0.05932,160,-0.000329,0.013941,-0.001612,0.011803,0.00815,0.005556,0.012567,0.003144,0.010739,0.003973,1,0.004302
momentum_20d,2022-05-03,0.034727,160,-0.002083,-0.00429,-0.004817,0.004249,0.001135,-0.006258,-0.010366,-0.003093,-0.000571,0.002041,1,0.004124
momentum_20d,2022-05-04,0.10518,160,-0.023445,-0.021886,-0.027434,-0.025789,-0.021869,-0.015873,-0.023127,-0.022426,-0.022547,-0.014613,1,0.008832
momentum_20d,2022-05-05,0.025287,160,0.010193,0.014647,0.006711,0.012502,0.007083,0.009561,0.015428,0.010416,0.006069,0.018686,1,0.008493
momentum_20d,2022-05-06,-0.044882,160,-0.004354,-0.011441,-0.007487,-0.004726,-0.013214,-0.012788,-0.009731,-0.005433,-0.009351,-0.006005,1,-0.001651
momentum_20d,2022-05-09,-0.21145,160,0.011629,0.020188,0.018972,0.014519,0.017763,0.010775,0.011842,0.008209,0.001825,0.010089,1,-0.00154
momentum_20d,2022-05-10,-0.011628,160,0.011635,0.014074,0.018857,0.010594,0.015013,0.008713,0.021652,0.015097,0.011778,0.011196,1,-0.000439
momentum_20d,2022-05-11,-0.191366,160,0.011016,0.012591,0.01455,0.012066,0.012882,0.009591,0.006966,0.012532,0.003908,0.00039,1,-0.010625
momentum_20d,2022-05-12,-0.005584,160,0.015375,0.010989,0.004083,0.003783,0.002907,0.005639,0.007789,0.013793,0.01016,0.00724,1,-0.008136
momentum_20d,2022-05-13,0.149666,160,0.016498,0.013654,0.012671,0.016261,0.023975,0.021008,0.017028,0.025724,0.025274,0.017466,1,0.000968
momentum_20d,2022-05-16,-0.079568,160,-0.009571,-0.009742,-0.008262,-0.011363,-0.012016,-0.006378,-0.012963,-0.012869,-0.010456,-0.016136,1,-0.006565
momentum_20d,2022-05-17,0.120544,160,-0.001382,-0.003032,1.6e-05,0.002605,0.00676,0.006783,0.003941,0.007013,0.004403,0.000562,1,0.001944
momentum_20d,2022-05-18,0.081548,160,-0.00281,0.001109,0.001963,0.009383,0.001428,-0.001294,0.003022,0.007554,0.000643,0.00655,1,0.00936
momentum_20d,2022-05-19,-0.008778,160,-0.00505,-0.015363,-0.004779,-0.00666,-0.006448,-0.006721,-0.008907,-0.009306,-0.006217,-0.009781,1,-0.004732
momentum_20d,2022-05-20,0.06452,160,0.013316,0.017983,0.019383,0.018748,0.019868,0.021168,0.022345,0.010087,0.029496,0.014754,1,0.001439
momentum_20d,2022-05-23,-0.08352,160,-0.008479,-0.006648,0.004598,-0.002363,-0.013606,-0.006686,-0.004545,-0.004048,-0.011024,-0.008261,1,0.000219
momentum_20d,2022-05-24,-0.028454,160,-0.011414,-0.007698,-0.007673,-0.008909,2.5e-05,-0.005751,-0.008124,-0.006705,-0.013605,-0.009282,1,0.002131
momentum_20d,2022-05-25,0.087917,160,0.006627,0.000332,-0.000922,0.008457,0.003172,0.008318,0.012779,-0.000565,0.007339,0.008755,1,0.002128
momentum_20d,2022-05-26,0.047313,160,0.006785,0.009913,0.008299,0.007033,0.015127,0.009889,0.005414,0.018155,0.00941,0.010152,1,0.003368
momentum_20d,2022-05-27,-0.04584,160,-0.002416,-0.003131,-0.011768,-0.003848,-0.009666,-0.009544,-0.002567,-0.003876,-0.00399,-0.013494,1,-0.011079
momentum_20d,2022-05-30,0.079028,160,-0.005239,-0.008389,-0.011934,-0.004497,-0.002391,-0.007119,-0.000232,-0.009387,-0.003603,-0.003785,1,0.001454
momentum_20d,2022-05-31,0.018587,160,-0.00135,0.008709,0.005072,0.004384,0.001283,0.004435,0.001559,0.004576,0.00526,0.00562,1,0.00697
momentum_20d,2022-06-01,0.008426,160,-0.010056,-0.011754,-0.017314,-0.006811,-0.014234,-0.010443,-0.011696,-0.016327,-0.010767,-0.010754,1,-0.000698
momentum_20d,2022-06-02,-0.075393,160,-0.0034,-0.005421,-0.010938,-0.011973,-0.011017,-0.008833,-0.009488,-0.013377,-0.009805,-0.009431,1,-0.006031
momentum_20d,2022-06-03,0.030728,160,-0.016333,-0.00278,-0.013953,-0.009536,0.001132,-0.009146,-0.008049,-0.005079,-0.006124,-0.015115,1,0.001218
momentum_20d,2022-06-06,-0.094644,160,0.00409,-0.00053,-0.004455,-0.001562,-0.003634,-0.004237,-0.00193,0.001609,-0.004721,-0.009441,1,-0.013531
momentum_20d,2022-06-07,0.053378,160,-0.004168,8.4e-05,-0.004786,-0.001987,0.00648,-0.002397,-0.000547,-0.00346,3.8e-05,-0.000548,1,0.00362
momentum_20d,2022-06-08,-0.006952,160,0.019338,0.015662,0.008306,0.013772,0.015471,0.017991,0.012294,0.020688,0.013835,0.014105,1,-0.005232
momentum_20d,2022-06-09,-0.092696,160,0.010089,0.013398,0.004692,0.010185,0.005,0.002357,0.015012,0.008102,0.004232,0.003586,1,-0.006503
momentum_20d,2022-06-10,-0.023702,160,0.004688,0.000637,0.007179,-0.001321,-0.004228,-0.000627,-0.000495,0.008091,0.001077,0.001812,1,-0.002876
momentum_20d,2022-06-13,-0.05288,160,0.004317,0.003122,0.003636,-0.000453,-0.008473,0.003268,-0.000686,0.000471,0.001444,0.002379,1,-0.001937
momentum_20d,2022-06-14,-0.052505,160,0.016379,-0.000689,0.012914,0.007808,0.017149,0.007906,0.0009,0.008877,0.005733,0.011439,1,-0.00494
momentum_20d,2022-06-15,-0.124033,160,0.008463,0.00654,0.004543,0.002617,0.008492,0.002056,-0.000111,-0.001084,0.004898,0.001374,1,-0.007089
momentum_20d,2022-06-16,0.0947,160,0.006202,0.005768,0.008431,0.012662,0.000694,0.007051,0.01369,0.004721,0.012955,0.00937,1,0.003168
momentum_20d,2022-06-17,0.037361,160,0.015391,0.008932,0.011138,0.014131,0.008104,0.017411,0.015797,0.015028,0.017733,0.007933,1,-0.007458
momentum_20d,2022-06-20,0.145576,160,-0.011123,-0.010783,-0.013147,-0.01544,-0.005547,-0.005153,-0.008502,-0.011917,-0.0012,-0.007491,1,0.003632
momentum_20d,2022-06-21,-0.006422,160,-0.024685,-0.015226,-0.020434,-0.0202,-0.017103,-0.020449,-0.025779,-0.020457,-0.017419,-0.01975,1,0.004934
momentum_20d,2022-06-22,0.06723,160,-0.002304,-0.002896,-0.010295,-0.003247,0.006671,-0.008518,0.001715,-0.003321,-0.00268,0.001151,1,0.003455
momentum_20d,2022-06-23,0.005496,160,0.000553,-0.005083,-0.005833,0.005831,0.000953,-0.003892,-0.001943,0.002382,-0.001836,-0.000413,1,-0.000966
momentum_20d,2022-06-24,-0.032398,160,0.005083,0.0087,0.000385,0.005392,0.000232,0.004571,0.008981,-0.002032,0.007672,0.004862,1,-0.000221
momentum_20d,2022-06-27,-0.121332,160,-0.001604,-0.003099,0.003181,-0.005568,-0.00981,0.000288,0.004016,-0.012454,-0.002648,-0.010051,1,-0.008447
momentum_20d,2022-06-28,0.035884,160,-0.003965,-0.003638,-0.004946,-0.003105,-0.006047,-0.003253,-0.000868,-0.00349,-0.000356,-0.005062,1,-0.001096
momentum_20d,2022-06-29,0.117075,160,0.004956,0.002337,-0.007436,-0.003194,0.009177,0.012667,0.007358,0.007554,0.001463,0.006158,1,0.001202
momentum_20d,2022-06-30,0.01249,160,0.010193,0.002791,0.00513,0.005439,0.001988,0.018886,0.00801,0.005242,0.004649,0.006244,1,-0.003949
momentum_20d,2022-07-01,-0.030013,160,0.019162,0.017545,0.007028,0.009327,0.01419,0.0141,0.010024,0.010013,0.013044,0.013002,1,-0.00616
momentum_20d,2022-07-04,-0.049751,160,-0.012065,-0.020822,-0.020407,-0.017756,-0.016688,-0.015424,-0.011839,-0.021183,-0.020185,-0.022113,1,-0.010048
momentum_20d,2022-07-05,-0.172111,160,-0.011216,-0.008246,-0.017924,-0.020468,-0.009058,-0.017652,-0.013948,-0.010718,-0.02246,-0.022475,1,-0.011259
momentum_20d,2022-07-06,-0.03383,160,0.015051,0.012458,0.00882,0.013084,0.014762,0.015844,0.012142,0.009031,0.01301,0.015043,1,-8e-06
momentum_20d,2022-07-07,-0.127575,160,0.01652,0.013045,0.008308,0.011047,0.002125,0.011751,0.001525,0.003675,0.011264,0.005587,1,-0.010933
momentum_20d,2022-07-08,-0.048084,160,0.012471,0.012344,0.002459,0.014042,0.002216,0.011725,0.013712,0.016279,0.007527,0.006531,1,-0.00594
momentum_20d,2022-07-11,0.09153,160,-0.012339,-0.007682,0.000402,-0.002197,0.002074,0.003582,-0.002514,0.003998,8.2e-05,-0.007645,1,0.004694
momentum_20d,2022-07-12,-0.098283,160,0.001124,-0.008707,-0.007793,0.001085,-0.012199,-0.000396,-0.005955,-0.012564,-0.002766,-0.010945,1,-0.012069
momentum_20d,2022-07-13,0.059258,160,0.001045,0.007315,-0.008534,-0.003738,-0.008803,0.005367,0.000112,0.005117,-0.002929,0.00263,1,0.001585
momentum_20d,2022-07-14,-0.001477,160,0.004497,-0.010738,-0.017979,-0.004985,-0.010126,-0.00395,-0.01136,-0.010271,-0.008244,-0.003171,1,-0.007668
momentum_20d,2022-07-15,-0.037085,160,-0.018888,-0.014755,-0.008717,-0.014904,-0.019958,-0.013333,-0.013093,-0.018148,-0.009859,-0.019578,1,-0.00069
momentum_20d,2022-07-18,0.010878,160,-0.013901,-0.008246,-0.008331,-0.013359,-0.011212,-0.005407,-0.011992,-0.010763,-0.007913,-0.010397,1,0.003503
momentum_20d,2022-07-19,-0.126793,160,0.006301,0.002234,-0.002536,-0.003924,-0.000498,0.004372,0.005279,0.004715,-0.003345,-0.009257,1,-0.015558
momentum_20d,2022-07-20,-0.054884,160,0.002175,0.007007,0.007409,0.001236,0.008461,0.008541,0.003705,0.004357,0.002992,0.003121,1,0.000946
momentum_20d,2022-07-21,0.0136,160,0.019087,0.019137,0.008104,0.007564,0.013629,0.014083,0.017295,0.017306,0.019142,0.009344,1,-0.009743
momentum_20d,2022-07-22,-0.02836,160,0.015809,0.014991,0.001794,-0.001231,-0.001301,0.001628,0.00804,0.008874,0.008538,0.009513,1,-0.006296
momentum_20d,2022-07-25,-0.03248,160,-0.001148,0.010528,0.008259,0.003875,0.005104,0.004599,0.000512,0.004405,-0.002762,0.007164,1,0.008312
momentum_20d,2022-07-26,0.072082,160,0.011074,0.016503,0.015866,0.014853,0.006537,0.011664,0.022677,0.00944,0.015622,0.019846,1,0.008771
momentum_20d,2022-07-27,0.131284,160,-0.01318,-0.01391,-0.007304,-0.00624,-0.008525,-0.007074,-0.006011,-0.003857,-0.000744,-0.010447,1,0.002734
momentum_20d,2022-07-28,0.017418,160,-0.012245,-0.010567,-0.003339,-0.002983,-0.014822,-0.002944,-0.003308,-0.003057,-0.007193,-0.014961,1,-0.002715
momentum_20d,2022-07-29,-0.035187,160,-0.016871,-0.002584,0.002962,-0.004103,-0.008408,0.002204,-0.013634,-0.010659,-0.007878,-0.003615,1,0.013256
momentum_20d,2022-08-01,-0.07805,160,-0.003426,0.008023,0.00032,-0.005266,-0.004884,0.000413,0.004382,-0.007437,-0.007526,-0.002317,1,0.001108
momentum_20d,2022-08-02,-0.08417,160,0.017259,0.01969,0.025137,0.012963,0.024672,0.030447,0.016101,0.022445,0.017235,0.010395,1,-0.006864
momentum_20d,2022-08-03,0.063618,160,-0.006197,-0.002903,-0.003067,-0.00318,-0.002276,-0.005718,-0.004234,0.005704,-0.004277,-0.004315,1,0.001881
momentum_20d,2022-08-04,0.079263,160,0.006657,0.010961,0.01874,0.013937,0.01092,0.001953,0.007095,0.014715,0.016135,0.014505,1,0.007849
momentum_20d,2022-08-05,0.061045,160,-0.003492,-0.002213,-0.004723,0.002889,-0.004446,-0.00423,-0.002433,-0.010216,0.006761,0.000643,1,0.004135
momentum_20d,2022-08-08,0.024423,160,0.003307,0.00993,-0.001343,0.005933,0.003087,0.000936,0.010034,0.003478,0.005585,0.003885,1,0.000577
momentum_20d,2022-08-09,0.04218,160,0.005521,0.008731,0.004073,0.006574,0.006354,0.010448,0.005545,0.006408,0.011806,0.002441,1,-0.003081
momentum_20d,2022-08-10,0.150319,160,-0.00022,0.006027,0.000701,0.007618,0.007765,0.018877,0.009733,0.006079,0.011557,0.002963,1,0.003183
momentum_20d,2022-08-11,-0.035383,160,0.008865,0.006279,0.009097,0.013659,0.01175,0.005187,0.002306,0.015768,0.010491,0.001446,1,-0.007419
momentum_20d,2021-02-01,-0.129357,160,0.036119,0.044002,0.030509,0.035852,0.028296,0.036186,0.010747,0.033695,0.028736,0.014488,5,-0.021631
momentum_20d,2021-02-02,-0.080414,160,0.025492,0.018506,0.023839,0.013709,0.001092,0.026304,0.016922,0.02043,0.007403,0.014897,5,-0.010595
momentum_20d,2021-02-03,0.011693,160,0.040171,0.020033,0.018401,0.022923,0.032585,0.03542,0.049282,0.0194,0.027745,0.030389,5,-0.009782
momentum_20d,2021-02-04,-0.065742,160,0.039212,0.010472,0.006867,0.037381,0.014762,0.023625,0.025398,0.000704,0.018507,0.026957,5,-0.012255
momentum_20d,2021-02-05,-0.041313,160,0.035098,-0.005108,0.032392,0.017112,0.025826,0.014788,0.023782,0.005867,0.007494,0.025133,5,-0.009965
momentum_20d,2021-02-08,-0.034364,160,0.006469,-0.017567,-0.012843,-0.007723,-0.001697,-0.011157,-0.009326,-0.018443,-0.000625,-0.008655,5,-0.015123
momentum_20d,2021-02-09,-0.182058,160,0.027568,0.024211,-0.008785,0.012591,0.013873,0.00935,-9.2e-05,0.0203,-0.011756,-0.00396,5,-0.031528
momentum_20d,2021-02-10,-0.123046,160,0.00756,-0.001049,0.015071,0.008727,-0.010771,0.005882,-0.005262,0.022627,-0.004176,-0.028054,5,-0.035614
momentum_20d,2021-02-11,-0.070336,160,0.026887,0.033722,0.00938,0.021434,0.022287,0.016665,0.031428,0.022407,0.023103,-0.00404,5,-0.030927
momentum_20d,2021-02-12,-0.004055,160,-0.006681,0.031348,0.017043,0.004213,-0.006678,0.027483,0.01355,-0.00616,0.024726,-0.001473,5,0.005207
momentum_20d,2021-02-15,0.009191,160,0.028548,0.013409,0.036389,0.022441,0.039707,0.031671,0.034947,0.033151,0.028583,0.020645,5,-0.007903
momentum_20d,2021-02-16,0.003979,160,0.014414,0.007805,0.018176,-0.001662,0.006417,0.019216,0.023853,0.0246,0.017513,-0.004126,5,-0.01854
momentum_20d,2021-02-17,-0.049645,160,0.004726,-0.014205,0.032838,0.002981,4.2e-05,0.006002,-0.003835,0.002609,0.008975,-0.011757,5,-0.016484
momentum_20d,2021-02-18,-0.063448,160,-0.011971,0.010915,0.007101,0.011254,0.005189,-0.005475,-0.006168,-0.006064,-0.015463,-0.000347,5,0.011624
momentum_20d,2021-02-19,-0.007553,160,0.012861,0.006923,0.008267,0.020254,0.024637,0.025139,-0.00682,-0.001099,-0.002807,0.03011,5,0.017249
momentum_20d,2021-02-22,-0.000979,160,0.014846,0.003503,0.004529,-0.004774,0.008792,-0.002015,0.012029,0.007959,-0.010436,0.015052,5,0.000206
momentum_20d,2021-02-23,0.033391,160,0.006764,0.006037,0.015401,-0.000525,-0.001841,0.001505,0.00419,-0.012696,0.015887,0.022868,5,0.016104
momentum_20d,2021-02-24,0.121015,160,-0.007312,0.01481,-0.005607,-0.00476,-0.027442,-0.008537,0.008428,-0.010832,0.016514,0.018285,5,0.025597
momentum_20d,2021-02-25,0.20027,160,0.007891,0.0006,0.00822,-0.001752,-0.005617,0.000227,0.012217,0.019696,0.01055,0.039051,5,0.03116
momentum_20d,2021-02-26,0.124291,160,0.007189,0.000165,0.008178,0.013179,-0.014029,0.022627,-0.013975,0.024944,0.032853,0.012415,5,0.005226
momentum_20d,2021-03-01,0.166943,160,0.006251,-0.008946,0.010839,0.026069,0.006666,0.006167,0.025632,0.019248,0.024973,0.022606,5,0.016356
momentum_20d,2021-03-02,0.151427,160,0.027331,0.02285,0.025378,0.040399,0.042855,0.049982,0.057385,0.039495,0.043977,0.044773,5,0.017442
momentum_20d,2021-03-03,0.099643,160,0.03313,0.024949,0.036581,0.035695,0.057533,0.048216,0.039724,0.03979,0.040392,0.044544,5,0.011413
momentum_20d,2021-03-04,0.034077,160,0.048581,0.044559,0.047633,0.035665,0.04375,0.061779,0.062938,0.039185,0.048285,0.050306,5,0.001725
momentum_20d,2021-03-05,0.02372,160,0.0691,0.05899,0.076543,0.055006,0.076874,0.071217,0.057699,0.084428,0.06045,0.074088,5,0.004988
momentum_20d,2021-03-08,0.032002,160,0.068,0.073135,0.070465,0.09033,0.075514,0.074858,0.078018,0.073005,0.076928,0.083172,5,0.015172
momentum_20d,2021-03-09,-0.044638,160,0.057694,0.059706,0.078665,0.062392,0.055455,0.052333,0.057739,0.077388,0.054789,0.050588,5,-0.007106
momentum_20d,2021-03-10,0.027956,160,0.055684,0.066678,0.082696,0.058122,0.051419,0.071196,0.057229,0.072346,0.060232,0.070135,5,0.01445
momentum_20d,2021-03-11,-0.001732,160,0.043675,0.053276,0.053856,0.055812,0.052676,0.046018,0.053621,0.05302,0.046755,0.045852,5,0.002177
momentum_20d,2021-03-12,0.006132,160,0.024139,0.012444,0.01502,0.035638,0.029088,0.026575,0.011838,0.028053,0.024407,0.010939,5,-0.013199
momentum_20d,2021-03-15,-0.026852,160,0.015308,0.0033,0.008984,0.012634,-0.003076,0.009139,0.00366,0.010011,-0.0069,0.00996,5,-0.005348
momentum_20d,2021-03-16,-0.009545,160,0.006503,-0.010418,-0.000746,0.007324,0.004038,-0.007918,-0.008136,-0.008424,0.002473,-0.00298,5,-0.009483
momentum_20d,2021-03-17,-0.053141,160,0.009867,0.016934,0.007823,-0.008471,0.008738,0.013961,0.004325,0.009459,0.011421,-0.001973,5,-0.01184
momentum_20d,2021-03-18,-0.077303,160,0.017355,0.019993,-0.003332,0.023604,0.017569,0.015957,-0.00811,0.012752,0.005502,0.006511,5,-0.010844
momentum_20d,2021-03-19,-0.038914,160,0.019515,0.009084,0.020269,-0.000618,-0.003958,0.010593,0.026163,0.01987,0.013603,-0.004197,5,-0.023712
momentum_20d,2021-03-22,-0.026954,160,0.014614,-0.00234,0.011421,0.006504,-0.005221,-0.002989,0.028233,0.00829,0.013236,-0.003962,5,-0.018576
momentum_20d,2021-03-23,-0.018557,160,0.001983,0.004186,-0.000186,-0.00312,0.001027,-0.00459,0.00513,0.008564,0.002391,-0.005777,5,-0.00776
momentum_20d,2021-03-24,-0.021399,160,-0.003861,-0.022828,-0.011708,-0.028181,-0.004989,0.001262,-0.003654,-0.005973,-0.020465,-0.019855,5,-0.015994
momentum_20d,2021-03-25,0.013114,160,-0.04757,-0.040884,-0.031338,-0.030716,-0.040966,-0.020126,-0.036397,-0.023435,-0.037801,-0.051112,5,-0.003542
momentum_20d,2021-03-26,0.02292,160,-0.047081,-0.043342,-0.039257,-0.045905,-0.041603,-0.033923,-0.042848,-0.021762,-0.055259,-0.041906,5,0.005175
momentum_20d,2021-03-29,0.086792,160,-0.028137,-0.034472,-0.015136,-0.02394,-0.030598,-0.017394,-0.010908,-0.017382,-0.023323,-0.024403,5,0.003734
momentum_20d,2021-03-30,0.051934,160,-0.026423,-0.013895,-0.027192,-0.0255,-0.01012,-0.011059,-0.032729,0.00646,-0.020096,-0.027134,5,-0.00071
momentum_20d,2021-03-31,-0.017174,160,-0.008868,-0.009595,-0.0105,0.007883,0.000576,-0.013168,-0.013484,-0.000506,-0.026408,0.005085,5,0.013953
momentum_20d,2021-04-01,-0.064098,160,0.008659,-0.016401,-0.005431,-0.006902,-0.007835,-0.000393,-0.021921,-0.003209,-0.001774,-0.009997,5,-0.018656
momentum_20d,2021-04-02,-0.064576,160,0.010476,0.00033,0.019115,0.01772,-0.004161,-0.011235,-0.00018,0.006264,0.014037,-0.004937,5,-0.015413
momentum_20d,2021-04-05,-0.08064,160,-0.019196,-0.021176,-0.019329,-0.009055,-0.045694,-0.029846,-0.023316,-0.025716,-0.026452,-0.037106,5,-0.01791
momentum_20d,2021-04-06,-0.076392,160,-0.027601,-0.015886,-0.010872,-0.040993,-0.030601,-0.018555,-0.035095,-0.01003,-0.032956,-0.041304,5,-0.013703
momentum_20d,2021-04-07,0.043194,160,-0.008075,-0.020524,-0.006214,-0.011409,-0.027635,-0.009315,0.000805,-0.002481,-0.017075,-0.004649,5,0.003426
momentum_20d,2021-04-08,0.037452,160,-0.001092,-0.015252,-0.008538,0.004836,-0.014473,-0.009918,-0.006006,-0.003516,-0.001221,0.008211,5,0.009304
momentum_20d,2021-04-09,0.165531,160,-0.003619,-0.007509,-0.005994,-0.009757,-0.003097,-0.002852,0.005573,0.019553,0.017695,0.010263,5,0.013881
momentum_20d,2021-04-12,0.232002,160,0.010691,0.032901,0.007243,0.012113,0.009963,0.038531,0.029906,0.038158,0.030911,0.04468,5,0.03399
momentum_20d,2021-04-13,0.135175,160,0.036586,0.010496,0.021413,0.029401,0.027795,0.016866,0.026323,0.030719,0.045101,0.04803,5,0.011444
momentum_20d,2021-04-14,0.147873,160,0.016456,0.00644,-0.024584,0.004079,0.001718,-0.017106,0.008798,-0.003801,0.014565,0.030648,5,0.014192
momentum_20d,2021-04-15,0.099268,160,0.031447,0.005347,0.000773,0.019,0.008081,0.034282,0.00389,0.01119,0.043752,0.031466,5,1.9e-05
momentum_20d,2021-04-16,0.095851,160,0.005412,0.002002,-0.012389,0.004179,-0.006866,0.011261,0.009257,0.00989,0.027916,0.007197,5,0.001784
momentum_20d,2021-04-19,0.057641,160,0.02507,0.006651,-0.002809,0.007495,-0.005304,0.011845,0.026239,0.005462,0.02318,0.025537,5,0.000466
momentum_20d,2021-04-20,0.095995,160,0.015777,-0.008926,0.004442,-0.010728,0.005476,-0.003751,0.007862,0.019152,0.024756,0.00912,5,-0.006656
momentum_20d,2021-04-21,0.066243,160,0.016407,0.014311,0.01251,0.010784,0.000755,0.022881,0.000564,0.003799,0.040955,0.018083,5,0.001675
momentum_20d,2021-04-22,0.171575,160,-0.006804,0.019937,0.002985,-0.00673,-0.018668,0.022302,0.017067,3.4e-05,0.025353,0.023829,5,0.030633
momentum_20d,2021-04-23,0.207916,160,0.005604,0.012301,0.002614,0.005296,-0.003546,0.025555,-0.004742,0.01526,0.037085,0.032945,5,0.027341
momentum_20d,2021-04-26,0.190499,160,-0.026052,-0.015335,-0.016214,-0.009747,-0.030228,-0.031454,0.003,-0.010577,0.013627,0.001458,5,0.02751
momentum_20d,2021-04-27,0.207872,160,-0.014481,-0.023296,-0.023788,-0.015325,-0.02497,-0.005464,0.001242,-0.01391,0.016265,0.000125,5,0.014607
momentum_20d,2021-04-28,0.203276,160,-0.011977,-0.028401,-0.031197,-0.020103,-0.016965,-0.014672,-0.001626,-0.009849,-0.007975,0.004747,5,0.016724
momentum_20d,2021-04-29,0.144595,160,-0.022615,-0.036706,-0.027233,-0.034809,-0.016102,-0.02894,-0.028778,-0.021199,-0.010826,-0.013019,5,0.009596
momentum_20d,2021-04-30,-0.00341,160,-0.013501,-0.014067,-0.03112,-0.011968,-0.024623,-0.025189,-0.013934,-0.038325,-0.008952,-0.01892,5,-0.005418
momentum_20d,2021-05-03,-0.044972,160,0.005331,-0.007392,0.009247,-0.015013,0.003658,-0.014035,-0.01143,-0.0025,-0.001259,0.002504,5,-0.002828
momentum_20d,2021-05-04,-0.020189,160,-0.018757,-0.005415,0.006134,-0.018819,-0.026525,-0.023172,-0.015434,-0.011866,-0.005174,-0.010291,5,0.008466
momentum_20d,2021-05-05,0.081041,160,-0.032279,-0.026818,-0.01932,-0.01766,-0.043989,-0.043746,-0.04146,-0.026292,-0.012752,-0.006575,5,0.025704
momentum_20d,2021-05-06,0.034258,160,-0.024537,-0.037199,-0.023162,-0.031947,-0.037726,-0.041379,-0.047853,-0.03297,-0.029133,-0.012407,5,0.012131
momentum_20d,2021-05-07,0.023433,160,-0.040879,-0.035446,-0.022442,-0.039775,-0.027575,-0.051501,-0.061739,-0.04307,-0.032013,-0.016557,5,0.024322
momentum_20d,2021-05-10,0.038512,160,-0.017233,-0.022837,-0.032172,-0.023404,-0.03003,-0.026644,-0.029289,-0.032942,-0.023967,-0.008183,5,0.00905
momentum_20d,2021-05-11,0.041838,160,0.00227,-0.015546,-0.007786,-0.018577,-0.019606,-0.033448,-0.012172,-0.024384,-0.003714,0.017845,5,0.015575
momentum_20d,2021-05-12,-0.028281,160,0.028542,0.006022,0.012037,0.001949,0.003165,0.003775,-0.004804,-0.001112,0.001691,0.033568,5,0.005027
momentum_20d,2021-05-13,-0.030851,160,0.023426,0.016134,0.010336,0.00418,0.00166,0.001362,0.016005,-0.000201,0.008249,0.016889,5,-0.006537
momentum_20d,2021-05-14,-0.0213,160,0.01132,0.002093,-0.010161,-0.007048,0.010457,-0.003647,-0.005491,-0.002627,0.004978,0.003183,5,-0.008137
momentum_20d,2021-05-17,-0.051819,160,-0.026073,-0.026321,-0.038837,-0.023247,-0.041714,-0.032749,-0.019445,-0.037933,-0.041432,-0.033712,5,-0.007639
momentum_20d,2021-05-18,-0.014321,160,-0.030724,-0.023662,-0.047688,-0.036326,-0.020342,-0.017803,-0.032387,-0.018187,-0.038446,-0.045162,5,-0.014438
momentum_20d,2021-05-19,-0.073427,160,-0.022382,-0.026536,-0.014877,-0.024007,-0.035571,-0.012984,-0.027866,-0.02801,-0.023189,-0.037859,5,-0.015477
momentum_20d,2021-05-20,-0.103566,160,-0.015339,-0.007609,-0.010025,-0.015128,-0.017474,-0.021317,-0.017588,-0.020241,-0.011446,-0.026787,5,-0.011448
momentum_20d,2021-05-21,-0.077068,160,0.014087,0.006468,-0.001943,-0.001006,0.013336,0.02483,-0.000417,-0.007163,0.013347,-0.013423,5,-0.02751
momentum_20d,2021-05-24,-0.076966,160,0.042525,0.010515,0.019293,0.024932,0.045593,0.01995,0.030045,0.007858,0.022892,0.017478,5,-0.025047
momentum_20d,2021-05-25,-0.009012,160,0.04569,0.014566,0.011472,0.023685,0.032688,0.015799,0.054286,0.031885,0.025636,0.012095,5,-0.033595
momentum_20d,2021-05-26,-0.053668,160,0.024192,0.014304,0.019858,0.024795,0.025896,0.037953,0.015986,0.015765,0.014665,0.013318,5,-0.010874
momentum_20d,2021-05-27,-0.038627,160,0.022941,0.006504,0.037486,0.033448,0.038742,0.026598,0.037431,0.026977,0.005361,0.018025,5,-0.004916
momentum_20d,2021-05-28,0.037739,160,0.016341,0.018968,0.024607,0.0234,0.024343,0.041264,0.016744,0.019303,0.026581,0.027325,5,0.010985
momentum_20d,2021-05-31,0.056519,160,0.019604,0.010301,0.011816,0.013677,0.000858,-2.4e-05,0.022465,0.018664,0.021066,0.019813,5,0.000209
momentum_20d,2021-06-01,0.025173,160,0.002254,-0.012277,-0.009184,-0.012533,-0.010659,-0.011977,-0.020808,0.005685,-0.003683,-0.009404,5,-0.011658
momentum_20d,2021-06-02,0.016715,160,-0.012988,-0.000869,-0.013068,-0.01874,-0.031821,-0.007573,-0.002038,0.003207,-0.012772,-0.023136,5,-0.010148
momentum_20d,2021-06-03,0.012668,160,-0.012605,-0.009654,-0.017487,-0.030047,-0.024228,-0.010262,-0.02463,-0.02293,-0.005054,-0.020815,5,-0.008209
momentum_20d,2021-06-04,0.027189,160,-0.034641,-0.025664,-0.024951,-0.041384,-0.027262,-0.0214,-0.028573,-0.028481,-0.028938,-0.027472,5,0.007169
momentum_20d,2021-06-07,-0.012021,160,-0.005874,-0.004756,-0.00272,-0.009564,0.011871,-0.013016,0.006703,-0.018662,-0.006019,-0.009951,5,-0.004077
momentum_20d,2021-06-08,-0.0431,160,0.002231,0.003555,0.005028,-0.001962,0.011529,-0.007256,0.01142,0.00707,-0.001334,-0.009233,5,-0.011464
momentum_20d,2021-06-09,-0.10949,160,0.015574,0.01842,3.2e-05,0.014633,0.004698,0.012559,0.013083,0.018053,-0.00245,0.000563,5,-0.015011
momentum_20d,2021-06-10,-0.133039,160,0.021285,0.034553,0.031627,0.01215,0.031607,0.005366,0.025631,0.029945,0.015635,0.01124,5,-0.010045
momentum_20d,2021-06-11,-0.081583,160,0.022631,0.03378,0.045896,0.038008,0.018087,0.00242,0.021078,0.042262,0.030238,0.011769,5,-0.010862
momentum_20d,2021-06-14,-0.01634,160,0.026477,0.024905,0.031137,0.014035,0.019078,0.004042,0.028485,0.014047,0.013835,0.036187,5,0.009711
momentum_20d,2021-06-15,-0.052244,160,0.035183,0.023862,0.051426,0.039355,0.017072,0.028675,0.026918,0.024804,0.040224,0.026817,5,-0.008366
momentum_20d,2021-06-16,-0.035421,160,0.018194,0.023673,0.025046,0.005235,0.022551,0.001973,0.022051,0.014511,0.010654,0.017385,5,-0.000809
momentum_20d,2021-06-17,0.010492,160,0.016883,0.00826,0.022043,0.027135,-0.008817,0.025239,0.018803,0.010472,0.012277,0.023934,5,0.007051
momentum_20d,2021-06-18,0.057908,160,0.021483,0.003764,0.030601,0.006869,0.021904,0.007134,0.030032,0.019788,0.020626,0.022171,5,0.000688
momentum_20d,2021-06-21,0.070424,160,0.025395,0.004935,0.015633,0.03306,0.007738,0.004384,0.026772,0.030211,0.02521,0.015108,5,-0.010287
momentum_20d,2021-06-22,0.134648,160,0.014955,0.01968,0.017994,0.019721,0.009982,0.036278,0.032666,0.023567,0.034859,0.022205,5,0.00725
momentum_20d,2021-06-23,0.006771,160,0.040346,0.060267,0.03872,0.039528,0.040163,0.063198,0.038523,0.05797,0.048497,0.035414,5,-0.004932
momentum_20d,2021-06-24,-0.017028,160,0.037514,0.031114,0.029418,0.031098,0.054128,0.021299,0.04026,0.037179,0.036303,0.027513,5,-0.010001
momentum_20d,2021-06-25,-0.097381,160,0.03113,0.012525,0.008918,0.023348,0.022418,0.00272,0.016457,0.013261,0.024006,-0.001668,5,-0.032797
momentum_20d,2021-06-28,-0.128097,160,0.005552,-0.002317,-0.029246,-0.004737,-0.013947,-0.018919,-0.019025,-0.020555,-0.012061,-0.020844,5,-0.026396
momentum_20d,2021-06-29,-0.226916,160,-0.00118,-0.010127,-0.030959,-0.011148,-0.031656,-0.035933,-0.029512,-0.034219,-0.018765,-0.039117,5,-0.037937
momentum_20d,2021-06-30,-0.105608,160,-0.014614,-0.030275,-0.025103,-0.023082,-0.043527,-0.053971,-0.015303,-0.026723,-0.033893,-0.047926,5,-0.033312
momentum_20d,2021-07-01,-0.120072,160,-0.03172,-0.034774,-0.043903,-0.056229,-0.032316,-0.049342,-0.02249,-0.030026,-0.055834,-0.06739,5,-0.03567
momentum_20d,2021-07-02,-0.034387,160,-0.032295,-0.032488,-0.037364,-0.048617,-0.033587,-0.033413,-0.016392,-0.018202,-0.03835,-0.055601,5,-0.023306
momentum_20d,2021-07-05,0.013298,160,-0.002784,-0.004254,-0.005663,-0.011489,0.016171,0.001565,0.020505,-0.004626,-0.016711,0.00328,5,0.006064
momentum_20d,2021-07-06,0.046417,160,0.010553,0.002525,0.01897,0.01158,0.032328,0.01799,0.012982,0.025447,-0.001653,0.020891,5,0.010338
momentum_20d,2021-07-07,0.090077,160,0.013036,0.023453,0.016109,0.030156,0.032972,0.037791,0.019412,0.02771,0.020186,0.032491,5,0.019454
momentum_20d,2021-07-08,0.053659,160,0.033334,0.033071,0.015219,0.024032,0.017277,0.045456,0.046302,0.027388,0.028091,0.038023,5,0.004688
momentum_20d,2021-07-09,-0.026377,160,0.019902,-0.001032,0.01764,0.015028,0.016952,0.008763,0.024746,0.002881,0.015632,0.006972,5,-0.01293
momentum_20d,2021-07-12,-0.048025,160,0.007629,-0.001122,-0.007908,0.022378,0.026142,0.02419,0.002397,0.016536,-0.000763,-0.005943,5,-0.013572
momentum_20d,2021-07-13,0.018232,160,-0.020393,-0.025394,-0.003365,-0.012004,-0.001236,-0.007725,-0.009809,-0.004316,-0.011328,-0.026079,5,-0.005686
momentum_20d,2021-07-14,-0.088747,160,-0.034905,-0.031601,-0.0165,-0.026745,-0.020203,-0.004238,-0.030969,-0.025942,-0.030328,-0.046425,5,-0.01152
momentum_20d,2021-07-15,-0.076468,160,-0.031545,-0.003754,-0.013352,-0.003911,-0.008718,-0.005587,-0.028696,-0.026741,-0.009722,-0.02925,5,0.002294
momentum_20d,2021-07-16,-0.142769,160,-0.009923,0.020099,-0.002128,0.012436,-0.002546,-0.018852,-0.01251,-0.011402,0.005329,-0.012898,5,-0.002974
momentum_20d,2021-07-19,-0.130959,160,-0.014323,0.016473,0.000894,0.007324,-0.003977,-0.015594,-0.002402,-0.010452,-0.016582,-0.006946,5,0.007377
momentum_20d,2021-07-20,-0.169723,160,0.014574,0.031825,0.036251,0.038031,0.02905,0.015559,0.004903,0.033389,0.011017,0.008261,5,-0.006313
momentum_20d,2021-07-21,-0.013556,160,0.008775,0.041255,0.033376,0.033767,0.029781,0.033402,0.019261,0.024433,0.030325,0.021335,5,0.012559
momentum_20d,2021-07-22,-0.045245,160,0.010943,0.031599,0.039845,0.039783,0.018731,0.025694,0.024705,0.024637,0.016665,0.018914,5,0.007971
momentum_20d,2021-07-23,-0.003498,160,0.016085,0.050925,0.051411,0.032668,0.023068,0.040287,0.035037,0.026438,0.027683,0.034925,5,0.01884
momentum_20d,2021-07-26,-0.05552,160,-0.002653,0.034405,0.013325,0.002993,0.014931,0.017295,0.016532,-0.003854,0.009205,0.005638,5,0.008291
momentum_20d,2021-07-27,-0.062586,160,-0.015388,0.007614,0.011972,-0.002939,-0.011423,-0.007421,-0.004641,-0.022175,-0.016912,0.000545,5,0.015934
momentum_20d,2021-07-28,-0.138987,160,-0.007588,-0.000924,-0.005473,-0.026871,-0.011959,-0.003499,-0.015038,-0.036181,-0.017569,-0.016097,5,-0.008509
momentum_20d,2021-07-29,-0.065288,160,-0.010202,-0.017429,-0.020604,-0.025234,-0.012115,-0.027796,-0.024555,-0.024043,-0.027926,-0.008203,5,0.002
momentum_20d,2021-07-30,-0.023564,160,-0.011223,0.000312,-0.014661,-0.023541,-0.00499,-0.026965,-0.01793,-0.013875,-0.020523,-0.00533,5,0.005894
momentum_20d,2021-08-02,-0.044682,160,-0.002789,-0.012143,-0.01716,-0.0245,-0.024605,-0.0255,-0.024365,-0.02447,-0.011903,-0.009338,5,-0.006549
momentum_20d,2021-08-03,0.022381,160,-0.012063,-0.009078,-0.03494,-0.023413,-0.008774,-0.021743,-0.01228,-0.028709,-0.006368,-0.012011,5,5.2e-05
momentum_20d,2021-08-04,0.049988,160,-0.033351,-0.042198,-0.041176,-0.044687,-0.029336,-0.046052,-0.040601,-0.038372,-0.035879,-0.029053,5,0.004298
momentum_20d,2021-08-05,0.006929,160,-0.025079,-0.022316,-0.023008,-0.018883,-0.040429,-0.031209,-0.018701,-0.022172,-0.029164,-0.023065,5,0.002014
momentum_20d,2021-08-06,-0.020236,160,-0.034192,-0.019919,-0.019381,-0.030682,-0.049297,-0.015765,-0.028963,-0.029433,-0.019534,-0.037198,5,-0.003006
momentum_20d,2021-08-09,-0.02447,160,-0.017211,-0.006712,-0.004752,0.008666,-0.027098,-0.001715,-0.024196,-0.014245,-0.007594,-0.019093,5,-0.001881
momentum_20d,2021-08-10,0.084159,160,0.008175,-0.006801,0.02419,0.017235,0.026358,0.022124,0.011675,0.003962,0.01203,0.020555,5,0.012381
momentum_20d,2021-08-11,-0.010395,160,0.049587,0.060567,0.042755,0.033862,0.051082,0.040762,0.058793,0.037214,0.042267,0.048201,5,-0.001386
momentum_20d,2021-08-12,-0.001503,160,0.02309,0.019765,0.03843,0.034118,0.023154,0.045848,0.021553,0.018954,0.021966,0.031135,5,0.008045
momentum_20d,2021-08-13,-0.002168,160,0.046115,0.046971,0.06279,0.044917,0.028108,0.045209,0.054589,0.06937,0.047971,0.035333,5,-0.010782
momentum_20d,2021-08-16,-0.011165,160,0.042564,0.033631,0.060028,0.011904,0.01692,0.052073,0.025014,0.044392,0.045214,0.028451,5,-0.014114
momentum_20d,2021-08-17,-0.032383,160,0.027694,0.023056,0.01077,0.014577,0.028789,0.011812,0.018625,0.034011,0.02305,0.007766,5,-0.019928
momentum_20d,2021-08-18,-0.092746,160,0.010986,0.021173,0.03004,0.005277,0.012494,0.014179,0.017599,0.030871,0.008096,0.000122,5,-0.010864
momentum_20d,2021-08-19,-0.074115,160,0.015728,0.028844,0.032834,0.007089,0.017781,0.01445,0.022754,0.027918,0.004464,0.006408,5,-0.009321
momentum_20d,2021-08-20,0.001983,160,0.005551,0.006445,0.013711,-0.00078,0.006437,0.001047,0.002054,0.021701,-0.006821,0.005322,5,-0.000229
momentum_20d,2021-08-23,-0.082409,160,0.017577,0.025284,0.017456,0.011987,0.038421,0.013921,0.016081,-0.007781,0.023036,0.011248,5,-0.006329
momentum_20d,2021-08-24,-0.152898,160,0.011528,0.034111,0.01462,0.040696,0.022783,0.01376,0.01075,0.004718,0.002702,0.012577,5,0.00105
momentum_20d,2021-08-25,-0.043666,160,0.001687,0.017733,0.017418,-0.002689,0.02299,0.018728,-0.012712,0.015724,-0.01543,0.019434,5,0.017747
momentum_20d,2021-08-26,0.061353,160,0.023286,0.044078,0.018312,0.021866,0.029602,0.032654,0.037057,0.032789,0.026137,0.046036,5,0.02275
momentum_20d,2021-08-27,0.043859,160,0.006948,0.032242,-0.009286,0.012505,0.027572,0.023961,0.010452,-0.001309,0.013453,0.025148,5,0.0182
momentum_20d,2021-08-30,0.038884,160,-0.010162,0.000192,-0.002999,-0.016415,-9.1e-05,0.003392,-0.003206,0.004567,-0.024446,0.006205,5,0.016367
momentum_20d,2021-08-31,0.033971,160,0.005012,0.003593,0.007171,0.005845,0.011274,0.011175,-0.006338,0.008776,-0.005754,0.017866,5,0.012854
momentum_20d,2021-09-01,-0.044732,160,0.012368,0.003615,0.009651,0.009621,-0.000827,0.005401,0.010238,0.005552,-0.005084,0.008226,5,-0.004142
momentum_20d,2021-09-02,-0.129225,160,0.008162,-0.013574,-0.010605,0.000204,0.003355,-0.01522,0.011092,-0.017807,-0.020966,-0.010299,5,-0.018461
momentum_20d,2021-09-03,-0.136365,160,0.024873,0.027966,0.014801,0.012145,0.00203,0.028785,0.017238,0.006451,0.021933,0.003343,5,-0.02153
momentum_20d,2021-09-06,-0.029134,160,0.038068,0.061747,0.057893,0.026714,0.024101,0.044434,0.049357,0.053679,0.048675,0.029007,5,-0.009061
momentum_20d,2021-09-07,-0.026992,160,0.035703,0.034687,0.039762,0.031031,0.014934,0.025182,0.057573,0.03086,0.029351,0.025932,5,-0.009772
momentum_20d,2021-09-08,-0.045887,160,0.044583,0.049761,0.032317,0.06016,0.014417,0.05494,0.049737,0.055197,0.029432,0.037965,5,-0.006619
momentum_20d,2021-09-09,-0.033209,160,0.042332,0.039149,0.025811,0.019779,0.026275,0.032837,0.045523,0.034988,0.028812,0.035608,5,-0.006724
momentum_20d,2021-09-10,0.047624,160,0.019548,0.02667,0.017151,0.016561,0.018997,0.020308,0.023407,0.020016,0.024857,0.022844,5,0.003295
momentum_20d,2021-09-13,0.077678,160,0.01347,0.023418,0.029943,0.008835,0.020351,0.016074,0.034013,0.027945,0.030679,0.017432,5,0.003962
momentum_20d,2021-09-14,0.071089,160,0.018182,0.013103,0.012878,0.034357,0.033355,-0.000534,0.017018,0.050419,0.033843,0.013889,5,-0.004293
momentum_20d,2021-09-15,0.026989,160,0.010348,0.010214,0.00472,0.014004,0.023486,0.00631,0.025781,0.009361,0.027877,0.004329,5,-0.006019
momentum_20d,2021-09-16,0.011728,160,-0.013886,-0.023838,-0.015237,-0.008575,0.018912,-0.02075,-0.013897,-0.016117,0.003631,-0.024011,5,-0.010124
momentum_20d,2021-09-17,0.053114,160,-0.01758,-0.021143,-0.013709,-0.008209,-0.001565,-0.015,-0.009158,-0.016689,-0.005935,-0.010143,5,0.007438
momentum_20d,2021-09-20,0.041732,160,-0.032636,-0.03245,-0.030808,-0.012206,-0.01652,-0.023599,-0.02269,-0.014674,-0.019956,-0.027303,5,0.005333
momentum_20d,2021-09-21,0.02982,160,-0.041065,-0.039116,-0.031314,-0.020118,-0.024354,-0.042752,-0.034514,-0.009051,-0.043223,-0.031747,5,0.009318
momentum_20d,2021-09-22,0.004503,160,-0.029465,-0.016201,-0.029345,-0.012786,-0.022966,-0.021652,-0.031445,-0.015996,-0.020192,-0.026656,5,0.002809
momentum_20d,2021-09-23,0.029831,160,0.014283,0.022208,0.00287,0.010732,0.016486,0.012755,0.015422,0.009502,0.010205,0.025233,5,0.01095
momentum_20d,2021-09-24,-0.075293,160,0.029993,0.012668,0.0081,0.019633,0.006179,0.012895,0.009201,0.00924,0.015547,0.008137,5,-0.021856
momentum_20d,2021-09-27,-0.045459,160,0.00993,-0.005719,-0.001253,-0.007438,0.002905,0.021806,-0.005909,-0.011978,-0.007052,0.006354,5,-0.003576
momentum_20d,2021-09-28,-0.013421,160,-0.003313,-0.012725,-0.018461,-0.0088,0.000475,-0.009736,-0.012798,-0.01451,-0.016337,-0.007773,5,-0.00446
momentum_20d,2021-09-29,0.006085,160,-0.014854,-0.022687,-0.012459,-0.011191,-0.003023,-0.01241,-0.002361,-0.023787,-0.02018,-0.013296,5,0.001558
momentum_20d,2021-09-30,0.007796,160,-0.034579,-0.010349,-0.018053,-0.008804,-0.014344,-0.012203,-0.013412,-0.022831,-0.021423,-0.014301,5,0.020278
momentum_20d,2021-10-01,-0.010802,160,-0.029809,-0.009681,-0.022956,-0.015941,-0.013415,-0.026598,-0.031752,-0.027772,-0.008009,-0.021224,5,0.008585
momentum_20d,2021-10-04,0.01171,160,-0.005992,-0.008368,-0.015223,0.01277,-0.014452,-0.008868,-0.004314,-0.028458,-0.006066,0.003326,5,0.009318
momentum_20d,2021-10-05,0.015906,160,0.008093,0.022949,0.011385,0.010049,0.005424,-0.009951,0.006824,0.007696,0.013714,0.018638,5,0.010544
momentum_20d,2021-10-06,-0.009337,160,0.014699,0.013097,0.024408,-0.015574,0.007831,0.010159,0.01379,0.005382,0.00974,0.014644,5,-5.5e-05
momentum_20d,2021-10-07,0.011007,160,0.013866,0.030934,0.009258,-0.009201,0.003393,0.010591,-0.000136,0.020143,0.015424,0.014582,5,0.000717
momentum_20d,2021-10-08,0.026963,160,0.008195,0.007313,0.02116,0.013833,0.013324,0.010556,0.002588,0.006433,0.016401,0.013634,5,0.005439
momentum_20d,2021-10-11,-0.00753,160,0.02149,0.013276,0.021679,0.028678,0.029905,0.001232,0.022606,0.00034,0.027986,0.014884,5,-0.006606
momentum_20d,2021-10-12,-0.042614,160,0.001258,0.02537,0.015744,0.009276,0.006132,0.014086,0.013596,0.006431,0.00955,0.00514,5,0.003882
momentum_20d,2021-10-13,-0.074171,160,0.000559,0.031343,0.021275,0.022578,0.019019,0.008888,0.001002,0.020069,0.022289,0.001313,5,0.000754
momentum_20d,2021-10-14,-0.27132,160,0.031089,0.04026,0.023482,0.019922,0.023051,0.0043,0.006153,0.022285,0.015767,-0.002865,5,-0.033953
momentum_20d,2021-10-15,-0.186453,160,0.039807,0.039996,0.021072,0.011063,0.021071,0.01325,0.00761,0.020089,0.016915,0.005986,5,-0.033821
momentum_20d,2021-10-18,-0.116123,160,0.019884,0.024527,0.01407,0.005604,0.001993,-0.000677,-0.006419,-0.004035,0.002389,0.017575,5,-0.002309
momentum_20d,2021-10-19,-0.05428,160,0.019774,0.007426,0.025771,0.027349,0.010751,0.003738,0.017817,-0.005691,0.004872,0.032157,5,0.012383
momentum_20d,2021-10-20,-0.037953,160,0.027734,0.00494,0.009755,0.018161,0.016425,0.009163,0.024014,0.0149,-0.005228,0.027463,5,-0.000271
momentum_20d,2021-10-21,0.042265,160,0.00549,-0.005453,-0.012369,-0.00216,-0.007638,-0.003149,0.017534,-0.012947,-0.015074,0.01501,5,0.00952
momentum_20d,2021-10-22,-0.037159,160,-0.002424,0.015101,-0.011942,-0.009823,-0.000569,-0.006643,-0.00284,-0.012595,-0.01052,0.010155,5,0.012579
momentum_20d,2021-10-25,-0.098904,160,0.017785,0.00387,0.006892,-0.004547,0.020036,-0.002398,0.006534,-0.002856,-0.009739,0.003432,5,-0.014353
momentum_20d,2021-10-26,-0.144504,160,-0.005121,-0.001745,0.017097,-0.007259,0.012188,-0.004271,-0.015646,-0.001413,-0.03064,-0.006862,5,-0.001741
momentum_20d,2021-10-27,-0.107887,160,-0.025104,0.000611,-0.009941,-0.014016,-0.029044,0.001883,-0.006672,-0.027943,-0.026401,-0.032791,5,-0.007687
momentum_20d,2021-10-28,-0.083567,160,-0.019517,-0.00916,-0.019239,-0.027662,-0.018313,-0.009777,-0.016529,-0.020555,-0.018444,-0.03241,5,-0.012892
momentum_20d,2021-10-29,-0.055388,160,-0.028798,-0.029061,-0.029165,-0.020595,-0.032708,-0.038094,-0.026119,-0.034167,-0.031708,-0.033163,5,-0.004365
momentum_20d,2021-11-01,-0.063969,160,-0.044641,-0.036186,-0.057344,-0.037556,-0.063708,-0.048202,-0.049456,-0.043335,-0.047784,-0.051698,5,-0.007057
momentum_20d,2021-11-02,0.05223,160,-0.064231,-0.044868,-0.053831,-0.055093,-0.051878,-0.041755,-0.049215,-0.059814,-0.049162,-0.041578,5,0.022653
momentum_20d,2021-11-03,0.032398,160,-0.055622,-0.053192,-0.047168,-0.044154,-0.047188,-0.063742,-0.052635,-0.048369,-0.053662,-0.041359,5,0.014262
momentum_20d,2021-11-04,0.091187,160,-0.049124,-0.049365,-0.030825,-0.051401,-0.039715,-0.036638,-0.048805,-0.027973,-0.052064,-0.027213,5,0.021911
momentum_20d,2021-11-05,0.033403,160,-0.040632,-0.017988,-0.03896,-0.037655,-0.011178,-0.020978,-0.028785,-0.046553,-0.029634,-0.022989,5,0.017644
momentum_20d,2021-11-08,0.050217,160,-0.01601,-0.011162,-0.028167,-0.018977,-0.023731,-0.009912,-0.010994,-0.026769,-0.008386,-0.012297,5,0.003713
momentum_20d,2021-11-09,0.034103,160,-0.012209,-0.004946,-0.034959,-0.027632,-0.012759,0.00216,-0.006574,-0.020044,-0.016182,-0.020368,5,-0.00816
momentum_20d,2021-11-10,-0.012604,160,-0.011835,-0.025285,-0.009451,-0.019688,-0.028094,-0.010494,-0.019097,-0.023229,-0.01618,-0.024064,5,-0.012229
momentum_20d,2021-11-11,0.035152,160,-0.019379,-0.042052,-0.019722,-0.032333,-0.020268,-0.019838,-0.029328,-0.035466,-0.016382,-0.031395,5,-0.012015
momentum_20d,2021-11-12,-0.028079,160,-0.019241,-0.043508,-0.006298,-0.02542,-0.040439,-0.019399,-0.041979,-0.016302,-0.0364,-0.026972,5,-0.007731
momentum_20d,2021-11-15,-0.100908,160,-0.022197,-0.028889,-0.019124,-0.013065,-0.030099,-0.038136,-0.018022,-0.030891,-0.040528,-0.029252,5,-0.007056
momentum_20d,2021-11-16,-0.080405,160,0.001557,-0.00508,-0.004002,0.009207,-0.007881,-0.02367,-0.013222,-0.01675,-0.016303,-0.003317,5,-0.004874
momentum_20d,2021-11-17,-0.09286,160,0.018665,0.016444,0.02654,0.018763,0.016084,0.020157,0.01399,-0.006196,0.002302,0.019728,5,0.001063
momentum_20d,2021-11-18,-0.066342,160,0.045751,0.042613,0.054667,0.036605,0.049201,0.036362,0.040119,0.042357,0.03767,0.034729,5,-0.011022
momentum_20d,2021-11-19,-0.053363,160,0.078388,0.065237,0.048476,0.067247,0.051333,0.044463,0.085824,0.067154,0.050341,0.056865,5,-0.021523
momentum_20d,2021-11-22,-0.025938,160,0.058861,0.04163,0.042854,0.05485,0.055043,0.035796,0.061308,0.044104,0.045508,0.048466,5,-0.010394
momentum_20d,2021-11-23,-0.088474,160,0.051423,0.041184,0.037299,0.04577,0.055676,0.040285,0.041713,0.021988,0.049726,0.031976,5,-0.019447
momentum_20d,2021-11-24,-0.1,160,0.04118,0.031268,0.029283,0.040562,0.04406,0.024778,0.0422,0.045047,0.02792,0.015253,5,-0.025927
momentum_20d,2021-11-25,-0.081677,160,0.019249,0.037912,0.019549,0.009959,0.030824,0.027064,0.022746,0.030193,0.019349,-0.001414,5,-0.020663
momentum_20d,2021-11-26,-0.139019,160,0.029713,0.025918,0.025076,0.022375,0.027105,0.029,0.032358,0.031648,0.01712,-0.008203,5,-0.037916
momentum_20d,2021-11-29,-0.145271,160,0.058244,0.062056,0.075916,0.065613,0.066151,0.058912,0.062476,0.057304,0.049681,0.037598,5,-0.020646
momentum_20d,2021-11-30,-0.04603,160,0.051342,0.087403,0.083699,0.060505,0.051531,0.058583,0.067625,0.051241,0.063171,0.060825,5,0.009483
momentum_20d,2021-12-01,-0.033455,160,0.053314,0.080472,0.070064,0.064122,0.068986,0.060629,0.039646,0.06286,0.066973,0.058266,5,0.004952
momentum_20d,2021-12-02,0.012868,160,0.054471,0.040263,0.041294,0.053753,0.076117,0.025129,0.048131,0.060115,0.04248,0.050472,5,-0.003999
momentum_20d,2021-12-03,0.050498,160,0.018142,0.012708,0.008807,0.011717,0.038447,0.003618,0.011659,0.027839,0.024311,0.010614,5,-0.007528
momentum_20d,2021-12-06,-0.035055,160,0.002179,0.013076,-0.00982,0.009545,-0.00961,0.005361,-0.009671,0.004528,0.0101,-0.00415,5,-0.006329
momentum_20d,2021-12-07,-0.049024,160,-0.00737,-0.011687,-0.002317,-0.010302,-0.004167,-0.019864,-0.014407,-0.002513,-0.002869,-0.016536,5,-0.009166
momentum_20d,2021-12-08,-0.017886,160,-0.018473,-0.047277,-0.022263,-0.023227,-0.027086,-0.026519,-0.026386,-0.033887,-0.023782,-0.032926,5,-0.014452
momentum_20d,2021-12-09,-0.010656,160,-0.02332,-0.032745,-0.010773,-0.022725,-0.018626,-0.002585,-0.018546,-0.02426,-0.032531,-0.021737,5,0.001583
momentum_20d,2021-12-10,0.04117,160,-0.018289,-0.007446,-0.001387,-0.020265,0.010192,0.011058,-0.000423,-0.033755,0.003577,-0.005207,5,0.013082
momentum_20d,2021-12-13,0.060755,160,-0.019517,-0.0017,-0.012773,0.012397,-0.002867,0.009734,-0.030852,0.001726,0.00941,-0.002516,5,0.017002
momentum_20d,2021-12-14,0.168578,160,-0.018751,-0.018564,0.000951,-0.004695,-0.009739,-0.000711,-0.001851,0.006575,0.016917,-0.004765,5,0.013985
momentum_20d,2021-12-15,0.149883,160,0.010258,-0.006193,-0.00011,0.002136,0.010424,0.005884,0.00943,0.029966,0.00031,0.029849,5,0.019591
momentum_20d,2021-12-16,0.075891,160,0.025825,0.002571,0.004489,0.002863,0.007072,0.013456,0.011198,0.012563,0.0189,0.023472,5,-0.002353
momentum_20d,2021-12-17,0.026611,160,0.026099,0.004,0.005038,0.012344,0.004824,0.016021,0.010657,0.012703,0.019334,0.018295,5,-0.007804
momentum_20d,2021-12-20,0.029702,160,-0.002185,-0.019562,-0.012098,0.001493,-0.003164,-0.025931,-0.013162,-0.001454,-0.008839,0.002804,5,0.004989
momentum_20d,2021-12-21,-0.000217,160,0.014808,-0.010812,-0.004228,-0.003342,-0.002442,-0.013386,-0.010206,0.00807,-0.005657,0.011637,5,-0.003171
momentum_20d,2021-12-22,-0.010726,160,0.031816,0.021651,0.013827,0.019543,-0.000273,0.012591,0.014041,0.018138,0.02311,0.019984,5,-0.011831
momentum_20d,2021-12-23,-0.00656,160,0.016115,0.032445,0.033697,0.019453,0.03054,0.027163,0.008625,0.034898,0.021397,0.031357,5,0.015242
momentum_20d,2021-12-24,-0.07154,160,0.010925,0.013203,0.006525,0.014057,0.005179,0.012578,0.006311,0.011102,0.003278,0.007173,5,-0.003752
momentum_20d,2021-12-27,-0.143437,160,0.030989,0.031824,0.004456,0.020311,0.022259,0.029865,0.01257,0.027284,0.011036,0.004887,5,-0.026103
momentum_20d,2021-12-28,-0.169445,160,-0.00333,0.009134,-0.009019,0.004954,0.019592,-0.011679,-0.009398,0.002017,-0.018041,-0.028621,5,-0.025291
momentum_20d,2021-12-29,-0.119515,160,-0.041962,-0.029034,-0.041888,-0.022519,-0.038185,-0.040219,-0.031601,-0.04031,-0.039491,-0.061056,5,-0.019093
momentum_20d,2021-12-30,-0.112642,160,-0.047354,-0.021301,-0.044958,-0.041703,-0.019086,-0.048804,-0.032047,-0.03803,-0.052425,-0.059187,5,-0.011833
momentum_20d,2021-12-31,-0.099851,160,-0.029992,-0.021897,-0.023528,-0.040979,-0.016091,-0.022237,-0.020088,-0.029759,-0.042073,-0.037434,5,-0.007442
momentum_20d,2022-01-03,-0.03463,160,-0.032368,-0.02756,-0.037663,-0.041149,-0.020071,-0.016388,-0.034035,-0.040991,-0.034552,-0.036261,5,-0.003893
momentum_20d,2022-01-04,0.014174,160,-0.03119,-0.033682,-0.034528,-0.043046,-0.028744,-0.044307,-0.041787,-0.021427,-0.042322,-0.028786,5,0.002404
momentum_20d,2022-01-05,-0.027734,160,-0.020249,-0.019117,-0.033847,-0.035501,-0.012463,-0.049175,-0.029427,-0.024102,-0.030937,-0.023614,5,-0.003366
momentum_20d,2022-01-06,0.002423,160,-0.01742,-0.035972,-0.023296,-0.042288,-0.041753,-0.045635,-0.025266,-0.031134,-0.02222,-0.028145,5,-0.010724
momentum_20d,2022-01-07,0.002974,160,-0.026372,-0.03677,-0.033506,-0.036212,-0.016405,-0.042512,-0.028696,-0.03123,-0.022478,-0.034108,5,-0.007736
momentum_20d,2022-01-10,-0.094017,160,-0.012658,-0.008187,-0.015141,-0.015237,-0.021254,-0.022687,-0.015433,-0.017195,-0.023778,-0.016023,5,-0.003365
momentum_20d,2022-01-11,-0.163612,160,0.028285,0.016952,0.020598,0.016043,0.020384,0.026135,0.012419,0.016162,-0.002669,0.01339,5,-0.014895
momentum_20d,2022-01-12,-0.111637,160,0.036799,0.026511,0.020403,0.016879,0.020886,0.027232,0.035015,0.014068,-0.000989,0.026158,5,-0.010641
momentum_20d,2022-01-13,-0.055408,160,0.031661,0.034811,0.01349,0.02921,0.022001,0.006414,0.027404,0.031672,0.007677,0.021177,5,-0.010483
momentum_20d,2022-01-14,-0.147026,160,0.036622,0.026617,0.032006,0.012708,0.006674,0.006815,0.043733,0.017485,0.007831,0.006541,5,-0.03008
momentum_20d,2022-01-17,-0.089687,160,0.024082,-0.002927,0.01711,0.002544,0.005201,0.005675,0.029894,0.004568,-0.001252,-0.004494,5,-0.028576
momentum_20d,2022-01-18,-0.062677,160,-0.002291,-0.00365,-0.004135,-0.018503,0.009188,-0.014394,-0.007063,-0.009885,-0.014386,-0.010175,5,-0.007884
momentum_20d,2022-01-19,-0.119627,160,0.030775,-0.002153,-0.002565,0.013835,0.02127,-0.001322,-0.01353,0.027012,-0.003979,0.001999,5,-0.028776
momentum_20d,2022-01-20,-0.175759,160,-0.007782,0.005626,0.013936,-0.002798,0.001625,-0.000605,-0.025529,0.009194,-0.01832,-0.01926,5,-0.011478
momentum_20d,2022-01-21,-0.072026,160,-0.001969,0.005429,0.024307,-0.000338,0.024514,0.012573,0.001321,0.00915,-0.005409,-0.003369,5,-0.0014
momentum_20d,2022-01-24,-0.051134,160,0.018046,0.016082,0.03786,0.028626,0.024216,0.015451,0.016309,0.029876,0.021516,0.012029,5,-0.006017
momentum_20d,2022-01-25,-0.009311,160,0.009657,0.036147,0.039386,0.009932,0.016013,0.016909,0.030188,0.021948,0.023061,0.018295,5,0.008639
momentum_20d,2022-01-26,0.06428,160,0.005489,0.017863,-0.000839,0.025813,0.016961,-0.002374,0.003343,0.025554,0.010122,0.024633,5,0.019143
momentum_20d,2022-01-27,0.102728,160,0.00052,-0.003096,0.014778,0.001634,0.002794,0.03309,0.006588,-0.005611,0.028199,0.011699,5,0.011179
momentum_20d,2022-01-28,0.029626,160,0.02042,0.02235,0.013312,0.020194,0.024773,0.014021,0.027406,0.020766,0.026573,0.020634,5,0.000214
momentum_20d,2022-01-31,0.039587,160,0.02219,0.024088,0.020542,0.022867,0.006862,0.012143,0.03832,0.007723,0.021641,0.031372,5,0.009182
momentum_20d,2022-02-01,-0.03059,160,0.027759,0.032669,0.012198,0.025734,0.02563,0.025242,0.024041,0.005532,0.024249,0.027106,5,-0.000654
momentum_20d,2022-02-02,-0.017394,160,0.017259,0.032208,0.021242,0.030535,0.02546,0.033693,0.024084,0.007303,-0.00374,0.038293,5,0.021035
momentum_20d,2022-02-03,-0.060902,160,0.044876,0.038627,0.03448,0.05418,0.04001,0.030547,0.042143,0.034424,0.040176,0.030629,5,-0.014247
momentum_20d,2022-02-04,0.028384,160,0.013658,0.009624,-0.004064,-0.001693,0.01061,0.033897,0.021335,0.000199,0.00793,0.012265,5,-0.001393
momentum_20d,2022-02-07,0.045731,160,0.003126,0.001625,-0.006749,-0.009774,0.020331,-0.001007,0.001091,0.013673,0.019902,-0.014097,5,-0.017223
momentum_20d,2022-02-08,0.061593,160,-0.009378,-0.006365,-0.01307,-0.001937,0.009647,0.004997,-0.004408,0.001642,0.014261,-0.018819,5,-0.009441
momentum_20d,2022-02-09,0.017529,160,-0.008137,-0.016449,0.012185,0.016908,-0.00279,0.003292,-0.009249,0.011913,0.008576,-0.013725,5,-0.005588
momentum_20d,2022-02-10,-0.039051,160,-0.023128,-0.001941,0.000746,-0.004856,-0.011616,-0.016909,-0.006343,-0.013492,-0.030895,-0.002275,5,0.020853
momentum_20d,2022-02-11,-0.097296,160,-0.004006,0.022868,0.016984,0.012557,0.016808,-0.00829,-0.005615,-0.005461,0.004457,0.009501,5,0.013507
momentum_20d,2022-02-14,-0.125117,160,-0.005081,0.009167,0.002057,0.013284,0.006156,0.000497,-0.004507,-0.025898,0.000235,-0.001777,5,0.003303
momentum_20d,2022-02-15,-0.075706,160,0.018311,0.005853,0.019327,-0.004763,0.010914,-0.002393,-0.005184,0.009635,0.00043,0.00839,5,-0.009921
momentum_20d,2022-02-16,-0.132143,160,0.049977,0.039219,0.015841,0.03402,0.022619,0.023006,0.036862,0.016051,0.042402,0.017261,5,-0.032716
momentum_20d,2022-02-17,-0.033262,160,0.073236,0.023886,0.035091,0.041276,0.031655,0.044124,0.047013,0.051702,0.041254,0.04284,5,-0.030396
momentum_20d,2022-02-18,8.8e-05,160,0.042596,0.028538,0.038347,0.035462,0.04397,0.026753,0.052298,0.038657,0.040287,0.022556,5,-0.020039
momentum_20d,2022-02-21,-0.052279,160,0.045002,0.048575,0.016976,0.036282,0.041505,0.056384,0.050709,0.049805,0.0276,0.022791,5,-0.022211
momentum_20d,2022-02-22,-0.140613,160,0.023075,0.043869,0.026877,0.011772,0.04635,0.038852,0.027743,0.025438,0.00879,0.022862,5,-0.000214
momentum_20d,2022-02-23,-0.011842,160,0.003568,0.015477,0.000321,0.011335,0.036263,0.004451,0.012632,0.013592,-0.009068,0.01959,5,0.016022
momentum_20d,2022-02-24,0.001125,160,0.010822,0.031895,0.014231,0.030579,0.0277,0.010223,0.024756,0.017666,0.009546,0.023643,5,0.01282
momentum_20d,2022-02-25,0.165973,160,0.00761,0.018899,-0.01059,0.016609,0.039297,0.011442,0.021183,0.010363,0.025439,0.027368,5,0.019758
momentum_20d,2022-02-28,0.141536,160,0.02689,0.021312,0.029287,0.031381,0.043983,0.02675,0.02977,0.029917,0.045631,0.041005,5,0.014115
momentum_20d,2022-03-01,0.114233,160,0.033916,0.044304,0.034898,0.046898,0.045665,0.041654,0.062938,0.0327,0.046482,0.058952,5,0.025036
momentum_20d,2022-03-02,0.037651,160,0.005777,0.014852,0.033803,0.028908,-0.001886,0.027966,0.010511,0.014681,0.0211,0.02196,5,0.016183
momentum_20d,2022-03-03,0.010122,160,-0.016788,0.010761,-0.008194,0.008192,-0.000318,0.004459,-0.001866,0.00071,-0.019013,0.008262,5,0.02505
momentum_20d,2022-03-04,0.028085,160,-0.018496,-0.016056,-0.009709,-0.000506,-0.022521,-0.008191,-0.002523,-0.02321,-0.020868,0.002199,5,0.020696
momentum_20d,2022-03-07,0.026321,160,-0.040633,-0.040497,-0.018892,-0.013822,-0.030792,-0.033863,-0.023772,-0.033964,-0.039218,-0.018936,5,0.021697
momentum_20d,2022-03-08,0.073195,160,-0.037216,-0.031713,-0.019169,-0.024081,-0.010229,-0.019596,-0.034031,-0.030261,-0.023693,-0.008691,5,0.028525
momentum_20d,2022-03-09,0.013867,160,-0.024338,-0.028197,-0.015346,-0.016476,-0.011672,-0.005419,-0.031919,-0.028432,-0.02565,-0.014406,5,0.009931
momentum_20d,2022-03-10,-0.082043,160,-0.005389,-0.029062,-0.006248,-0.005442,-0.011337,-0.010562,-0.024564,-0.023973,-0.02036,-0.024888,5,-0.0195
momentum_20d,2022-03-11,-0.162135,160,-0.005791,0.012088,0.018138,0.005017,-0.011107,-0.006052,-0.00812,-0.013701,-0.017015,-0.006147,5,-0.000356
momentum_20d,2022-03-14,-0.245957,160,-0.000798,0.011948,0.008031,0.010791,-0.013602,-0.012874,-0.013531,-0.026256,-0.012129,-0.02028,5,-0.019482
momentum_20d,2022-03-15,-0.272718,160,-0.008192,-0.003791,-0.010236,-0.010891,-0.024169,-0.021815,-0.027759,-0.041649,-0.035819,-0.036213,5,-0.028022
momentum_20d,2022-03-16,-0.290672,160,0.008513,0.012757,0.006661,0.00203,-0.006709,-0.019148,-0.006624,-0.017906,-0.031015,-0.02355,5,-0.032063
momentum_20d,2022-03-17,-0.172741,160,0.012873,0.007757,0.010074,0.005301,0.005648,-0.011673,-0.02018,-0.009081,-0.004593,-0.010301,5,-0.023174
momentum_20d,2022-03-18,-0.226972,160,0.00221,0.002088,0.00379,0.002771,-0.018533,-0.026992,-0.019687,-0.012467,-0.024688,-0.018085,5,-0.020296
momentum_20d,2022-03-21,-0.254872,160,0.003341,0.010696,0.001364,7e-05,-0.018182,-0.001106,-0.012067,-0.025208,-0.029346,-0.015637,5,-0.018978
momentum_20d,2022-03-22,-0.192453,160,0.023392,0.014804,-0.011352,0.013085,0.001797,-0.010963,-0.000689,-0.008083,0.003305,-0.010023,5,-0.033415
momentum_20d,2022-03-23,-0.128692,160,0.028324,-0.0073,0.002352,0.002825,0.004934,-0.002803,0.00367,-0.003366,-0.007322,0.001797,5,-0.026526
momentum_20d,2022-03-24,-0.039403,160,0.008523,-0.006275,-0.020409,-0.024445,-0.017287,-0.014398,-0.025282,0.000474,-0.019704,-0.00302,5,-0.011543
momentum_20d,2022-03-25,-0.036198,160,0.006264,-0.004831,-0.015841,-0.027374,-0.003168,-0.021967,-0.009254,-0.003104,-0.017824,0.000569,5,-0.005695
momentum_20d,2022-03-28,-0.033845,160,0.007452,-0.005792,-0.020316,-0.002093,-0.010193,-0.01958,-0.013839,-0.003896,-0.010204,0.002253,5,-0.005198
momentum_20d,2022-03-29,-0.10254,160,0.013716,-0.021912,-0.023886,-0.028356,-0.028082,-0.014601,-0.007498,-0.019739,-0.032407,-0.02762,5,-0.041336
momentum_20d,2022-03-30,-0.011227,160,-0.01434,-0.02735,-0.014731,-0.030623,-0.024939,-0.014945,-0.0198,-0.011868,-0.037554,-0.013693,5,0.000646
momentum_20d,2022-03-31,0.026377,160,-0.003486,-0.032024,-0.015649,-0.023123,-0.018359,-0.01825,-0.011264,-0.017419,-0.011782,-0.015023,5,-0.011537
momentum_20d,2022-04-01,0.031114,160,-0.004219,-0.001923,-0.00084,-8.3e-05,0.012553,-0.002713,-0.002886,0.002897,-0.00371,0.011825,5,0.016043
momentum_20d,2022-04-04,0.095257,160,-0.010025,0.002694,-0.002362,0.003832,-0.008286,-0.005105,0.010164,-0.004046,0.011794,0.006666,5,0.016691
momentum_20d,2022-04-05,0.016181,160,0.013982,0.026366,0.023026,0.015199,-0.007202,0.032247,0.019678,0.003305,0.020177,0.026919,5,0.012937
momentum_20d,2022-04-06,0.016003,160,0.01053,0.021822,0.027419,0.026209,0.008697,0.022947,0.011947,0.018458,0.004792,0.035239,5,0.024709
momentum_20d,2022-04-07,0.034434,160,0.012635,0.012351,0.01156,0.021208,0.010926,-0.003333,0.009663,0.02729,0.014035,0.018752,5,0.006117
momentum_20d,2022-04-08,0.009232,160,-0.006305,-0.023318,-0.012663,-0.014702,-0.01611,-0.017609,0.010406,-0.020525,-0.005114,-0.021673,5,-0.015369
momentum_20d,2022-04-11,0.097135,160,-0.01923,-0.028159,-0.016776,-0.013573,-0.022858,-0.022607,-0.001721,-0.013353,-0.010578,-0.012696,5,0.006534
momentum_20d,2022-04-12,0.024071,160,-0.020467,-0.01701,-0.019824,-0.012304,-0.012349,-0.016621,-0.013697,-0.013177,-0.028355,-0.009115,5,0.011352
momentum_20d,2022-04-13,0.03163,160,-0.019938,-0.020815,-0.02047,-0.032152,-0.02554,-0.023873,-0.016667,-0.015998,-0.029151,-0.016281,5,0.003658
momentum_20d,2022-04-14,0.002121,160,-0.010837,-0.015939,-0.028479,-0.027417,-0.019693,-0.018681,-0.024107,-0.020502,-0.020748,-0.011109,5,-0.000272
momentum_20d,2022-04-15,-0.021071,160,-0.030208,-0.025299,-0.033739,-0.037864,-0.0438,-0.036599,-0.014954,-0.040871,-0.034982,-0.031246,5,-0.001037
momentum_20d,2022-04-18,-0.052646,160,-0.036997,-0.022892,-0.026054,-0.034474,-0.03907,-0.033429,-0.024255,-0.025415,-0.042009,-0.031422,5,0.005575
momentum_20d,2022-04-19,-0.058107,160,-0.035897,-0.024978,-0.04267,-0.034457,-0.041813,-0.024489,-0.041711,-0.045456,-0.029775,-0.037632,5,-0.001736
momentum_20d,2022-04-20,-0.106548,160,-0.013448,-0.034819,-0.04361,-0.007982,-0.044081,-0.024659,-0.016675,-0.028349,-0.038859,-0.034298,5,-0.02085
momentum_20d,2022-04-21,-0.038149,160,0.006276,-0.033558,-0.0207,-0.011839,-0.033721,-0.009831,-0.00163,-0.014641,-0.032836,-0.014827,5,-0.021104
momentum_20d,2022-04-22,0.025229,160,0.00829,0.015042,-0.011355,0.00264,0.006793,0.008021,0.011447,-0.001526,0.005341,0.00359,5,-0.0047
momentum_20d,2022-04-25,0.037156,160,-0.002824,0.019596,0.014007,0.002714,0.001605,-0.00072,0.004586,0.014621,0.022198,-0.003325,5,-0.000501
momentum_20d,2022-04-26,-0.007032,160,0.005217,0.032871,0.005187,0.002972,0.009324,0.021553,0.012381,0.012705,0.012789,0.003615,5,-0.001603
momentum_20d,2022-04-27,-0.015258,160,-0.008111,0.011427,0.015988,0.020615,0.00497,0.005579,-0.006293,-0.002768,0.001645,0.002707,5,0.010818
momentum_20d,2022-04-28,0.035635,160,-0.042509,-0.009492,-0.018787,-0.017066,-0.021397,-0.01958,-0.044578,-0.022269,-0.023007,-0.014663,5,0.027846
momentum_20d,2022-04-29,0.044099,160,-0.029616,0.008849,-0.006289,-0.008452,-0.006361,-0.010221,-0.007699,-0.021622,0.009642,-0.010969,5,0.018646
momentum_20d,2022-05-02,0.107556,160,-0.025902,-0.012742,-0.019791,-0.013315,-0.028276,-0.02018,-0.002556,-0.015786,0.003393,-0.016337,5,0.009566
momentum_20d,2022-05-03,-0.004157,160,-0.012259,-0.003693,-0.008273,-0.007536,-0.006169,-0.012336,-0.016936,-0.025644,-0.005362,0.00312,5,0.015379
momentum_20d,2022-05-04,-0.003489,160,0.010935,0.006838,0.003922,0.010571,-0.001362,0.003661,0.020121,-0.009962,0.004023,0.017672,5,0.006737
momentum_20d,2022-05-05,-0.118083,160,0.041798,0.05071,0.046613,0.044923,0.039289,0.030609,0.038983,0.03604,0.020819,0.041325,5,-0.000473
momentum_20d,2022-05-06,-0.122495,160,0.048259,0.04163,0.049373,0.033703,0.03446,0.018559,0.038642,0.03016,0.042463,0.023081,5,-0.025177
momentum_20d,2022-05-09,-0.120494,160,0.070664,0.07249,0.072525,0.068908,0.062083,0.054343,0.070907,0.066308,0.060734,0.048811,5,-0.021853
momentum_20d,2022-05-10,-0.064757,160,0.043848,0.046726,0.037954,0.033914,0.051151,0.021161,0.055255,0.050953,0.036628,0.023153,5,-0.020695
momentum_20d,2022-05-11,-0.032199,160,0.031682,0.022237,0.043439,0.022669,0.027564,0.011643,0.037232,0.047793,0.023286,0.019586,5,-0.012096
momentum_20d,2022-05-12,0.09434,160,0.021884,0.019061,0.013369,0.025148,0.016683,0.003353,0.025698,0.044768,0.029436,0.017844,5,-0.004041
momentum_20d,2022-05-13,0.083778,160,-0.004901,0.01489,-0.006061,-0.007036,0.00672,0.023054,0.003231,0.011395,0.004872,0.007595,5,0.012496
momentum_20d,2022-05-16,0.089295,160,0.004124,-0.007706,-0.008884,0.008918,0.013482,0.017885,0.000534,0.014983,0.000721,0.00669,5,0.002566
momentum_20d,2022-05-17,0.079096,160,-0.003131,-0.006892,0.021343,0.006306,0.012275,0.013597,0.029897,0.008171,0.015956,0.002256,5,0.005386
momentum_20d,2022-05-18,0.006961,160,-0.013627,0.005236,0.00852,-0.002477,-0.009047,0.000756,0.005564,-0.008692,0.0151,-0.008917,5,0.00471
momentum_20d,2022-05-19,0.033716,160,-0.011434,0.001615,0.010425,0.002505,-0.001786,0.000578,-0.00135,0.019958,0.009151,-0.01128,5,0.000154
momentum_20d,2022-05-20,0.064599,160,-0.008573,0.032559,0.03545,0.00626,0.025851,0.02362,0.026067,0.009533,0.043807,0.004673,5,0.013246
momentum_20d,2022-05-23,0.016767,160,-0.012972,-0.002963,0.000838,-0.001572,-0.003628,-0.003579,-0.001521,-0.007142,-0.018455,-0.001346,5,0.011626
momentum_20d,2022-05-24,0.142945,160,-0.015854,-0.006229,-0.020123,-0.003093,-0.006108,-0.000118,0.005161,0.013367,-0.014754,-0.000203,5,0.015651
momentum_20d,2022-05-25,0.137396,160,0.006712,-0.003255,-0.01263,0.0026,0.01682,0.018789,0.014582,0.010881,0.017265,0.00026,5,-0.006452
momentum_20d,2022-05-26,0.061661,160,-0.007655,-0.021556,-0.012277,-0.016271,-0.003451,-0.015371,-0.004276,0.003172,-0.003685,-0.020028,5,-0.012373
momentum_20d,2022-05-27,-0.022999,160,-0.019225,-0.035981,-0.028091,-0.019923,-0.040278,-0.035205,-0.023213,-0.033254,-0.025767,-0.031476,5,-0.012251
momentum_20d,2022-05-30,0.013691,160,-0.017047,-0.043405,-0.037681,-0.03312,-0.019672,-0.029233,-0.030736,-0.042546,-0.032339,-0.02623,5,-0.009183
momentum_20d,2022-05-31,-0.018338,160,-0.020966,-0.027801,-0.025441,-0.030279,-0.039728,-0.023274,-0.025118,-0.025315,-0.031014,-0.032508,5,-0.011542
momentum_20d,2022-06-01,-0.018024,160,-0.03654,-0.021223,-0.044109,-0.035396,-0.034331,-0.020984,-0.027526,-0.037707,-0.035597,-0.038027,5,-0.001487
momentum_20d,2022-06-02,-0.049042,160,-0.014462,0.006899,0.000752,-0.016106,-0.005736,-0.00618,0.000338,-0.012844,-0.004677,-0.013031,5,0.001431
momentum_20d,2022-06-03,0.008883,160,-0.003355,0.019172,0.014307,0.009334,0.023684,0.000565,0.015128,0.01427,0.019322,-0.007146,5,-0.003791
momentum_20d,2022-06-06,-0.026374,160,0.025876,0.022651,0.022846,0.023412,0.023389,0.001443,0.029067,0.029669,0.020895,0.010555,5,-0.015321
momentum_20d,2022-06-07,0.009135,160,0.01921,0.026634,0.026243,0.028319,0.024389,0.020269,0.031299,0.019762,0.021091,0.0268,5,0.00759
momentum_20d,2022-06-08,-0.129345,160,0.045643,0.045149,0.033102,0.034159,0.030934,0.042426,0.016221,0.039584,0.031113,0.028363,5,-0.01728
momentum_20d,2022-06-09,-0.161828,160,0.042955,0.031149,0.013414,0.024953,0.02024,0.018553,0.031687,0.012191,0.029147,0.005709,5,-0.037246
momentum_20d,2022-06-10,-0.050231,160,0.034987,0.015004,0.034915,0.011774,0.021276,0.021382,0.016498,0.022977,0.035097,0.020865,5,-0.014123
momentum_20d,2022-06-13,-0.030315,160,0.047127,0.022763,0.055283,0.017883,0.026852,0.052285,0.031008,0.024647,0.043685,0.030894,5,-0.016232
momentum_20d,2022-06-14,0.044858,160,0.032888,0.007875,0.026434,0.016579,0.035015,0.027032,0.023494,0.028917,0.023468,0.028521,5,-0.004367
momentum_20d,2022-06-15,0.095679,160,-0.00121,-0.022369,-0.004309,-0.010829,-0.008638,0.002549,-0.003879,-0.006944,0.009387,0.001013,5,0.002223
momentum_20d,2022-06-16,0.123351,160,-0.019494,-0.008339,-0.005083,-0.016177,-0.037299,-0.007871,-0.011561,-0.00279,0.008427,-0.005971,5,0.013523
momentum_20d,2022-06-17,0.157919,160,-0.026213,-0.022381,-0.021957,-0.028514,-0.018654,-0.033418,-0.005468,-0.01729,3.3e-05,-0.021801,5,0.004412
momentum_20d,2022-06-20,0.118921,160,-0.030367,-0.032124,-0.033658,-0.041886,-0.019742,-0.034471,-0.027341,-0.024559,-0.007191,-0.029302,5,0.001065
momentum_20d,2022-06-21,-0.004377,160,-0.022261,-0.027676,-0.02724,-0.024384,-0.022241,-0.012396,-0.021149,-0.021024,-0.020801,-0.029606,5,-0.007345
momentum_20d,2022-06-22,-0.041008,160,0.00345,-0.008873,-0.019266,-0.01225,0.014675,-0.012268,-0.005411,-0.018252,0.005422,-0.008999,5,-0.012449
momentum_20d,2022-06-23,-0.005136,160,-0.001622,0.004437,-0.008599,0.003172,-0.008238,0.007698,0.004653,0.005278,-0.008306,0.00453,5,0.006153
momentum_20d,2022-06-24,0.005253,160,0.002761,0.011063,0.000579,0.001983,0.019393,0.027328,0.009228,-0.011132,0.017372,0.002305,5,-0.000457
momentum_20d,2022-06-27,-0.019987,160,0.011718,0.015311,0.02959,0.010716,0.005042,0.030286,0.022466,0.015675,0.024251,-1e-05,5,-0.011728
momentum_20d,2022-06-28,-0.036218,160,0.000924,0.000646,0.01294,-0.004493,-0.000213,0.013733,-0.003957,0.006218,0.002238,-0.007003,5,-0.007927
momentum_20d,2022-06-29,-0.17645,160,-0.000601,0.002971,-0.018584,-0.011021,-0.005416,0.002361,-0.005797,-0.019637,-0.027481,-0.015799,5,-0.015198
momentum_20d,2022-06-30,-0.141723,160,0.010378,0.003376,0.002264,-0.004272,-0.003845,0.006232,-0.011621,-0.000375,-0.002829,-0.012218,5,-0.022596
momentum_20d,2022-07-01,-0.260038,160,0.021015,0.007464,-0.00349,0.010814,0.008794,-0.010661,-0.013739,0.004581,-0.015474,-0.006531,5,-0.027545
momentum_20d,2022-07-04,-0.200507,160,0.010993,-0.000803,0.001868,0.003921,0.007397,-0.011846,0.006957,-0.020163,-0.004705,-0.017983,5,-0.028976
momentum_20d,2022-07-05,-0.101606,160,0.014347,0.031197,0.017502,-0.00908,0.01082,0.012106,0.036248,0.010378,0.005268,0.005028,5,-0.009319
momentum_20d,2022-07-06,-0.043285,160,0.029174,0.019818,0.022659,0.017631,0.018418,0.027758,0.041601,0.02151,0.014056,0.018595,5,-0.01058
momentum_20d,2022-07-07,-0.023898,160,0.006963,0.016082,0.005212,0.01267,0.00553,0.007442,0.01135,0.015288,0.023426,-0.004799,5,-0.011762
momentum_20d,2022-07-08,-0.02585,160,-0.014103,-0.009969,-0.007312,0.025267,-0.013896,-0.000482,-0.017048,-0.005208,-0.00413,-0.014624,5,-0.00052
momentum_20d,2022-07-11,-0.026828,160,-0.043369,-0.029271,-0.016558,-0.032323,-0.026794,-0.018148,-0.034173,-0.041355,-0.036759,-0.030134,5,0.013235
momentum_20d,2022-07-12,-0.048957,160,-0.030979,-0.041199,-0.049121,-0.022769,-0.032295,-0.052701,-0.028422,-0.054531,-0.039038,-0.034658,5,-0.00368
momentum_20d,2022-07-13,-0.020846,160,-0.026439,-0.021405,-0.040092,-0.035753,-0.046026,-0.023501,-0.047605,-0.029916,-0.02721,-0.027759,5,-0.00132
momentum_20d,2022-07-14,-0.044011,160,-0.016818,-0.024172,-0.043203,-0.024352,-0.026325,-0.026778,-0.026346,-0.031361,-0.028892,-0.027442,5,-0.010624
momentum_20d,2022-07-15,-0.021915,160,-0.004731,-0.014396,0.004396,-0.004337,-0.012194,-0.002193,-0.005478,-0.003357,-0.002377,-0.014182,5,-0.009451
momentum_20d,2022-07-18,0.043692,160,0.022055,0.002699,0.031832,0.01094,-0.000391,0.026385,0.00973,0.013609,0.025126,0.018097,5,-0.003957
momentum_20d,2022-07-19,-0.063867,160,0.040034,0.028575,0.027535,0.039163,0.019385,0.020498,0.040406,0.041124,0.029903,0.019915,5,-0.020118
momentum_20d,2022-07-20,0.022017,160,0.047625,0.054889,0.043032,0.041955,0.035382,0.036761,0.048918,0.032382,0.055148,0.056587,5,0.008962
momentum_20d,2022-07-21,0.042172,160,0.037978,0.050829,0.026992,0.012868,0.019193,0.023227,0.038285,0.01638,0.052415,0.044087,5,0.006109
momentum_20d,2022-07-22,0.0226,160,0.014483,0.03949,0.014917,-0.010305,-0.01889,-0.012554,0.014203,0.026808,0.016472,0.01452,5,3.7e-05
momentum_20d,2022-07-25,0.044682,160,-0.010583,0.013604,-0.005561,-0.001787,-0.018076,-0.011306,-2e-05,-0.006993,0.006174,0.002733,5,0.013316
momentum_20d,2022-07-26,0.033464,160,-0.015058,-0.004279,-0.019309,0.00535,-0.00508,-0.004476,-0.021805,-0.0208,-0.00022,-0.0044,5,0.010658
momentum_20d,2022-07-27,-0.053402,160,-0.004381,-0.01277,0.001877,0.01772,-0.006127,-0.007942,-0.007039,-0.004345,-0.000344,-0.01526,5,-0.010879
momentum_20d,2022-07-28,-0.076764,160,-0.012131,-0.008411,0.026177,0.022485,-0.001107,0.004454,-0.011432,0.003657,-0.003576,-0.012231,5,-0.0001
momentum_20d,2022-07-29,-0.059624,160,-0.003809,0.035512,0.050278,0.011149,0.012082,0.034788,0.010249,0.025036,0.020829,0.004185,5,0.007993
momentum_20d,2022-08-01,0.030901,160,0.008918,0.028387,0.040099,0.019827,0.010826,0.0366,0.037769,0.02437,0.029413,0.006735,5,-0.002182
momentum_20d,2022-08-02,0.019278,160,0.018303,0.023664,0.02922,0.046153,0.025699,0.039344,0.035998,0.040929,0.038698,0.00989,5,-0.008413
momentum_20d,2022-08-03,0.04867,160,0.003419,0.024332,0.015108,0.026906,0.008348,0.015405,0.021574,0.034521,0.012448,0.016722,5,0.013303
momentum_20d,2022-08-04,0.09671,160,0.012673,0.031159,0.025161,0.028172,0.034979,0.017659,0.022608,0.041255,0.042585,0.025594,5,0.012921
momentum_20d,2022-08-05,0.043979,160,0.014691,0.011596,0.022928,0.046973,0.029263,0.032595,0.028544,0.009339,0.029474,0.024802,5,0.010111
momentum_20d,2021-02-01,-0.121191,160,0.035691,0.031549,0.026421,0.024267,0.014215,0.019191,0.019504,0.008436,0.030282,0.002566,10,-0.033124
momentum_20d,2021-02-02,-0.160474,160,0.046851,0.028938,0.031336,0.025844,0.013083,0.036233,0.020723,0.011956,0.015058,0.020069,10,-0.026782
momentum_20d,2021-02-03,-0.125495,160,0.044349,0.047629,0.009614,0.042551,0.021787,0.039943,0.034134,0.023126,0.014776,0.027501,10,-0.016848
momentum_20d,2021-02-04,-0.154764,160,0.079169,0.029921,0.03193,0.059317,0.036421,0.0443,0.040348,0.013991,0.032099,0.042344,10,-0.036824
momentum_20d,2021-02-05,-0.116225,160,0.056073,-0.004026,0.064985,0.031687,0.02139,0.031823,0.020149,0.031452,-0.006148,0.034312,10,-0.02176
momentum_20d,2021-02-08,-0.100791,160,0.040054,0.027514,0.015579,0.029651,0.027463,0.013311,0.010353,-0.008029,0.036373,0.014287,10,-0.025767
momentum_20d,2021-02-09,-0.152868,160,0.048881,0.040751,0.016302,0.023122,0.023891,0.012041,0.004955,0.017041,0.013903,0.009458,10,-0.039423
momentum_20d,2021-02-10,-0.122146,160,0.020355,-0.005766,0.031401,0.016175,-0.013988,0.003992,-0.010786,0.02533,-0.00434,-0.023693,10,-0.044049
momentum_20d,2021-02-11,-0.088741,160,0.029411,0.054437,-0.00544,0.019246,0.034479,0.008857,0.023854,0.012662,0.014863,-0.001976,10,-0.031388
momentum_20d,2021-02-12,0.026125,160,0.006812,0.047512,0.011755,0.006824,0.014291,0.043085,0.039785,-0.001902,0.041597,0.005522,10,-0.001291
momentum_20d,2021-02-15,-0.037138,160,0.035006,0.033184,0.03302,0.01832,0.04008,0.054061,0.034901,0.050487,0.037128,0.005076,10,-0.02993
momentum_20d,2021-02-16,0.038665,160,0.021969,0.003309,0.02438,-0.000333,0.020432,0.017643,0.026818,0.031035,0.045034,-0.00576,10,-0.027729
momentum_20d,2021-02-17,0.087818,160,0.004657,-0.017839,0.028055,-0.02668,-0.00889,-0.00764,0.021803,0.008157,0.02473,-0.004301,10,-0.008958
momentum_20d,2021-02-18,0.047788,160,0.005463,0.003111,0.012959,0.017019,0.003855,-0.001885,-0.007039,0.010484,0.00492,0.032658,10,0.027196
momentum_20d,2021-02-19,0.059244,160,0.023345,-0.000939,0.025155,0.02768,0.03573,0.022086,0.003002,-0.000475,0.020306,0.057243,10,0.033898
momentum_20d,2021-02-22,0.094571,160,0.013805,0.00178,0.029937,-0.003948,0.047223,0.001823,0.019738,0.023316,0.016099,0.040422,10,0.026617
momentum_20d,2021-02-23,0.133763,160,0.027375,0.030359,0.067063,0.034631,0.029922,0.056826,0.050402,0.033056,0.050997,0.073838,10,0.046463
momentum_20d,2021-02-24,0.12045,160,0.018695,0.053368,0.033828,0.047602,0.017673,0.024785,0.058001,0.039395,0.045357,0.055562,10,0.036867
momentum_20d,2021-02-25,0.14993,160,0.058992,0.02092,0.067317,0.052771,0.0692,0.039568,0.060778,0.07327,0.045821,0.090415,10,0.031423
momentum_20d,2021-02-26,0.123488,160,0.065954,0.062312,0.077258,0.093352,0.059661,0.080581,0.069622,0.100354,0.092648,0.082652,10,0.016699
momentum_20d,2021-03-01,0.16285,160,0.081832,0.045864,0.091414,0.107318,0.083385,0.098541,0.109552,0.104247,0.095109,0.096924,10,0.015092
momentum_20d,2021-03-02,0.157377,160,0.086707,0.067925,0.0882,0.115056,0.096533,0.128604,0.129412,0.094029,0.113265,0.104124,10,0.017417
momentum_20d,2021-03-03,0.112381,160,0.09496,0.088483,0.083472,0.120876,0.127752,0.11803,0.099146,0.119317,0.103869,0.116817,10,0.021857
momentum_20d,2021-03-04,0.057916,160,0.094556,0.09328,0.091096,0.112534,0.094724,0.124143,0.113449,0.087001,0.096757,0.103754,10,0.009199
momentum_20d,2021-03-05,-0.001169,160,0.084241,0.087069,0.108857,0.085559,0.090087,0.111496,0.08879,0.096337,0.078872,0.085986,10,0.001745
momentum_20d,2021-03-08,0.013293,160,0.063795,0.084551,0.092366,0.098989,0.088163,0.074148,0.079855,0.077911,0.081,0.088591,10,0.024796
momentum_20d,2021-03-09,-0.041076,160,0.040446,0.068468,0.073114,0.076543,0.048938,0.054768,0.05316,0.071304,0.048338,0.049527,10,0.009081
momentum_20d,2021-03-10,0.035131,160,0.057788,0.068367,0.098786,0.085986,0.037569,0.077801,0.061392,0.077297,0.074489,0.080375,10,0.022586
momentum_20d,2021-03-11,0.012437,160,0.061306,0.066884,0.052936,0.077162,0.064789,0.038628,0.070046,0.067347,0.067613,0.048711,10,-0.012595
momentum_20d,2021-03-12,0.024095,160,0.039647,0.035437,0.008472,0.046266,0.032013,0.034254,0.016117,0.053671,0.047906,0.015912,10,-0.023734
momentum_20d,2021-03-15,-0.050598,160,0.040528,0.00049,0.00156,0.025589,0.000458,0.008103,0.027967,0.008826,0.002938,0.014962,10,-0.025566
momentum_20d,2021-03-16,-0.000943,160,0.017438,-0.005777,-0.017961,-0.010751,0.002963,-0.00582,0.004461,-0.001231,0.017084,-0.009634,10,-0.027071
momentum_20d,2021-03-17,-0.035219,160,0.011855,0.002297,-0.007933,-0.03213,-0.007671,0.002075,-0.003513,0.003322,0.004129,-0.022102,10,-0.033957
momentum_20d,2021-03-18,-0.043847,160,-0.016993,-0.021061,-0.05092,-0.013356,-0.023491,-0.01965,-0.0278,-0.016176,-0.028236,-0.038872,10,-0.021879
momentum_20d,2021-03-19,-0.03047,160,-0.019861,-0.035387,-0.01565,-0.056997,-0.048886,-0.015499,-0.021455,-0.021728,-0.023063,-0.047732,10,-0.027871
momentum_20d,2021-03-22,0.045881,160,-0.021918,-0.026654,-0.009051,-0.015274,-0.031022,-0.03616,0.017698,-0.002704,-0.006967,-0.026677,10,-0.004759
momentum_20d,2021-03-23,-0.019044,160,-0.021024,-0.024474,-0.006988,-0.018673,-0.014174,-0.034143,-0.017153,-0.000489,-0.003238,-0.037105,10,-0.016081
momentum_20d,2021-03-24,0.061224,160,-0.019647,-0.040376,-0.017965,-0.018996,-0.017525,-0.011357,-0.009975,-5.2e-05,-0.024309,-0.029869,10,-0.010222
momentum_20d,2021-03-25,0.047829,160,-0.05532,-0.045801,-0.034049,-0.037402,-0.060908,-0.026236,-0.041141,-0.034487,-0.038118,-0.051874,10,0.003446
momentum_20d,2021-03-26,-0.00508,160,-0.034963,-0.028689,-0.0345,-0.062566,-0.026362,-0.032767,-0.050966,-0.018744,-0.034566,-0.04436,10,-0.009396
momentum_20d,2021-03-29,0.023825,160,-0.053549,-0.062686,-0.031049,-0.047343,-0.064102,-0.041767,-0.027322,-0.052466,-0.036982,-0.061272,10,-0.007723
momentum_20d,2021-03-30,0.002555,160,-0.052384,-0.029582,-0.056304,-0.052786,-0.041421,-0.035608,-0.049747,-0.006273,-0.0577,-0.065154,10,-0.01277
momentum_20d,2021-03-31,-0.007805,160,-0.018109,-0.02233,-0.019859,-0.011542,-0.004594,-0.016906,-0.017789,-0.019557,-0.042725,-0.000925,10,0.017184
momentum_20d,2021-04-01,-0.037671,160,0.007355,-0.030634,-0.01057,0.005113,-0.018278,-0.013672,-0.01568,-0.019789,-0.007303,-0.00896,10,-0.016316
momentum_20d,2021-04-02,0.017356,160,0.009781,0.006592,0.011521,0.013309,-0.005161,-0.018488,0.00309,0.014227,0.022691,0.01157,10,0.001789
momentum_20d,2021-04-05,0.041846,160,0.002713,0.004079,-0.005528,-0.001572,-0.018056,-0.014779,0.018501,0.001367,0.008694,-0.002807,10,-0.005519
momentum_20d,2021-04-06,0.042585,160,0.006286,-0.003686,0.012111,-0.019669,-0.009208,0.002921,-0.008334,0.031458,0.003802,0.005385,10,-0.000901
momentum_20d,2021-04-07,0.086965,160,0.012229,-0.008645,-0.008808,-0.022993,-0.04479,-0.015656,0.005814,-0.012193,0.008909,0.017389,10,0.00516
momentum_20d,2021-04-08,0.082093,160,0.026079,-0.013548,0.009662,0.027178,0.000246,0.011734,0.006032,0.017341,0.021382,0.036561,10,0.010482
momentum_20d,2021-04-09,0.115129,160,0.008245,-0.006798,0.011803,-0.018931,0.016119,-0.020459,0.026331,0.018731,0.024528,0.019848,10,0.011602
momentum_20d,2021-04-12,0.117333,160,0.033757,0.036626,0.012499,0.038149,0.024312,0.054469,0.025098,0.054166,0.044037,0.060147,10,0.026391
momentum_20d,2021-04-13,0.114587,160,0.037658,0.001279,0.022943,0.051516,0.027728,0.034912,0.038736,0.037971,0.059318,0.047462,10,0.009804
momentum_20d,2021-04-14,0.157483,160,0.02029,0.008533,-0.0219,0.026988,0.021394,-0.001168,0.027746,0.020451,0.027019,0.050223,10,0.029934
momentum_20d,2021-04-15,0.178123,160,0.018919,0.007647,0.002831,0.043508,0.016468,0.04237,0.009334,0.024116,0.05221,0.054456,10,0.035537
momentum_20d,2021-04-16,0.198447,160,0.000833,-0.010241,0.010733,0.005481,0.028572,0.023587,0.013592,0.027149,0.04037,0.047956,10,0.047123
momentum_20d,2021-04-19,0.203689,160,-0.009757,-0.01713,-0.012083,-0.011405,-0.012716,0.006778,-0.006371,-0.003517,0.023683,0.043072,10,0.05283
momentum_20d,2021-04-20,0.19947,160,-0.022059,-0.011033,0.006585,-0.022004,-0.017012,-0.026107,-0.003788,0.001614,0.03783,0.016523,10,0.038582
momentum_20d,2021-04-21,0.114681,160,-0.014904,0.003827,-0.007947,0.003183,-0.020888,0.009901,-0.007139,-0.018258,0.045246,0.010593,10,0.025497
momentum_20d,2021-04-22,0.112352,160,-0.034269,-0.007854,-0.016879,-0.024405,-0.051664,0.001113,0.003591,-0.038313,0.0064,0.00252,10,0.036789
momentum_20d,2021-04-23,0.094861,160,-0.020154,-0.00107,-0.007424,-0.01248,-0.018129,-0.000118,-0.034742,-0.005525,0.002833,0.023258,10,0.043413
momentum_20d,2021-04-26,0.147401,160,-0.024112,-0.019013,-0.030531,-0.005962,-0.038781,-0.027526,-0.007671,-0.010034,-0.005401,0.016974,10,0.041086
momentum_20d,2021-04-27,0.136499,160,-0.019502,-0.023397,-0.049288,-0.029708,-0.027812,-0.031913,-0.01974,-0.032637,0.007728,-0.004961,10,0.014541
momentum_20d,2021-04-28,0.179535,160,-0.034893,-0.054159,-0.058014,-0.037455,-0.063325,-0.047221,-0.036758,-0.042353,-0.027681,-0.003049,10,0.031843
momentum_20d,2021-04-29,0.085275,160,-0.058934,-0.061791,-0.042918,-0.071408,-0.05037,-0.067949,-0.071696,-0.061205,-0.031392,-0.033049,10,0.025885
momentum_20d,2021-04-30,0.003466,160,-0.051355,-0.049369,-0.057664,-0.049314,-0.074045,-0.061235,-0.059675,-0.087075,-0.029932,-0.044741,10,0.006613
momentum_20d,2021-05-03,-0.036028,160,-0.018574,-0.016746,-0.030535,-0.029293,-0.0282,-0.046811,-0.032769,-0.048195,-0.022005,-0.003663,10,0.014911
momentum_20d,2021-05-04,-0.019876,160,-0.01984,-0.003633,-0.022449,-0.034256,-0.045426,-0.048353,-0.037046,-0.029657,-0.003422,0.000414,10,0.020253
momentum_20d,2021-05-05,0.078897,160,-0.012705,-0.01506,-0.020231,-0.018914,-0.047973,-0.03961,-0.02611,-0.026181,0.000609,0.015352,10,0.028057
momentum_20d,2021-05-06,-0.008198,160,-0.012793,-0.027108,-0.012274,-0.012395,-0.026419,-0.044269,-0.038235,-0.030063,-0.023055,0.001891,10,0.014684
momentum_20d,2021-05-07,-0.005385,160,-0.032325,-0.031364,-0.008888,-0.051311,-0.040449,-0.049557,-0.0706,-0.038956,-0.033943,-0.010661,10,0.021664
momentum_20d,2021-05-10,-0.038234,160,-0.04836,-0.04455,-0.048879,-0.058543,-0.064644,-0.068625,-0.053668,-0.081154,-0.043821,-0.049592,10,-0.001232
momentum_20d,2021-05-11,-0.016565,160,-0.03297,-0.039891,-0.035073,-0.037671,-0.047499,-0.065857,-0.042137,-0.057378,-0.045825,-0.018882,10,0.014088
momentum_20d,2021-05-12,-0.077426,160,0.00118,0.001525,-0.021112,-0.019717,-0.01661,-0.023679,-0.031404,-0.040779,-0.017303,-0.004451,10,-0.005632
momentum_20d,2021-05-13,-0.08364,160,0.008991,-0.009373,0.023418,-0.022717,-0.014286,-0.020649,-0.010466,0.001391,-0.013947,-0.010198,10,-0.019189
momentum_20d,2021-05-14,-0.065229,160,0.016502,0.004922,-0.002856,0.001075,0.029522,-0.006276,0.009859,-0.001031,0.006782,-0.008114,10,-0.024616
momentum_20d,2021-05-17,-0.110117,160,0.005333,-0.001496,-0.008399,-0.002954,-0.016486,-0.008239,0.000879,-0.019474,-0.013479,-0.023618,10,-0.028951
momentum_20d,2021-05-18,-0.009829,160,-0.002336,0.000128,-0.011796,-0.023525,0.006386,0.00854,0.007576,-0.002333,-0.005215,-0.028678,10,-0.026343
momentum_20d,2021-05-19,-0.021944,160,-0.00715,-0.007575,0.012908,-0.018537,0.003878,0.001641,-0.008962,0.002875,-0.01467,-0.017588,10,-0.010437
momentum_20d,2021-05-20,-0.043215,160,0.016118,0.016995,0.005627,-0.003571,0.020251,0.00838,0.004796,0.006779,0.008722,0.000544,10,-0.015574
momentum_20d,2021-05-21,-0.020825,160,0.038508,0.025165,0.019765,0.031269,0.028527,0.057974,0.021628,0.019091,0.038201,0.008803,10,-0.029704
momentum_20d,2021-05-24,-0.017816,160,0.056158,0.021743,0.024291,0.037244,0.065967,0.035253,0.0426,0.015305,0.058233,0.027043,10,-0.029115
momentum_20d,2021-05-25,0.017318,160,0.033065,0.007525,0.01056,0.018845,0.022466,0.010498,0.037566,0.009464,0.033707,0.000152,10,-0.032914
momentum_20d,2021-05-26,0.000357,160,0.002851,0.005029,0.002532,0.007782,0.02811,0.025686,-0.001162,-0.00273,0.014108,0.001548,10,-0.001304
momentum_20d,2021-05-27,0.004902,160,0.015322,-0.007435,0.018181,0.010373,0.008915,-0.004309,0.011942,0.017204,-0.010259,0.009792,10,-0.00553
momentum_20d,2021-05-28,0.079954,160,0.003303,-0.021626,0.001669,-0.014281,-0.018743,-0.001616,-0.016552,-0.007326,0.01515,0.003144,10,-0.000159
momentum_20d,2021-05-31,0.048652,160,0.034352,5.9e-05,-0.002271,0.00101,-0.004369,-0.001117,0.021969,0.010973,0.009182,0.01662,10,-0.017732
momentum_20d,2021-06-01,-0.016199,160,0.012983,-0.00153,-0.010637,-0.014123,-0.005601,-0.013083,-0.010535,0.007467,-0.005291,-0.019073,10,-0.032056
momentum_20d,2021-06-02,-0.007492,160,-0.001395,0.031439,-0.011033,-0.018186,-0.029355,0.005662,0.008291,0.015351,-0.004797,-0.020786,10,-0.019392
momentum_20d,2021-06-03,-0.017963,160,0.015764,0.018765,0.000775,-0.015195,-0.0009,0.005404,0.003272,0.005927,0.016005,-0.011612,10,-0.027376
momentum_20d,2021-06-04,-0.020602,160,-0.002789,0.009224,0.003329,-0.015522,0.005194,-0.006179,-0.015804,0.005317,-0.002155,-0.008954,10,-0.006165
momentum_20d,2021-06-07,-0.05,160,0.021991,0.012126,0.037656,0.019349,0.022074,-0.005079,0.037574,-0.008672,0.013774,0.010286,10,-0.011706
momentum_20d,2021-06-08,-0.068039,160,0.03651,0.063187,0.033772,0.039009,0.024484,0.018261,0.027301,0.040903,0.029693,0.023264,10,-0.013245
momentum_20d,2021-06-09,-0.112235,160,0.018936,0.062057,0.022493,0.039656,0.003802,0.019201,0.033418,0.017115,0.017672,0.023018,10,0.004083
momentum_20d,2021-06-10,-0.08008,160,0.037732,0.047492,0.057062,0.025883,0.046779,0.030896,0.037741,0.041032,0.023223,0.029967,10,-0.007765
momentum_20d,2021-06-11,-0.052748,160,0.041712,0.039977,0.079633,0.051718,0.050386,0.019164,0.033713,0.065113,0.033123,0.041255,10,-0.000457
momentum_20d,2021-06-14,-0.013243,160,0.040949,0.036301,0.054847,0.04079,0.046499,0.039998,0.038768,0.029791,0.025596,0.051015,10,0.010066
momentum_20d,2021-06-15,0.050633,160,0.044591,0.056791,0.065297,0.06507,0.033219,0.067269,0.054898,0.043783,0.055473,0.067075,10,0.022484
momentum_20d,2021-06-16,0.053677,160,0.058841,0.05378,0.073242,0.056061,0.0685,0.068025,0.06779,0.052639,0.054004,0.077088,10,0.018247
momentum_20d,2021-06-17,0.059654,160,0.036494,0.044761,0.064241,0.063844,0.026394,0.071411,0.044083,0.055772,0.047483,0.05264,10,0.016146
momentum_20d,2021-06-18,0.037077,160,0.043006,0.013482,0.044536,0.023763,0.038819,0.014768,0.052716,0.039204,0.042669,0.026181,10,-0.016825
momentum_20d,2021-06-21,-0.016451,160,0.023774,-0.005225,0.000441,0.015603,-0.011484,-0.000994,0.004949,0.001571,0.020045,-0.000816,10,-0.024591
momentum_20d,2021-06-22,-0.063263,160,0.031711,-0.009395,-0.01463,-0.006957,-0.029134,0.022712,-0.000458,0.002868,0.000223,-0.014147,10,-0.045858
momentum_20d,2021-06-23,-0.114883,160,0.028888,0.041908,0.007225,-0.021318,0.016521,0.032161,0.013739,0.008683,0.006951,-0.002168,10,-0.031056
momentum_20d,2021-06-24,-0.204861,160,0.009478,0.008741,-0.020865,-0.003209,0.005402,-0.021491,0.00026,-0.01456,-0.029352,-0.027382,10,-0.03686
momentum_20d,2021-06-25,-0.165042,160,0.008297,-0.014379,-0.02786,-0.007916,0.002474,-0.04279,-0.028946,-0.017462,-0.017691,-0.049537,10,-0.057833
momentum_20d,2021-06-28,-0.167983,160,0.015245,0.004339,-0.030569,0.003977,-0.015877,-0.017313,-0.0202,-0.019086,-0.018217,-0.038998,10,-0.054244
momentum_20d,2021-06-29,-0.197354,160,0.016057,0.010981,-0.007392,0.005116,-0.020718,-0.028874,-0.011299,-0.014932,-0.00725,-0.033897,10,-0.049954
momentum_20d,2021-06-30,-0.067576,160,0.013475,-0.010333,-0.004232,-0.007668,-0.022079,-0.019239,0.014394,0.009341,-0.013575,-0.026899,10,-0.040375
momentum_20d,2021-07-01,-0.041498,160,-0.01198,0.005679,-0.020482,-0.021555,-0.018537,-0.035454,0.022457,0.012877,-0.019739,-0.043464,10,-0.031484
momentum_20d,2021-07-02,-0.015941,160,-0.021349,-0.024709,-0.026284,-0.029489,-0.017187,-0.036591,-0.00249,0.006804,-0.016908,-0.056384,10,-0.035035
momentum_20d,2021-07-05,0.01883,160,-0.006316,0.022902,-0.00612,-0.002223,0.015696,0.029149,0.028257,-0.010284,0.006202,0.00153,10,0.007846
momentum_20d,2021-07-06,0.060058,160,-0.01259,-0.002187,0.005574,-0.006691,0.02635,0.010029,-0.00092,0.008469,-0.00249,0.002927,10,0.015518
momentum_20d,2021-07-07,-0.011113,160,-0.001475,-0.012425,-0.01349,0.015104,0.007359,0.012575,-0.001619,-0.004115,-0.019426,-0.003202,10,-0.001727
momentum_20d,2021-07-08,-0.042163,160,0.018092,0.023274,-0.002885,0.027371,-0.004052,0.029749,0.028074,0.005243,0.008036,0.009195,10,-0.008897
momentum_20d,2021-07-09,-0.135996,160,0.019731,0.007906,0.020897,0.022901,0.016887,0.000615,0.007248,-0.003114,0.005066,-0.004039,10,-0.02377
momentum_20d,2021-07-12,-0.105423,160,0.017452,-0.010208,-0.003849,0.024155,0.016807,0.018301,-0.018798,0.001625,0.000831,-0.010427,10,-0.02788
momentum_20d,2021-07-13,-0.138451,160,0.014131,0.00957,0.020404,0.007006,0.034729,0.006113,-0.000991,0.004096,0.0186,-0.015016,10,-0.029146
momentum_20d,2021-07-14,-0.147451,160,-0.00853,0.006068,0.007586,0.002991,0.021332,0.020803,-0.002638,-0.018142,-0.005484,-0.022817,10,-0.014288
momentum_20d,2021-07-15,-0.134947,160,-0.006835,0.0278,0.009292,0.020981,0.021982,0.02447,0.00113,-0.002881,-0.000901,-0.008754,10,-0.001919
momentum_20d,2021-07-16,-0.08197,160,0.021837,0.044159,0.032081,0.049888,0.036194,0.000109,0.029785,0.032599,0.047134,0.01047,10,-0.011367
momentum_20d,2021-07-19,-0.12435,160,-0.010231,0.023831,0.015585,0.032966,-0.003882,-0.009751,0.020478,0.00723,-0.012122,-0.003387,10,0.006844
momentum_20d,2021-07-20,-0.123242,160,0.001956,0.025689,0.041943,0.035132,0.014857,-0.005253,0.012392,0.032291,0.000621,0.000275,10,-0.001682
momentum_20d,2021-07-21,-0.101981,160,-0.009779,0.037941,0.028047,0.015688,0.02837,0.011328,-0.005822,0.023854,0.003263,-0.002233,10,0.007547
momentum_20d,2021-07-22,-0.094348,160,0.003924,0.006793,0.023983,0.017234,0.006909,-0.014326,0.010906,-0.001907,0.001857,-0.006988,10,-0.010912
momentum_20d,2021-07-23,-0.038709,160,0.013397,0.038915,0.031942,0.021152,0.010811,0.023478,0.007246,0.008821,0.022483,0.017171,10,0.003773
momentum_20d,2021-07-26,-0.082445,160,-0.004042,0.015227,0.003102,-0.015869,-0.012188,-0.007397,0.001074,-0.027309,-0.022676,2.4e-05,10,0.004066
momentum_20d,2021-07-27,-0.094442,160,-0.031453,-0.0023,-0.010838,-0.001316,-0.036806,-0.020527,-0.018208,-0.05801,-0.028725,-0.019182,10,0.012271
momentum_20d,2021-07-28,-0.091301,160,-0.046067,-0.042684,-0.043901,-0.047855,-0.053382,-0.047786,-0.047837,-0.084494,-0.045948,-0.055546,10,-0.009479
momentum_20d,2021-07-29,-0.06972,160,-0.039794,-0.052649,-0.032653,-0.029237,-0.042311,-0.050719,-0.060638,-0.046466,-0.056153,-0.035999,10,0.003794
momentum_20d,2021-07-30,-0.046578,160,-0.044533,-0.028486,-0.030975,-0.052569,-0.028776,-0.056403,-0.042291,-0.045468,-0.053253,-0.037421,10,0.007112
momentum_20d,2021-08-02,-0.051957,160,-0.016686,-0.029946,-0.012833,-0.02493,-0.03838,-0.041836,-0.031878,-0.038928,-0.021414,-0.031959,10,-0.015273
momentum_20d,2021-08-03,0.028305,160,-0.00934,0.005987,-0.016279,-0.003396,0.013718,-0.010964,0.002912,-0.018419,-0.001084,0.005726,10,0.015066
momentum_20d,2021-08-04,0.043809,160,0.012212,-0.002616,0.008213,0.01602,0.027558,-0.00995,-0.004404,0.001512,-0.001704,0.019694,10,0.007482
momentum_20d,2021-08-05,0.009929,160,0.003641,-0.001851,0.014985,0.016869,-0.018377,-0.018211,0.015584,0.01994,-0.014564,-0.000913,10,-0.004554
momentum_20d,2021-08-06,-0.032995,160,0.009365,0.021043,0.036959,0.036549,-0.01015,0.031579,0.016893,0.007698,0.022164,0.011477,10,0.002112
momentum_20d,2021-08-09,-0.086898,160,0.024717,0.022669,0.033584,0.054293,0.01823,0.039634,-0.004357,0.015481,0.027234,0.010255,10,-0.014461
momentum_20d,2021-08-10,-0.019114,160,0.046334,0.002893,0.06584,0.032805,0.036328,0.039628,0.026746,0.021283,0.02796,0.043095,10,-0.003239
momentum_20d,2021-08-11,-0.110067,160,0.069916,0.080433,0.087678,0.035387,0.057213,0.053092,0.083867,0.066311,0.034321,0.056941,10,-0.012976
momentum_20d,2021-08-12,-0.143935,160,0.043293,0.048173,0.078176,0.058685,0.030388,0.060678,0.030107,0.048002,0.036695,0.028454,10,-0.01484
momentum_20d,2021-08-13,-0.084454,160,0.042384,0.065678,0.088247,0.055377,0.035981,0.030574,0.068377,0.064337,0.053248,0.035113,10,-0.007271
momentum_20d,2021-08-16,-0.097554,160,0.05961,0.056828,0.097685,0.035871,0.034398,0.066425,0.046632,0.041718,0.059876,0.034337,10,-0.025272
momentum_20d,2021-08-17,-0.143358,160,0.033556,0.054923,0.057317,0.045245,0.047263,0.027227,0.032348,0.034463,0.012398,0.025931,10,-0.007624
momentum_20d,2021-08-18,-0.124004,160,-0.002368,0.064138,0.050124,0.021231,0.025599,0.011152,0.025023,0.020004,-0.00083,0.021562,10,0.023931
momentum_20d,2021-08-19,-0.090428,160,0.026758,0.078282,0.084557,0.031531,0.05308,0.046086,0.048169,0.059273,0.036881,0.032833,10,0.006075
momentum_20d,2021-08-20,-0.0787,160,0.012275,0.011875,0.060825,0.01149,0.031682,0.008128,0.006261,0.041964,0.009189,0.005188,10,-0.007088
momentum_20d,2021-08-23,-0.076693,160,0.012085,0.02446,-0.000572,0.018599,0.047768,0.012825,-0.003201,-0.018578,0.016559,0.013822,10,0.001737
momentum_20d,2021-08-24,-0.14451,160,0.026192,0.03587,0.031341,0.043457,0.038494,0.007269,0.016705,0.003554,0.00884,0.016863,10,-0.009329
momentum_20d,2021-08-25,-0.059003,160,0.023526,0.039236,-0.000871,-0.014039,0.047502,0.019943,-0.014896,0.030996,-0.01153,0.02335,10,-0.000177
momentum_20d,2021-08-26,-0.017804,160,0.035219,0.041798,0.014882,0.007146,0.032519,0.020637,0.020358,0.017652,0.013077,0.040581,10,0.005363
momentum_20d,2021-08-27,-0.072615,160,0.040518,0.047814,0.009712,0.043981,0.040158,0.033393,0.011154,0.026451,0.02946,0.022141,10,-0.018377
momentum_20d,2021-08-30,0.003911,160,0.030402,0.063498,0.042943,0.014775,0.04428,0.047744,0.034908,0.042966,0.015924,0.051519,10,0.021117
momentum_20d,2021-08-31,0.039869,160,0.048168,0.036245,0.046037,0.027584,0.028375,0.030852,0.036089,0.04014,0.02085,0.070386,10,0.022218
momentum_20d,2021-09-01,-0.008464,160,0.059158,0.048094,0.059576,0.047608,0.029268,0.052661,0.053511,0.041966,0.042222,0.054953,10,-0.004205
momentum_20d,2021-09-02,-0.017605,160,0.040452,0.023983,0.015625,0.033543,0.023216,0.013323,0.051697,0.016353,0.016431,0.028277,10,-0.012175
momentum_20d,2021-09-03,0.003126,160,0.046896,0.047193,0.031527,0.042466,0.00685,0.039916,0.042846,0.038389,0.029497,0.04667,10,-0.000225
momentum_20d,2021-09-06,0.061608,160,0.064295,0.064366,0.083147,0.053376,0.041538,0.066581,0.082097,0.075048,0.066602,0.067712,10,0.003417
momentum_20d,2021-09-07,0.042221,160,0.038831,0.066104,0.074217,0.046554,0.043429,0.051974,0.077582,0.044942,0.054799,0.060909,10,0.022078
momentum_20d,2021-09-08,0.050387,160,0.047804,0.07001,0.041748,0.066418,0.038289,0.04818,0.076482,0.086594,0.0425,0.05216,10,0.004356
momentum_20d,2021-09-09,0.051784,160,0.028455,0.016459,0.015372,-0.009589,0.028654,0.022387,0.0348,0.040206,0.022742,0.014496,10,-0.013959
momentum_20d,2021-09-10,0.078199,160,0.010937,-0.009741,0.009088,0.011827,0.003814,0.010552,0.01196,0.011371,0.025668,0.004471,10,-0.006466
momentum_20d,2021-09-13,0.066322,160,-0.009584,-0.001765,0.008862,-0.016736,-0.012343,-0.022607,0.022149,0.006356,0.012911,-0.003192,10,0.006392
momentum_20d,2021-09-14,0.048743,160,-0.006551,-0.033795,-0.013873,0.006224,-0.017431,-0.025578,-0.015566,0.023664,0.006842,-0.020185,10,-0.013634
momentum_20d,2021-09-15,0.016228,160,-0.012459,-0.006742,-0.017238,-0.013335,-0.009855,-0.011993,-0.002275,-0.007353,0.012182,-0.023076,10,-0.010617
momentum_20d,2021-09-16,0.013316,160,-0.00269,-0.008914,0.004254,-0.008904,0.034654,-0.010494,0.014497,0.005168,0.017158,-0.018609,10,-0.015919
momentum_20d,2021-09-17,-0.020699,160,-0.005571,-0.003725,-0.006691,0.003808,0.01289,-0.0024,0.002178,0.014547,0.008365,-0.013171,10,-0.0076
momentum_20d,2021-09-20,-0.01588,160,-0.02724,-0.028816,-0.027609,-0.01087,-0.009643,-0.022437,-0.036489,-0.010688,-0.021781,-0.034182,10,-0.006942
momentum_20d,2021-09-21,0.007697,160,-0.039731,-0.052207,-0.043421,-0.027173,-0.0412,-0.056307,-0.033766,-0.029667,-0.064431,-0.030438,10,0.009293
momentum_20d,2021-09-22,-0.034964,160,-0.03418,-0.033361,-0.041263,-0.03782,-0.029067,-0.034463,-0.045379,-0.026314,-0.03586,-0.042985,10,-0.008805
momentum_20d,2021-09-23,-0.00208,160,0.001433,-0.001378,-0.022128,-0.001444,0.007635,-0.002126,-0.000564,-0.004984,-0.02224,0.013483,10,0.01205
momentum_20d,2021-09-24,-0.052449,160,0.007066,-0.004337,-0.012283,-0.004969,-0.009894,-0.006094,-0.018421,-0.020268,0.003224,-0.012467,10,-0.019534
momentum_20d,2021-09-27,-0.035509,160,-0.000357,-0.010588,-0.016886,-0.008981,0.017181,0.000888,-0.018324,-0.02249,-0.029054,0.014914,10,0.015272
momentum_20d,2021-09-28,0.022934,160,0.008658,-0.003172,-0.019702,0.001726,0.020586,-0.001466,-0.011041,-0.013477,0.004254,0.003058,10,-0.0056
momentum_20d,2021-09-29,0.002212,160,0.001964,-0.010295,2.1e-05,-0.011673,0.011016,-0.00214,-0.014502,0.005653,-0.016271,-0.003831,10,-0.005795
momentum_20d,2021-09-30,0.003806,160,-0.013357,-0.002527,-0.005565,-0.008539,0.003291,0.006523,-0.017223,0.001877,-0.021682,-0.005814,10,0.007543
momentum_20d,2021-10-01,0.020248,160,-0.016935,-0.01785,-0.005512,0.013836,-0.000923,-0.01492,-0.025379,-0.013303,-0.010239,-0.005464,10,0.011471
momentum_20d,2021-10-04,-0.04625,160,0.016561,0.007682,0.017603,0.026129,0.002137,0.013259,0.016881,-0.014929,0.00643,0.014316,10,-0.002245
momentum_20d,2021-10-05,-0.062434,160,0.017702,0.047652,0.011343,0.017375,0.033312,0.013211,0.011702,0.012951,0.018345,0.018931,10,0.001229
momentum_20d,2021-10-06,-0.079521,160,0.023995,0.034172,0.041645,0.003502,0.031434,0.038922,0.010794,0.011701,0.025028,0.025962,10,0.001967
momentum_20d,2021-10-07,-0.135729,160,0.039435,0.04957,0.040419,0.018384,0.022178,0.02539,0.017251,0.032217,0.018455,0.028933,10,-0.010501
momentum_20d,2021-10-08,-0.093578,160,0.030935,0.036459,0.051281,0.037644,0.024123,0.018479,0.040134,0.016782,0.017079,0.037655,10,0.00672
momentum_20d,2021-10-11,-0.091887,160,0.056694,0.01612,0.03497,0.022383,0.033933,0.009462,0.036608,0.004893,0.021412,0.020584,10,-0.03611
momentum_20d,2021-10-12,-0.075404,160,0.022287,0.066573,0.016408,0.017857,0.018663,0.028392,0.022586,0.008899,0.0241,0.026993,10,0.004707
momentum_20d,2021-10-13,-0.126711,160,0.027905,0.075055,0.049124,0.004019,0.024428,0.027087,0.003619,0.029018,0.030148,0.029515,10,0.00161
momentum_20d,2021-10-14,-0.189084,160,0.036051,0.060488,0.007666,0.004616,0.012844,0.004714,-0.00876,0.023816,0.019298,0.002215,10,-0.033837
momentum_20d,2021-10-15,-0.188383,160,0.05589,0.050023,0.01236,0.002788,0.01459,0.003117,-0.002995,0.017254,0.012268,0.000321,10,-0.055568
momentum_20d,2021-10-18,-0.151406,160,0.033237,0.060894,0.005703,0.0015,-0.001642,0.006733,-0.007275,-0.01385,0.005816,0.02394,10,-0.009296
momentum_20d,2021-10-19,-0.099367,160,0.024605,0.007629,0.012473,0.022454,0.014465,0.018028,-0.000523,-0.008053,-0.010657,0.01825,10,-0.006355
momentum_20d,2021-10-20,-0.074186,160,0.01255,-0.004267,-0.009739,-0.000958,-0.002596,-0.004247,0.017832,-0.017159,-0.027409,0.010852,10,-0.001698
momentum_20d,2021-10-21,-0.017834,160,-0.010878,-0.030487,-0.017568,-0.017523,-0.026117,-0.021385,-0.015293,-0.040884,-0.022627,-0.008826,10,0.002053
momentum_20d,2021-10-22,-0.023248,160,-0.027477,-0.030151,-0.054796,-0.024534,-0.022707,-0.040309,-0.039006,-0.044269,-0.035915,-0.014989,10,0.012489
momentum_20d,2021-10-25,-0.050167,160,-0.032521,-0.043706,-0.041753,-0.066854,-0.03508,-0.042432,-0.035638,-0.041377,-0.057956,-0.045451,10,-0.01293
momentum_20d,2021-10-26,0.001866,160,-0.052355,-0.07588,-0.031509,-0.056826,-0.06561,-0.046305,-0.042902,-0.053975,-0.079391,-0.047348,10,0.005007
momentum_20d,2021-10-27,-0.022384,160,-0.067871,-0.066724,-0.07263,-0.055124,-0.081256,-0.056694,-0.046105,-0.078617,-0.063608,-0.078152,10,-0.010281
momentum_20d,2021-10-28,-0.025062,160,-0.053028,-0.061757,-0.068781,-0.056467,-0.077813,-0.037296,-0.053664,-0.062721,-0.046688,-0.077563,10,-0.024535
momentum_20d,2021-10-29,-0.012173,160,-0.056857,-0.052935,-0.062404,-0.053333,-0.069164,-0.053749,-0.075118,-0.054564,-0.052564,-0.059501,10,-0.002644
momentum_20d,2021-11-01,0.023878,160,-0.063247,-0.044237,-0.092351,-0.058044,-0.070671,-0.053403,-0.065847,-0.073661,-0.060784,-0.057491,10,0.005756
momentum_20d,2021-11-02,-0.011253,160,-0.0751,-0.041155,-0.074302,-0.072907,-0.058056,-0.069024,-0.057314,-0.082778,-0.065536,-0.061139,10,0.013961
momentum_20d,2021-11-03,-0.058863,160,-0.053671,-0.068703,-0.063813,-0.065184,-0.066136,-0.077819,-0.078265,-0.071461,-0.080555,-0.059564,10,-0.005892
momentum_20d,2021-11-04,-0.018396,160,-0.047122,-0.066658,-0.059538,-0.092197,-0.069134,-0.062663,-0.07187,-0.068267,-0.072068,-0.058204,10,-0.011082
momentum_20d,2021-11-05,-0.023494,160,-0.050663,-0.026063,-0.073284,-0.072609,-0.058929,-0.053836,-0.050575,-0.075823,-0.058869,-0.043641,10,0.007022
momentum_20d,2021-11-08,-0.058716,160,-0.029034,-0.029798,-0.047882,-0.048641,-0.059032,-0.041066,-0.043671,-0.054151,-0.030772,-0.048521,10,-0.019487
momentum_20d,2021-11-09,-0.098626,160,0.00669,-0.017723,-0.036398,-0.036046,-0.033995,0.012174,-0.024802,-0.046949,-0.035108,-0.019577,10,-0.026267
momentum_20d,2021-11-10,-0.111028,160,0.013689,-0.000174,0.017876,-0.018365,-0.016458,0.00636,-0.012371,-0.014128,-0.003885,-0.015921,10,-0.02961
momentum_20d,2021-11-11,-0.076802,160,0.036952,0.002103,0.019468,0.020162,0.025977,0.011086,-0.004927,0.011908,0.014986,0.006587,10,-0.030365
momentum_20d,2021-11-12,-0.076386,160,0.044009,0.022223,0.063063,0.04159,0.010643,0.037051,0.000896,0.055191,0.022237,0.026506,10,-0.017502
momentum_20d,2021-11-15,-0.085014,160,0.027422,0.019283,0.039793,0.030636,0.021567,-0.007164,0.019052,0.033008,0.012446,0.01052,10,-0.016902
momentum_20d,2021-11-16,-0.107714,160,0.039313,0.054586,0.027497,0.051821,0.027264,0.023825,0.039388,0.012552,0.032686,0.027033,10,-0.012281
momentum_20d,2021-11-17,-0.097369,160,0.053603,0.048494,0.071799,0.056751,0.048986,0.056002,0.046697,0.034256,0.028907,0.048166,10,-0.005437
momentum_20d,2021-11-18,-0.120046,160,0.063154,0.077157,0.087708,0.051855,0.077538,0.049732,0.066056,0.069867,0.061669,0.04032,10,-0.022833
momentum_20d,2021-11-19,-0.119747,160,0.10967,0.096357,0.072183,0.07709,0.094688,0.080691,0.107659,0.087189,0.068168,0.067148,10,-0.042522
momentum_20d,2021-11-22,-0.107705,160,0.12733,0.110178,0.10818,0.094873,0.146809,0.107786,0.118846,0.087418,0.108603,0.100116,10,-0.027214
momentum_20d,2021-11-23,-0.09431,160,0.128381,0.107393,0.100673,0.11434,0.126872,0.101959,0.118171,0.076183,0.116781,0.089592,10,-0.038789
momentum_20d,2021-11-24,-0.088272,160,0.120508,0.098582,0.078962,0.112455,0.121496,0.082992,0.103838,0.104266,0.094676,0.072014,10,-0.048494
momentum_20d,2021-11-25,-0.030306,160,0.07185,0.088704,0.060575,0.057528,0.096123,0.076108,0.071694,0.073705,0.075299,0.047319,10,-0.02453
momentum_20d,2021-11-26,-0.055991,160,0.042338,0.046075,0.036396,0.039402,0.045935,0.037686,0.062745,0.040688,0.045323,0.007018,10,-0.035321
momentum_20d,2021-11-29,-0.081744,160,0.059306,0.061448,0.071918,0.056206,0.080054,0.072598,0.056463,0.062705,0.044156,0.040554,10,-0.018753
momentum_20d,2021-11-30,-0.058608,160,0.051055,0.06258,0.062113,0.061575,0.060793,0.044392,0.061337,0.044663,0.040901,0.049946,10,-0.001109
momentum_20d,2021-12-01,-0.024121,160,0.026332,0.04682,0.037544,0.03747,0.040915,0.020032,0.004313,0.048753,0.043232,0.021091,10,-0.005241
momentum_20d,2021-12-02,0.021048,160,0.038211,0.022875,0.011622,0.032904,0.044631,0.00275,0.024001,0.041105,0.020775,0.035206,10,-0.003005
momentum_20d,2021-12-03,0.05518,160,0.01015,0.009351,0.021438,-0.008607,0.027367,-0.012069,-0.018378,0.034179,0.027673,0.012587,10,0.002438
momentum_20d,2021-12-06,0.087964,160,-0.013569,-0.017346,-0.013239,0.028746,-0.026224,0.000409,-0.011198,0.01839,0.004163,0.003334,10,0.016903
momentum_20d,2021-12-07,0.145626,160,-0.029818,-0.023775,-0.012002,-0.02827,-0.003428,0.001287,-0.036627,-0.000198,0.010021,-0.003772,10,0.026046
momentum_20d,2021-12-08,0.149449,160,-0.028642,-0.035856,-0.025473,-0.02796,-0.015183,-0.015852,-0.015635,-0.012115,-0.003038,-0.013466,10,0.015176
momentum_20d,2021-12-09,0.045471,160,-0.013019,-0.027899,-0.005138,-0.024335,-0.002765,0.035849,-0.013415,-0.001595,-0.023374,-0.011654,10,0.001365
momentum_20d,2021-12-10,0.026954,160,0.000579,-0.011829,0.011804,-0.006764,0.019096,0.022535,0.010521,-0.006269,0.014275,0.011986,10,0.011408
momentum_20d,2021-12-13,0.090267,160,-0.024945,-0.022244,-0.035831,0.015225,-0.00485,-0.001805,-0.040807,-0.01098,0.01117,-0.005189,10,0.019756
momentum_20d,2021-12-14,0.152303,160,-0.012127,-0.02848,-0.010615,0.015911,-0.028013,-0.011268,-0.001337,-0.005985,0.023191,0.007677,10,0.019804
momentum_20d,2021-12-15,0.128548,160,0.026154,0.001955,0.034301,0.009438,0.033523,0.015934,0.016849,0.043082,0.03121,0.053673,10,0.02752
momentum_20d,2021-12-16,0.030684,160,0.048848,0.046035,0.017716,0.01777,0.057051,0.034557,0.022856,0.019398,0.053461,0.062508,10,0.01366
momentum_20d,2021-12-17,-0.01905,160,0.038892,0.018844,0.030613,0.019432,-0.006301,0.028247,0.012286,0.010674,0.045944,0.021694,10,-0.017198
momentum_20d,2021-12-20,-0.04639,160,0.020809,0.009582,0.009962,0.011793,0.025804,-0.002612,-0.009819,0.020996,0.020164,0.00398,10,-0.016828
momentum_20d,2021-12-21,-0.107667,160,0.019548,-0.022939,-0.006547,-0.012959,-0.000226,-0.005012,-0.006348,0.00922,-0.018539,-0.018246,10,-0.037794
momentum_20d,2021-12-22,-0.120781,160,0.002802,-0.022796,-0.025222,-0.019677,-0.036431,-0.026165,-0.013115,-0.024396,-0.013053,-0.0402,10,-0.043002
momentum_20d,2021-12-23,-0.092125,160,-0.010627,-0.033919,0.011063,-0.022976,-0.00343,-0.015577,-0.026356,-0.019895,-0.008924,-0.029807,10,-0.019179
momentum_20d,2021-12-24,-0.042005,160,-0.017676,-0.021045,-0.025708,-0.004431,-0.026706,-0.015919,-0.028657,-0.003306,-0.025491,-0.027821,10,-0.010145
momentum_20d,2021-12-27,-0.080285,160,-0.014614,-0.003449,-0.013343,-0.023555,0.005652,0.001934,-0.029472,-0.005024,-0.023165,-0.026854,10,-0.01224
momentum_20d,2021-12-28,-0.140124,160,-0.039357,-0.027311,-0.035294,-0.021196,-0.033073,-0.036308,-0.047113,-0.045288,-0.049612,-0.057365,10,-0.018008
momentum_20d,2021-12-29,-0.112759,160,-0.074651,-0.067975,-0.061196,-0.040782,-0.060111,-0.061486,-0.065575,-0.062675,-0.075026,-0.084304,10,-0.009653
momentum_20d,2021-12-30,-0.131958,160,-0.081539,-0.045534,-0.078369,-0.069643,-0.041503,-0.074836,-0.058519,-0.078132,-0.092825,-0.08384,10,-0.002301
momentum_20d,2021-12-31,-0.136227,160,-0.051562,-0.052972,-0.055526,-0.074515,-0.027102,-0.068078,-0.052839,-0.064749,-0.075982,-0.060416,10,-0.008854
momentum_20d,2022-01-03,-0.049751,160,-0.046244,-0.058452,-0.03963,-0.052163,-0.038352,-0.028265,-0.050633,-0.071341,-0.048626,-0.04997,10,-0.003726
momentum_20d,2022-01-04,-0.071578,160,-0.013563,-0.018775,-0.016148,-0.020285,-0.00733,-0.026767,-0.023442,-0.021819,-0.035808,-0.006617,10,0.006946
momentum_20d,2022-01-05,-0.056539,160,0.007243,-0.003142,-0.011246,-0.005603,0.000416,-0.030031,-0.019223,0.00108,-0.00473,0.000689,10,-0.006554
momentum_20d,2022-01-06,0.005863,160,-0.008916,-0.012701,0.003531,-0.000663,-0.034811,-0.015679,-0.006722,-0.016562,-2.3e-05,-0.003923,10,0.004993
momentum_20d,2022-01-07,-0.006484,160,-0.00988,-0.002457,-0.015108,-0.016871,-0.000481,-0.034003,-0.007884,-0.018119,-0.00064,-0.014735,10,-0.004855
momentum_20d,2022-01-10,-0.082257,160,0.007558,0.006597,-0.008935,-0.021397,-0.018908,-0.012514,-0.009113,-0.012927,-0.023069,0.002793,10,-0.004766
momentum_20d,2022-01-11,-0.120599,160,0.028656,0.007973,0.011204,0.018803,0.008953,0.032352,-0.005501,-0.005116,-0.018918,0.013093,10,-0.015563
momentum_20d,2022-01-12,-0.176389,160,0.061099,0.040185,0.021906,0.035543,0.037737,0.023996,0.029648,0.017885,0.003317,0.02565,10,-0.035448
momentum_20d,2022-01-13,-0.159548,160,0.038612,0.019894,0.022091,0.030583,0.010915,0.006832,0.034755,0.035733,-0.019639,0.000979,10,-0.037633
momentum_20d,2022-01-14,-0.151512,160,0.042965,0.030971,0.046785,0.035161,0.020497,-0.008142,0.052847,0.034422,0.006566,0.002628,10,-0.040337
momentum_20d,2022-01-17,-0.075835,160,0.033329,0.030686,0.04144,0.029408,0.035205,0.025753,0.056445,0.014707,0.023272,0.013735,10,-0.019594
momentum_20d,2022-01-18,-0.027977,160,0.016396,0.001178,0.016926,0.018741,0.038378,0.013749,0.00093,0.010855,0.005594,0.022638,10,0.006243
momentum_20d,2022-01-19,-0.015065,160,0.034815,-0.00694,0.008671,0.032845,0.055743,0.008029,0.004092,0.042853,-0.004261,0.024371,10,-0.010444
momentum_20d,2022-01-20,-0.009756,160,-0.014256,-0.006653,0.021765,0.002059,0.022643,0.017974,-0.001944,0.033244,-0.019375,-0.007472,10,0.006784
momentum_20d,2022-01-21,-0.007749,160,0.013738,0.022424,0.043967,0.027898,0.027617,0.041054,0.014569,0.049738,0.008463,0.029624,10,0.015886
momentum_20d,2022-01-24,-0.004606,160,0.048547,0.031465,0.059153,0.041673,0.043454,0.020262,0.048515,0.050905,0.052898,0.037675,10,-0.010873
momentum_20d,2022-01-25,-0.006703,160,0.032286,0.078975,0.059044,0.034163,0.030573,0.035512,0.038901,0.038119,0.058824,0.051102,10,0.018816
momentum_20d,2022-01-26,0.067359,160,0.021839,0.051559,0.011941,0.051816,0.044651,0.018035,0.031173,0.03914,0.024682,0.060715,10,0.038877
momentum_20d,2022-01-27,0.108707,160,0.036756,0.034101,0.060968,0.033435,0.054027,0.076457,0.047405,0.024288,0.043489,0.072872,10,0.036116
momentum_20d,2022-01-28,0.076781,160,0.026435,0.030472,0.02313,0.042149,0.027291,0.023011,0.042106,0.0207,0.039203,0.041112,10,0.014677
momentum_20d,2022-01-31,0.031648,160,0.019033,0.028957,0.029854,0.022073,0.021162,0.000288,0.042009,0.025381,0.01917,0.029341,10,0.010308
momentum_20d,2022-02-01,-0.020301,160,0.025457,0.029292,0.013138,0.021314,0.009877,0.039363,0.034166,-0.007701,0.023698,0.019223,10,-0.006234
momentum_20d,2022-02-02,-0.063064,160,0.016716,0.028667,0.029961,0.017643,0.024524,0.058696,0.036046,0.003716,-0.021391,0.035538,10,0.018822
momentum_20d,2022-02-03,-0.129154,160,0.032029,0.059121,0.016515,0.035966,0.033815,0.012253,0.037778,0.013529,0.025581,0.010888,10,-0.021141
momentum_20d,2022-02-04,-0.083581,160,0.022722,0.018783,0.007557,0.008701,0.026242,0.028128,0.042152,-0.007849,0.012995,0.004386,10,-0.018336
momentum_20d,2022-02-07,0.002874,160,-0.001314,-0.001178,-0.016146,-0.003263,0.028622,0.007096,0.018595,0.006446,0.006449,-0.024669,10,-0.023355
momentum_20d,2022-02-08,0.019152,160,-0.010208,0.003176,-0.002197,0.000564,0.009573,0.037793,0.002646,0.001692,0.01581,-0.023393,10,-0.013185
momentum_20d,2022-02-09,-0.030819,160,0.028034,0.018834,0.02187,0.052892,0.033225,0.0352,0.021458,0.051373,0.039222,-0.005096,10,-0.03313
momentum_20d,2022-02-10,-0.000463,160,0.01659,0.03889,0.022886,0.057071,0.037199,0.014649,0.042068,0.042072,0.015599,0.028516,10,0.011927
momentum_20d,2022-02-11,-0.056185,160,0.04154,0.040989,0.050853,0.064445,0.05619,0.030545,0.037972,0.024028,0.044563,0.040526,10,-0.001014
momentum_20d,2022-02-14,-0.071473,160,0.032304,0.042816,0.043181,0.055894,0.05297,0.038715,0.026906,0.027444,0.033419,0.035883,10,0.00358
momentum_20d,2022-02-15,-0.115721,160,0.061324,0.035283,0.023913,0.021624,0.05217,0.033652,0.017612,0.027297,0.028658,0.036008,10,-0.025317
momentum_20d,2022-02-16,-0.084214,160,0.065597,0.049119,0.020879,0.046281,0.036694,0.029162,0.055939,0.015818,0.057826,0.031498,10,-0.034099
momentum_20d,2022-02-17,0.0061,160,0.09878,0.026454,0.065227,0.074541,0.042226,0.058811,0.074663,0.0692,0.052747,0.078355,10,-0.020424
momentum_20d,2022-02-18,0.106551,160,0.058464,0.028945,0.049793,0.055472,0.056889,0.041276,0.084977,0.048091,0.05772,0.061812,10,0.003348
momentum_20d,2022-02-21,0.078563,160,0.064614,0.078097,0.042577,0.075443,0.072464,0.092373,0.092125,0.069014,0.06903,0.078572,10,0.013958
momentum_20d,2022-02-22,0.042535,160,0.06025,0.097495,0.056053,0.058883,0.085496,0.082115,0.076167,0.075862,0.048533,0.095289,10,0.035039
momentum_20d,2022-02-23,0.102912,160,0.012144,0.031058,0.002778,0.020867,0.064339,0.048944,0.014461,0.011824,0.02383,0.0572,10,0.045056
momentum_20d,2022-02-24,0.019565,160,0.009567,0.030415,-0.002831,0.026559,0.041407,0.013075,0.021808,0.008038,0.003539,0.035872,10,0.026305
momentum_20d,2022-02-25,0.083622,160,0.009173,-0.00327,-0.041364,0.007476,0.042664,0.013662,-0.001064,-0.008209,0.010456,0.017738,10,0.008564
momentum_20d,2022-02-28,0.062375,160,0.001095,-0.023452,0.004874,0.005037,0.009586,0.006791,-0.00613,-0.005957,0.015948,0.01491,10,0.013815
momentum_20d,2022-03-01,0.074687,160,-0.002247,0.021801,0.005445,0.030125,0.023555,0.023967,0.020169,0.007008,0.021006,0.048805,10,0.051052
momentum_20d,2022-03-02,-0.033514,160,-0.0181,0.001964,0.006964,0.020246,-0.020754,0.007956,-0.013525,-0.01412,-0.008721,0.011401,10,0.0295
momentum_20d,2022-03-03,-0.123755,160,-0.024405,-0.006436,-0.009638,-0.010348,-0.009818,-0.018355,-0.018912,-0.019615,-0.054112,-0.004169,10,0.020236
momentum_20d,2022-03-04,-0.085723,160,-0.014182,-0.023552,0.000398,-0.007105,-0.008989,-0.033122,0.006063,-0.031995,-0.045931,0.004147,10,0.018329
momentum_20d,2022-03-07,-0.069671,160,-0.035787,-0.04318,-0.022825,-0.028699,-0.025936,-0.050333,-0.040531,-0.035583,-0.051078,-0.030972,10,0.004815
momentum_20d,2022-03-08,-0.108168,160,-0.043189,-0.043902,-0.042354,-0.045509,-0.023187,-0.049778,-0.063303,-0.048872,-0.048324,-0.049014,10,-0.005824
momentum_20d,2022-03-09,-0.174994,160,-0.008999,-0.029067,-0.022625,-0.029569,-0.015084,-0.022607,-0.029777,-0.044799,-0.030706,-0.045652,10,-0.036653
momentum_20d,2022-03-10,-0.177274,160,0.014874,-0.0308,0.006204,-0.012297,-0.020347,-0.023459,-0.021591,-0.030926,-0.024454,-0.034294,10,-0.049168
momentum_20d,2022-03-11,-0.286798,160,-0.001533,0.018277,0.005883,-0.003502,-0.022269,-0.021629,-0.015081,-0.030326,-0.032402,-0.039676,10,-0.038142
momentum_20d,2022-03-14,-0.369398,160,0.01328,0.006382,-0.000867,0.006812,-0.010611,-0.024095,-0.033284,-0.045106,-0.027411,-0.040108,10,-0.053388
momentum_20d,2022-03-15,-0.33069,160,-0.003878,0.003067,-0.006086,-0.012685,-0.005045,-0.037712,-0.023248,-0.036425,-0.043805,-0.042159,10,-0.038281
momentum_20d,2022-03-16,-0.307755,160,0.010839,0.03392,0.000384,0.006066,-0.007326,-0.013796,-0.004817,-0.008757,-0.043678,-0.026124,10,-0.036964
momentum_20d,2022-03-17,-0.193273,160,0.006463,-0.012001,0.001031,-0.011535,0.001481,-0.025945,-0.028238,-0.019885,-0.027993,-0.020476,10,-0.026939
momentum_20d,2022-03-18,-0.238606,160,-0.002687,-0.016286,0.007457,-0.003067,-0.024248,-0.030286,-0.043467,-0.028091,-0.048082,-0.016727,10,-0.01404
momentum_20d,2022-03-21,-0.100574,160,-0.009302,0.003223,0.005913,-0.037241,-0.020447,-0.01764,-0.041231,-0.009402,-0.032628,-0.004778,10,0.004524
momentum_20d,2022-03-22,-0.094568,160,0.009074,0.000303,-0.037079,-0.00287,-0.036368,-0.041319,-0.007644,-0.018486,-0.022923,-0.020555,10,-0.029629
momentum_20d,2022-03-23,-0.039974,160,0.011506,-0.031378,-0.017866,-0.030235,-0.015179,-0.01476,-0.025068,-0.037709,-0.030195,0.003049,10,-0.008458
momentum_20d,2022-03-24,1.8e-05,160,-0.003122,-0.024662,-0.040199,-0.037865,-0.043054,-0.021791,-0.048437,-0.027439,-0.043177,0.003534,10,0.006656
momentum_20d,2022-03-25,0.018566,160,0.001529,-0.009384,-0.0205,-0.014988,-0.003952,-0.021127,0.002419,-0.007918,-0.006842,-0.003143,10,-0.004673
momentum_20d,2022-03-28,0.0204,160,0.016616,-0.01646,-0.024373,-0.006423,-0.009484,-0.011674,-0.018238,0.005014,-0.01249,0.008585,10,-0.008031
momentum_20d,2022-03-29,-0.033848,160,0.030394,-0.033241,-0.009687,0.009368,-0.025096,0.009682,0.020109,0.000835,-0.027405,0.00424,10,-0.026154
momentum_20d,2022-03-30,-4.4e-05,160,0.005999,-0.00534,-0.012323,-0.005872,-0.009709,0.003378,-0.004855,0.008492,-0.017837,0.013095,10,0.007096
momentum_20d,2022-03-31,0.061831,160,4.4e-05,-0.009423,-0.009562,-0.009854,-0.005623,-0.029041,0.019136,0.003348,0.009829,-0.001427,10,-0.001471
momentum_20d,2022-04-01,0.042092,160,-0.030979,-0.00357,-0.0082,-0.013277,-0.005044,-0.031296,0.003998,-0.011668,-0.012228,-0.003501,10,0.027478
momentum_20d,2022-04-04,0.073693,160,-0.016021,-0.023423,-0.026627,-0.00374,-0.030712,-0.016147,-0.011485,-0.025184,0.0087,-0.009955,10,0.006067
momentum_20d,2022-04-05,0.014019,160,0.007185,-0.002648,0.029318,-0.026086,-0.016301,0.005135,-8e-06,-0.012667,0.006145,0.0174,10,0.010215
momentum_20d,2022-04-06,0.030801,160,-0.008205,-0.004057,-0.004187,0.02282,-0.023014,-0.00426,-0.017401,0.001641,-0.01323,0.013132,10,0.021337
momentum_20d,2022-04-07,-0.036751,160,0.004206,-0.007246,-0.004875,0.012655,-0.012697,-0.035696,-0.000383,0.001547,-0.029181,0.008087,10,0.003882
momentum_20d,2022-04-08,-0.03657,160,-0.03854,-0.055473,-0.039529,-0.048501,-0.039959,-0.04309,-0.025179,-0.049811,-0.061992,-0.050366,10,-0.011826
momentum_20d,2022-04-11,-0.05549,160,-0.041338,-0.050685,-0.044949,-0.04765,-0.041655,-0.052405,-0.030885,-0.049259,-0.063746,-0.04788,10,-0.006542
momentum_20d,2022-04-12,-0.046853,160,-0.041964,-0.046639,-0.059061,-0.04946,-0.062764,-0.031126,-0.057986,-0.055122,-0.062562,-0.049469,10,-0.007505
momentum_20d,2022-04-13,-0.077748,160,-0.0301,-0.050004,-0.045076,-0.058182,-0.054522,-0.055391,-0.051256,-0.046026,-0.060332,-0.049851,10,-0.019751
momentum_20d,2022-04-14,-0.036289,160,-0.023273,-0.033675,-0.040162,-0.037821,-0.04815,-0.032854,-0.037849,-0.037457,-0.026814,-0.043915,10,-0.020641
momentum_20d,2022-04-15,-0.038568,160,-0.02209,-0.00944,-0.040114,-0.03194,-0.032546,-0.028458,-0.015891,-0.047715,-0.029036,-0.026163,10,-0.004073
momentum_20d,2022-04-18,0.072674,160,-0.032429,-0.013422,-0.026745,-0.033539,-0.02801,-0.020629,-0.032493,-0.019833,-0.029119,-0.012238,10,0.02019
momentum_20d,2022-04-19,0.043253,160,-0.038745,-0.014696,-0.023027,-0.019191,-0.055364,0.004024,-0.04011,-0.025429,-0.012779,-0.02321,10,0.015535
momentum_20d,2022-04-20,0.005614,160,-0.016225,-0.037145,-0.04062,-0.010923,-0.036732,0.005536,-0.018461,-0.033264,-0.023094,-0.033421,10,-0.017196
momentum_20d,2022-04-21,0.051339,160,-0.030877,-0.06932,-0.032299,-0.041447,-0.035714,-0.017591,-0.047633,-0.036645,-0.054192,-0.031642,10,-0.000765
momentum_20d,2022-04-22,0.073441,160,-0.004369,-0.002085,-0.023052,-0.012416,0.015624,-0.00289,0.002378,-0.00268,-0.012512,0.007558,10,0.011927
momentum_20d,2022-04-25,0.064869,160,-0.026286,0.007538,-0.010161,-0.0022,0.005478,-0.007926,-0.027834,-0.01846,0.017012,-0.015395,10,0.010891
momentum_20d,2022-04-26,-0.036769,160,-0.002931,0.033468,-0.019325,0.023492,-0.00615,-0.002573,0.006956,-0.016827,0.0187,-0.011678,10,-0.008747
momentum_20d,2022-04-27,-0.030127,160,0.009829,0.004075,0.024597,0.04034,0.00346,-0.000258,-0.005565,0.009189,0.016694,0.009833,10,5e-06
momentum_20d,2022-04-28,-0.037399,160,-0.000349,0.036631,0.02317,0.020573,0.007351,0.015829,0.006927,0.004171,0.017739,0.014005,10,0.014354
momentum_20d,2022-04-29,-0.044589,160,0.01998,0.051579,0.031278,0.02094,0.02425,0.019566,0.030047,0.012926,0.05141,0.010681,10,-0.009299
momentum_20d,2022-05-02,-0.004248,160,0.049143,0.069606,0.04794,0.041627,0.019279,0.031572,0.080271,0.043888,0.069705,0.033071,10,-0.016071
momentum_20d,2022-05-03,0.014602,160,0.032371,0.046404,0.023583,0.021237,0.02232,0.033279,0.03028,0.0131,0.040745,0.036474,10,0.004103
momentum_20d,2022-05-04,0.013257,160,0.048101,0.042981,0.015336,0.042236,0.024585,0.026577,0.05976,0.001199,0.048084,0.046814,10,-0.001287
momentum_20d,2022-05-05,-0.025425,160,0.062722,0.05819,0.077543,0.069989,0.047579,0.052255,0.068329,0.064179,0.061743,0.054893,10,-0.007829
momentum_20d,2022-05-06,-0.055447,160,0.049469,0.05444,0.041729,0.034726,0.043596,0.027011,0.045268,0.037225,0.060377,0.02369,10,-0.025779
momentum_20d,2022-05-09,-0.043774,160,0.056708,0.077649,0.09711,0.067918,0.053383,0.070668,0.077516,0.069908,0.083787,0.048448,10,-0.00826
momentum_20d,2022-05-10,-0.016486,160,0.039615,0.062704,0.04808,0.047648,0.064982,0.017664,0.081861,0.062168,0.05558,0.026909,10,-0.012706
momentum_20d,2022-05-11,-0.039986,160,0.018974,0.01693,0.052976,0.019115,0.033575,0.015427,0.045089,0.043246,0.022019,0.013036,10,-0.005938
momentum_20d,2022-05-12,0.051512,160,0.020552,0.023697,0.024241,0.016013,0.031496,0.004424,0.022616,0.045248,0.026746,0.02213,10,0.001578
momentum_20d,2022-05-13,0.009806,160,0.001769,0.031619,0.028266,0.010516,0.038907,0.054743,0.018562,0.039978,0.019835,0.011912,10,0.010142
momentum_20d,2022-05-16,0.012803,160,0.002927,-0.019719,-0.008617,0.014134,0.001307,0.006863,0.003998,0.023622,-0.009185,-0.01716,10,-0.020087
momentum_20d,2022-05-17,0.072433,160,-0.016686,-0.003456,0.026569,-0.008751,-0.0067,0.010059,0.049381,-0.000502,-0.001204,0.00367,10,0.020356
momentum_20d,2022-05-18,0.030288,160,-0.006308,0.007501,0.019824,-0.009862,0.005467,0.00421,0.011798,0.000772,0.0282,0.002482,10,0.008791
momentum_20d,2022-05-19,0.038313,160,-0.021789,0.00682,-0.004481,-0.028089,-0.010307,-0.000522,-0.005448,-0.010968,0.001852,-0.011204,10,0.010585
momentum_20d,2022-05-20,0.100876,160,-0.030907,0.004419,0.004568,-0.036958,-0.009044,-0.012137,-0.012683,-0.017616,0.020815,-0.011005,10,0.019902
momentum_20d,2022-05-23,0.050914,160,-0.042826,-0.034014,-0.031853,-0.033683,-0.050387,-0.026314,-0.032778,-0.030079,-0.053734,-0.02708,10,0.015746
momentum_20d,2022-05-24,0.127104,160,-0.045732,-0.024498,-0.047227,-0.042933,-0.042519,-0.033823,-0.017665,-0.004828,-0.042236,-0.027383,10,0.018349
momentum_20d,2022-05-25,0.084642,160,-0.015119,-0.037406,-0.048457,-0.033053,-0.03163,-0.011923,-0.020836,-0.010388,-0.017587,-0.035509,10,-0.02039
momentum_20d,2022-05-26,0.026978,160,-0.005721,-0.029383,-0.028433,-0.02196,-0.008583,-0.018563,-0.017522,0.001693,-0.004625,-0.032729,10,-0.027008
momentum_20d,2022-05-27,0.004447,160,-0.009119,-0.042446,-0.023558,0.004771,-0.027147,-0.012017,-0.021746,-0.018852,-0.002344,-0.035907,10,-0.026787
momentum_20d,2022-05-30,0.020122,160,-0.001177,-0.016902,-0.026115,-0.015181,0.010538,-0.004921,-0.012367,-0.034159,-0.001478,-0.005458,10,-0.004281
momentum_20d,2022-05-31,0.022372,160,-0.011919,-0.011213,0.008429,0.003547,-0.011099,-0.00608,0.004287,-0.011089,0.001845,-0.010092,10,0.001826
momentum_20d,2022-06-01,-0.060161,160,-0.007912,0.020125,-0.018492,0.018988,0.009306,0.024967,-0.010625,-0.020184,0.001136,-0.012405,10,-0.004494
momentum_20d,2022-06-02,-0.122176,160,0.013865,0.031388,0.035115,0.009738,0.022569,0.015982,0.021083,0.006572,0.009468,-0.001957,10,-0.015822
momentum_20d,2022-06-03,-0.037645,160,0.020737,0.051349,0.030692,0.04132,0.035954,0.0361,0.04461,0.03471,0.052154,-0.004798,10,-0.025535
momentum_20d,2022-06-06,-0.03952,160,0.062029,0.060261,0.056282,0.068886,0.052977,0.032983,0.074647,0.070133,0.058262,0.032843,10,-0.029186
momentum_20d,2022-06-07,0.025642,160,0.041258,0.058875,0.052686,0.055526,0.022781,0.046447,0.067064,0.049911,0.059653,0.045318,10,0.00406
momentum_20d,2022-06-08,-0.001409,160,0.037999,0.037218,0.01166,0.040148,0.028347,0.031615,-0.004348,0.050368,0.028223,0.038179,10,0.00018
momentum_20d,2022-06-09,-0.002772,160,0.02615,0.023708,-0.010304,0.018962,-0.006351,-0.002368,0.032755,0.000191,0.032909,0.006568,10,-0.019582
momentum_20d,2022-06-10,0.075721,160,0.005832,-0.015434,0.013497,0.000181,-0.009369,0.009519,-0.005517,0.012503,0.015735,0.007969,10,0.002137
momentum_20d,2022-06-13,0.089163,160,0.016601,-0.012919,0.008688,-0.009689,0.008022,0.00772,0.007979,-0.004741,0.028106,0.012025,10,-0.004575
momentum_20d,2022-06-14,0.019747,160,0.01372,-0.014476,-0.00168,0.004836,-0.005044,-0.011061,0.002503,0.022199,0.009276,-0.005104,10,-0.018825
momentum_20d,2022-06-15,0.084932,160,-0.002422,-0.026101,-0.000528,-0.019914,-0.041335,-0.017841,0.005588,0.001958,-0.00298,-0.003604,10,-0.001182
momentum_20d,2022-06-16,0.099596,160,-0.019178,-0.009881,0.003198,-0.019103,-0.049221,-0.003346,-0.01566,0.006379,0.007904,-0.004096,10,0.015082
momentum_20d,2022-06-17,0.094823,160,-0.013647,-0.02107,-0.024866,-0.026216,-0.003465,-0.015978,0.008507,-0.015491,0.012286,-0.016519,10,-0.002872
momentum_20d,2022-06-20,0.090891,160,-0.014904,-0.016705,-0.012627,-0.044183,0.005759,-0.007252,-0.014262,-0.009298,0.016827,-0.023579,10,-0.008676
momentum_20d,2022-06-21,0.032052,160,-0.018716,-0.021193,-0.034013,-0.022941,-0.027789,-0.014048,-0.02805,-0.006947,-0.002886,-0.031807,10,-0.01309
momentum_20d,2022-06-22,-0.05818,160,-0.001904,-0.020209,-0.019971,-0.026124,0.009151,-0.031532,-0.016979,-0.021933,-0.006476,-0.02571,10,-0.023807
momentum_20d,2022-06-23,-0.078958,160,-0.003189,0.025256,-0.005931,0.00498,-0.014024,-0.0082,-0.007678,0.010894,-0.022689,0.009709,10,0.012898
momentum_20d,2022-06-24,-0.134598,160,0.007034,0.034945,0.007415,-0.000619,0.020415,0.015893,-0.009864,-0.01769,0.027287,-0.003194,10,-0.010228
momentum_20d,2022-06-27,-0.166067,160,0.01051,0.038509,0.041421,0.007478,0.012427,0.006075,0.003884,0.003806,0.022516,-0.007854,10,-0.018365
momentum_20d,2022-06-28,-0.075524,160,0.006524,0.031298,0.033846,0.013594,0.013364,0.012767,0.006979,0.013819,0.028276,-0.006662,10,-0.013186
momentum_20d,2022-06-29,-0.087522,160,0.020881,0.027586,0.003676,0.01768,0.007531,0.012446,0.017551,0.004395,0.00481,0.01153,10,-0.009351
momentum_20d,2022-06-30,-0.084173,160,0.017123,0.020649,0.012871,-0.002575,-0.001958,0.022967,0.003464,0.010894,0.004835,-0.003493,10,-0.020616
momentum_20d,2022-07-01,-0.121021,160,0.009601,0.006935,-0.013781,-0.001105,-0.007583,-0.013811,-0.005187,0.004379,-0.019149,-0.019948,10,-0.029549
momentum_20d,2022-07-04,-0.090434,160,-0.02398,-0.031456,-0.029526,-0.035402,-0.020062,-0.043831,-0.021281,-0.03439,-0.029994,-0.062698,10,-0.038718
momentum_20d,2022-07-05,-0.070529,160,-0.027998,-0.004314,-0.015211,-0.053248,-0.032286,-0.021858,0.015923,-0.035763,-0.047917,-0.033062,10,-0.005064
momentum_20d,2022-07-06,-0.057981,160,-0.001318,0.001167,-0.024763,-0.020532,-0.008256,-0.003529,0.016515,-0.017809,-0.022298,-0.019816,10,-0.018498
momentum_20d,2022-07-07,-0.056114,160,-0.016978,-0.006661,-0.011315,-0.028716,-0.021011,-0.015736,-0.016079,-0.020371,-0.003497,-0.038863,10,-0.021885
momentum_20d,2022-07-08,-0.04284,160,-0.02438,-0.009827,-0.008451,0.022966,-0.018492,-0.010805,-0.022433,-0.018829,-0.009418,-0.020438,10,0.003942
momentum_20d,2022-07-11,0.010638,160,-0.033265,-0.013494,0.007443,-0.014158,-0.018189,-0.011581,-0.010838,-0.029752,-0.016417,-0.013775,10,0.01949
momentum_20d,2022-07-12,-0.048816,160,0.001883,-0.014262,-0.018482,0.008931,-0.009895,-0.021794,-0.007495,-0.020952,-0.004731,-0.005154,10,-0.007038
momentum_20d,2022-07-13,0.01181,160,0.019591,0.022381,-0.000398,0.010435,-0.010453,0.033873,-0.01698,0.004906,0.025929,0.023183,10,0.003592
momentum_20d,2022-07-14,0.001529,160,0.020764,-0.000927,-0.008033,0.002283,-0.003941,0.006043,0.002539,0.014459,-0.007415,0.012259,10,-0.008505
momentum_20d,2022-07-15,0.010952,160,0.019519,-0.013918,-0.009714,0.009582,-0.006945,0.0219,0.00508,-0.004698,0.020493,-0.002592,10,-0.022111
momentum_20d,2022-07-18,0.039101,160,0.027788,-0.011117,0.033248,-0.008493,0.010965,0.021941,-0.005694,0.014737,0.024889,0.020439,10,-0.007348
momentum_20d,2022-07-19,-0.051491,160,0.045106,0.020049,0.015439,0.025333,0.008448,0.019456,0.013373,0.039542,0.021225,0.00837,10,-0.036737
momentum_20d,2022-07-20,0.013515,160,0.078291,0.026994,0.023702,0.035785,0.040921,0.033349,0.043518,0.025014,0.058625,0.047611,10,-0.03068
momentum_20d,2022-07-21,0.00661,160,0.047782,0.04542,0.040563,0.00897,0.020964,0.019491,0.046591,0.020071,0.040096,0.041397,10,-0.006385
momentum_20d,2022-07-22,-0.051535,160,0.044704,0.058264,0.043133,0.011766,0.019554,-0.01084,0.038283,0.047925,0.025651,0.023588,10,-0.021116
momentum_20d,2022-07-25,-0.060483,160,0.014828,0.055071,0.031253,0.019233,0.006994,0.018601,0.013864,0.001424,0.038584,0.012595,10,-0.002233
momentum_20d,2022-07-26,-0.020242,160,0.01636,0.017722,0.008047,0.042182,0.030962,0.036486,0.006177,0.0121,0.034648,0.010913,10,-0.005447
momentum_20d,2022-07-27,0.008833,160,0.001565,-0.004485,0.021702,0.032168,0.023001,0.018608,0.00602,0.019679,0.026808,-0.006141,10,-0.007706
momentum_20d,2022-07-28,-0.006941,160,0.012299,0.008765,0.035464,0.055106,0.038315,0.049259,0.013226,0.030712,0.052397,-0.004277,10,-0.016576
momentum_20d,2022-07-29,-0.027189,160,0.011038,0.052075,0.08747,0.038021,0.040714,0.059221,0.054866,0.061697,0.037479,0.01538,10,0.004342
momentum_20d,2021-02-01,-0.129061,160,0.117536,0.034164,0.065594,0.07503,0.022324,0.067673,0.047588,0.029936,0.065209,0.036529,20,-0.081006
momentum_20d,2021-02-02,-0.137179,160,0.103564,0.023663,0.048686,0.055232,0.040366,0.05687,0.018961,0.035068,0.02689,0.032372,20,-0.071192
momentum_20d,2021-02-03,-0.066928,160,0.070358,0.050722,-0.003725,0.023979,0.016481,0.056257,0.055758,0.025147,0.001592,0.036061,20,-0.034297
momentum_20d,2021-02-04,-0.108763,160,0.108781,0.048573,0.038573,0.060271,0.035172,0.054872,0.052643,-0.000486,0.050339,0.049677,20,-0.059104
momentum_20d,2021-02-05,-0.047908,160,0.088516,0.011259,0.110508,0.028612,0.05978,0.030819,0.034549,0.038991,0.031481,0.066708,20,-0.021807
momentum_20d,2021-02-08,-0.014585,160,0.052367,0.060416,0.038704,0.038523,0.036651,0.012844,0.048216,-0.009843,0.078831,0.046336,20,-0.006031
momentum_20d,2021-02-09,-0.032843,160,0.099165,0.080671,0.044186,0.062321,0.079607,0.049071,0.077639,0.06391,0.06731,0.054221,20,-0.044945
momentum_20d,2021-02-10,-0.016946,160,0.067715,0.03065,0.065703,0.03532,0.029498,0.042732,0.037888,0.057373,0.046406,0.023191,20,-0.044524
momentum_20d,2021-02-11,-0.00578,160,0.090329,0.131204,0.040359,0.075727,0.090775,0.047485,0.085419,0.089492,0.06453,0.070053,20,-0.020276
momentum_20d,2021-02-12,0.08437,160,0.085314,0.139608,0.069912,0.078557,0.082162,0.137184,0.116242,0.090088,0.132202,0.088958,20,0.003643
momentum_20d,2021-02-15,0.038055,160,0.128223,0.11709,0.148028,0.097843,0.103103,0.168378,0.120708,0.168271,0.137123,0.100693,20,-0.027529
momentum_20d,2021-02-16,0.06072,160,0.133058,0.091198,0.11544,0.131446,0.09664,0.124512,0.147194,0.141513,0.14983,0.099824,20,-0.033234
momentum_20d,2021-02-17,0.091026,160,0.111608,0.066877,0.161541,0.078092,0.084411,0.099951,0.112029,0.144882,0.144361,0.095226,20,-0.016382
momentum_20d,2021-02-18,0.067274,160,0.09128,0.095991,0.139588,0.134649,0.094868,0.091351,0.075818,0.131013,0.116244,0.132279,20,0.040999
momentum_20d,2021-02-19,0.076017,160,0.104252,0.08537,0.126268,0.124792,0.135766,0.129633,0.086965,0.07973,0.134816,0.141422,20,0.037171
momentum_20d,2021-02-22,0.058042,160,0.095522,0.061794,0.146265,0.090246,0.126339,0.085413,0.088627,0.11119,0.100829,0.128941,20,0.033419
momentum_20d,2021-02-23,0.063342,160,0.086502,0.103053,0.135911,0.087955,0.097958,0.106701,0.121838,0.091146,0.092771,0.141511,20,0.055009
momentum_20d,2021-02-24,0.040519,160,0.086497,0.146767,0.097909,0.141604,0.109417,0.095648,0.118327,0.103271,0.125955,0.119095,20,0.032598
momentum_20d,2021-02-25,0.057342,160,0.139815,0.073064,0.134588,0.116338,0.162044,0.092243,0.110556,0.143846,0.097223,0.159489,20,0.019674
momentum_20d,2021-02-26,0.056352,160,0.09891,0.105894,0.111954,0.141116,0.102127,0.114316,0.111143,0.120161,0.110229,0.122427,20,0.023517
momentum_20d,2021-03-01,0.102502,160,0.111426,0.054408,0.106882,0.134109,0.05125,0.134818,0.155503,0.098409,0.081297,0.127388,20,0.015962
momentum_20d,2021-03-02,0.092907,160,0.116866,0.057504,0.071091,0.128084,0.072321,0.13237,0.14475,0.090056,0.092123,0.109849,20,-0.007017
momentum_20d,2021-03-03,0.06619,160,0.100052,0.095047,0.07102,0.102873,0.131037,0.106066,0.10663,0.118768,0.082676,0.102673,20,0.002621
momentum_20d,2021-03-04,0.042005,160,0.091971,0.06872,0.048886,0.065269,0.061362,0.100816,0.101174,0.063892,0.052981,0.072862,20,-0.019109
momentum_20d,2021-03-05,-0.009197,160,0.075582,0.055529,0.040759,0.0609,0.075636,0.074826,0.048804,0.076006,0.035358,0.039829,20,-0.035753
momentum_20d,2021-03-08,-0.008224,160,0.050339,0.085815,0.067809,0.067747,0.06727,0.062639,0.08368,0.036933,0.0799,0.058467,20,0.008128
momentum_20d,2021-03-09,0.004096,160,0.013583,0.057986,0.055961,0.057744,0.011198,0.043008,0.059095,0.042106,0.025245,0.032699,20,0.019115
momentum_20d,2021-03-10,0.030496,160,0.04343,0.030421,0.082011,0.070815,0.011372,0.058164,0.065898,0.058577,0.049772,0.048714,20,0.005285
momentum_20d,2021-03-11,0.041767,160,0.015227,0.004891,0.013985,0.032726,0.020573,0.003178,0.033785,0.01185,0.039006,-0.008868,20,-0.024094
momentum_20d,2021-03-12,0.041609,160,-0.001433,-0.010874,-0.03805,0.004081,0.010947,0.002422,-0.007721,0.036582,-0.002206,-0.044163,20,-0.04273
momentum_20d,2021-03-15,-0.004978,160,-0.010245,-0.064418,-0.060592,0.006388,-0.058069,-0.031275,0.009866,-0.043967,-0.051117,-0.048485,20,-0.03824
momentum_20d,2021-03-16,0.004266,160,-0.032737,-0.050269,-0.069733,-0.04381,-0.042012,-0.048106,-0.034319,-0.050495,-0.021197,-0.06349,20,-0.030753
momentum_20d,2021-03-17,-0.018985,160,-0.010832,-0.017468,-0.031587,-0.014588,-0.034414,-0.040478,-0.011548,-0.008912,-0.011469,-0.041742,20,-0.03091
momentum_20d,2021-03-18,-0.032266,160,-0.018814,-0.041843,-0.06346,-0.034023,-0.019189,-0.03322,-0.04307,-0.030277,-0.033236,-0.048676,20,-0.029862
momentum_20d,2021-03-19,0.012578,160,-0.028089,-0.01183,-0.019035,-0.065319,-0.032471,0.00194,-0.003882,-0.01473,-0.016722,-0.048443,20,-0.020354
momentum_20d,2021-03-22,0.059437,160,-0.029622,-0.023346,-0.02066,-0.000729,-0.032883,-0.03915,0.005644,0.005358,0.00607,-0.035859,20,-0.006237
momentum_20d,2021-03-23,0.072642,160,-0.019978,-0.029587,-0.016654,-0.027723,-0.018282,0.000344,-0.042676,0.018156,-0.000337,-0.02064,20,-0.000663
momentum_20d,2021-03-24,0.07139,160,-0.022541,-0.053395,-0.006972,-0.042597,-0.03558,-0.024608,-0.027125,0.006893,-0.017501,-0.03197,20,-0.009429
momentum_20d,2021-03-25,0.071941,160,-0.047013,-0.014412,-0.043719,-0.036881,-0.050755,-0.015471,-0.02328,-0.001607,-0.006705,-0.047818,20,-0.000805
momentum_20d,2021-03-26,0.02471,160,-0.022904,-0.036158,-0.001285,-0.088333,-0.012263,-0.035444,-0.044781,0.016864,-0.028018,-0.035697,20,-0.012793
momentum_20d,2021-03-29,0.085638,160,-0.016008,-0.041543,0.007753,-0.028307,-0.022044,-0.005234,0.019834,-0.009455,0.017619,-0.033444,20,-0.017436
momentum_20d,2021-03-30,0.09533,160,-0.018799,-0.013306,-0.029898,-0.039045,-0.006923,0.001322,-0.000653,0.05862,-0.024912,-0.028153,20,-0.009353
momentum_20d,2021-03-31,0.079559,160,-0.004599,-0.010776,-0.036684,0.01538,0.012941,0.01263,0.016052,-0.006103,-0.005829,0.012177,20,0.016776
momentum_20d,2021-04-01,0.086831,160,0.022976,-0.008577,-0.012807,0.037386,-0.000419,0.031433,0.018862,0.021868,0.035794,0.015818,20,-0.007157
momentum_20d,2021-04-02,0.099666,160,0.008966,0.012535,0.021362,0.012133,0.023522,0.026796,0.022156,0.053836,0.044722,0.039445,20,0.030479
momentum_20d,2021-04-05,0.109214,160,-0.003403,-0.014155,-0.002879,-0.008456,-0.022168,-0.018271,0.04123,0.005142,0.0112,0.012698,20,0.016101
momentum_20d,2021-04-06,0.100773,160,-0.02426,-0.008211,0.025045,-0.051977,-0.01698,-0.004705,0.003533,0.062349,-0.007529,0.011616,20,0.035876
momentum_20d,2021-04-07,0.119949,160,-0.012621,-0.029975,-0.01027,-0.018234,-0.035442,-0.014108,0.016521,0.00611,0.032782,0.004783,20,0.017404
momentum_20d,2021-04-08,0.095101,160,-0.005902,-0.050052,-0.012483,0.001593,0.019079,-0.010484,-0.001165,0.004458,0.015642,0.027046,20,0.032948
momentum_20d,2021-04-09,0.17263,160,-0.018037,-0.023891,-0.016069,-0.034344,0.022232,-0.011451,0.02216,0.007056,0.04065,0.02,20,0.038037
momentum_20d,2021-04-12,0.168209,160,-0.005948,0.004729,-0.002779,0.010877,0.012268,0.061905,0.010062,0.037705,0.030636,0.068782,20,0.07473
momentum_20d,2021-04-13,0.141433,160,0.00248,-0.025157,-0.003103,0.014938,0.008272,0.00598,0.018408,0.005323,0.04631,0.048962,20,0.046482
momentum_20d,2021-04-14,0.164898,160,-0.038794,-0.025679,-0.075967,-0.011464,-0.024704,-0.053466,-0.018545,-0.019961,0.000783,0.038593,20,0.077387
momentum_20d,2021-04-15,0.149238,160,-0.027706,-0.053988,-0.061396,-0.014541,-0.049271,-0.021964,-0.070483,-0.015371,-0.004068,0.027112,20,0.054819
momentum_20d,2021-04-16,0.132046,160,-0.049578,-0.047795,-0.051754,-0.059119,-0.046129,-0.056657,-0.032929,-0.031457,-0.009429,-0.000875,20,0.048703
momentum_20d,2021-04-19,0.106006,160,-0.02191,-0.045287,-0.041498,-0.029357,-0.043717,-0.057914,-0.03833,-0.028292,-0.003679,0.035158,20,0.057068
momentum_20d,2021-04-20,0.122934,160,-0.040904,-0.026616,-0.035449,-0.031387,-0.061746,-0.040414,-0.035802,-0.055857,0.024011,0.024227,20,0.065131
momentum_20d,2021-04-21,0.137774,160,-0.0319,-0.025774,-0.028764,-0.020924,-0.037029,-0.010841,-0.032209,-0.060912,0.040069,0.023948,20,0.055848
momentum_20d,2021-04-22,0.116146,160,-0.058383,-0.023278,-0.046398,-0.04209,-0.079667,-0.029218,-0.019781,-0.075187,-0.003815,-0.003292,20,0.055091
momentum_20d,2021-04-23,0.128035,160,-0.044727,-0.054746,-0.043252,-0.041799,-0.057839,-0.046678,-0.094598,-0.038987,-0.01787,0.001337,20,0.046064
momentum_20d,2021-04-26,0.09828,160,-0.05948,-0.074424,-0.100496,-0.067886,-0.084817,-0.080421,-0.075759,-0.075042,-0.058155,-0.029904,20,0.029575
momentum_20d,2021-04-27,0.067049,160,-0.038505,-0.074929,-0.091689,-0.071265,-0.070483,-0.06183,-0.094327,-0.074848,-0.018658,-0.049551,20,-0.011046
momentum_20d,2021-04-28,0.078445,160,-0.026413,-0.08542,-0.05917,-0.050102,-0.077753,-0.088704,-0.065449,-0.054513,-0.050096,-0.017183,20,0.00923
momentum_20d,2021-04-29,0.01537,160,-0.029038,-0.083871,-0.066994,-0.075845,-0.053645,-0.076897,-0.070736,-0.068958,-0.043899,-0.048843,20,-0.019806
momentum_20d,2021-04-30,-0.065118,160,-0.031771,-0.047001,-0.036253,-0.075558,-0.072178,-0.039668,-0.046539,-0.078652,-0.039439,-0.053596,20,-0.021826
momentum_20d,2021-05-03,-0.118089,160,-0.017048,-0.023302,-0.032942,-0.037336,-0.018665,-0.048879,-0.048231,-0.064578,-0.04438,-0.031456,20,-0.014407
momentum_20d,2021-05-04,-0.098629,160,-0.015145,0.005712,-0.03147,-0.030502,-0.035991,-0.065277,-0.020209,-0.044626,-0.030605,-0.028241,20,-0.013096
momentum_20d,2021-05-05,-0.027449,160,-0.015129,-0.008563,-0.006186,-0.023512,-0.063419,-0.037884,-0.029067,-0.038479,-0.009287,-0.01534,20,-0.000211
momentum_20d,2021-05-06,-0.050753,160,-0.003169,-0.022786,0.015102,-0.006312,-0.016851,-0.025784,-0.018568,-0.032415,-0.038619,0.004744,20,0.007913
momentum_20d,2021-05-07,-0.04368,160,-0.005171,-0.013957,0.017909,-0.000236,-0.002081,-0.009611,-0.042943,-0.018973,-0.028064,0.010168,20,0.01534
momentum_20d,2021-05-10,-0.032597,160,-0.014552,-0.033215,0.000589,0.008455,-0.01864,-0.041705,-0.004573,-0.038409,-0.019966,-0.03875,20,-0.024198
momentum_20d,2021-05-11,-0.001664,160,-0.016708,-0.029328,-0.004268,-0.028843,-0.017801,-0.04453,0.002017,-0.051148,-0.042677,-0.014549,20,0.002159
momentum_20d,2021-05-12,-0.044381,160,-0.008342,0.00883,-0.003216,-0.00944,0.00403,-0.014248,-0.003529,-0.025544,-0.033589,-0.005889,20,0.002454
momentum_20d,2021-05-13,0.031504,160,-0.006411,-0.030237,0.036599,0.002977,0.003865,0.012679,-0.000593,0.001601,-0.002272,-0.017496,20,-0.011086
momentum_20d,2021-05-14,-0.000457,160,-0.008783,0.00625,-0.016361,0.01011,0.036492,-0.008176,-0.005054,-0.00308,0.000318,-0.018217,20,-0.009433
momentum_20d,2021-05-17,0.000636,160,-0.01637,0.000963,0.003318,0.011134,0.012754,0.002155,0.00173,-0.004732,-0.015662,-0.0008,20,0.01557
momentum_20d,2021-05-18,0.035963,160,-0.034026,-0.005499,0.005039,-0.020337,-0.011505,-0.004015,8.4e-05,-0.020302,-0.006481,-0.017505,20,0.016521
momentum_20d,2021-05-19,0.036816,160,-0.045771,-0.014595,0.020495,-0.001806,-0.002028,-0.00456,-0.005569,0.005111,-0.015007,-0.017171,20,0.028599
momentum_20d,2021-05-20,0.022472,160,0.001333,0.004794,-0.003625,0.014945,0.035962,0.016002,0.011936,0.01045,0.024303,0.004293,20,0.00296
momentum_20d,2021-05-21,0.023271,160,0.010716,0.003937,0.034097,0.026823,0.021846,0.054296,0.03791,0.044428,0.025059,-0.002351,20,-0.013067
momentum_20d,2021-05-24,-0.025009,160,0.073566,0.023195,0.048091,0.052271,0.078877,0.068361,0.078999,0.044916,0.047057,0.034633,20,-0.038933
momentum_20d,2021-05-25,-0.043004,160,0.073993,0.036752,0.047149,0.0573,0.050727,0.053821,0.07501,0.045565,0.066671,0.020274,20,-0.053718
momentum_20d,2021-05-26,-0.043947,160,0.037439,0.030922,0.028595,0.038723,0.043816,0.039665,0.05021,0.01936,0.045646,0.010752,20,-0.026687
momentum_20d,2021-05-27,-0.069272,160,0.062403,0.031631,0.07083,0.064874,0.047249,0.028911,0.041611,0.053761,0.014675,0.036789,20,-0.025614
momentum_20d,2021-05-28,-0.072976,160,0.052159,0.024403,0.085334,0.049989,0.007882,0.063819,0.007218,0.036959,0.043301,0.029182,20,-0.022976
momentum_20d,2021-05-31,-0.04637,160,0.092782,0.036621,0.069098,0.048428,0.020799,0.030208,0.060181,0.037589,0.052482,0.050104,20,-0.042678
momentum_20d,2021-06-01,-0.032081,160,0.086268,0.045711,0.044161,0.049099,0.050667,0.019448,0.044994,0.063667,0.041219,0.04812,20,-0.038148
momentum_20d,2021-06-02,0.016073,160,0.055168,0.092335,0.056951,0.057582,0.028959,0.053884,0.050376,0.102151,0.057364,0.049236,20,-0.005932
momentum_20d,2021-06-03,-0.060477,160,0.068159,0.064796,0.086781,0.042484,0.037768,0.042373,0.036402,0.063594,0.049017,0.055268,20,-0.012891
momentum_20d,2021-06-04,-0.034873,160,0.019835,0.052718,0.039163,0.044885,0.035711,0.016451,-0.004223,0.019954,0.036449,0.046461,20,0.026625
momentum_20d,2021-06-07,-0.059065,160,0.006308,0.040756,0.043035,0.029089,0.037955,-0.021004,0.02683,0.010628,0.013448,0.019794,20,0.013486
momentum_20d,2021-06-08,-0.029234,160,0.030795,0.074927,0.027604,0.027569,0.030756,0.004522,0.01127,0.048029,0.021509,0.0374,20,0.006605
momentum_20d,2021-06-09,-0.05869,160,0.031371,0.079697,0.045209,0.024659,0.032414,0.031826,0.055021,0.019733,0.01196,0.057781,20,0.02641
momentum_20d,2021-06-10,-0.111722,160,0.056797,0.030971,0.056138,3.7e-05,0.026985,0.056839,-0.003543,0.015564,-0.000422,0.037374,20,-0.019423
momentum_20d,2021-06-11,-0.047035,160,0.027739,0.02201,0.058021,0.031792,0.023527,-0.003725,0.002201,0.048852,0.010964,0.02439,20,-0.003349
momentum_20d,2021-06-14,-0.063961,160,0.023916,0.022485,0.055179,0.047126,0.018222,0.019339,0.02853,0.017936,0.002354,0.022099,20,-0.001817
momentum_20d,2021-06-15,-0.034091,160,0.049511,0.042899,0.064321,0.055502,0.027961,0.042876,0.04317,0.037084,0.047919,0.042237,20,-0.007274
momentum_20d,2021-06-16,-0.049868,160,0.064055,0.056752,0.095454,0.056075,0.032235,0.065449,0.048398,0.036384,0.052003,0.054532,20,-0.009522
momentum_20d,2021-06-17,-0.047398,160,0.029354,0.035658,0.059584,0.078347,-0.000772,0.047518,0.038827,0.047704,0.006127,0.029773,20,0.000419
momentum_20d,2021-06-18,-0.038117,160,0.03417,-0.02268,0.041016,0.001171,0.02225,-0.006993,0.041764,0.008669,-0.002094,-0.009256,20,-0.043426
momentum_20d,2021-06-21,-0.049355,160,0.016808,0.005938,0.015223,0.043122,0.006402,0.006986,0.022388,0.006905,0.010571,-0.007081,20,-0.023889
momentum_20d,2021-06-22,-0.05121,160,0.005847,0.009415,0.002653,-0.000336,-0.009102,0.025345,0.01126,0.005854,-0.012503,-0.02666,20,-0.032507
momentum_20d,2021-06-23,-0.081806,160,0.026585,0.039948,0.017085,-0.053534,0.03113,0.032631,0.009905,0.016842,0.003988,-0.015679,20,-0.042263
momentum_20d,2021-06-24,-0.093203,160,0.026106,0.024348,-0.030613,0.004223,0.012611,0.001952,0.029188,0.013183,-0.010986,-0.02608,20,-0.052186
momentum_20d,2021-06-25,-0.131059,160,0.028891,-0.015089,-0.028682,0.00124,0.024159,-0.042008,0.011086,-0.037676,0.00236,-0.052197,20,-0.081088
momentum_20d,2021-06-28,-0.180631,160,0.042781,-0.005972,-0.010962,-0.001005,-0.029839,-0.01076,-0.006223,-0.021329,-0.011624,-0.048853,20,-0.091634
momentum_20d,2021-06-29,-0.222621,160,0.045295,0.024045,0.009138,0.022727,-0.017478,-0.037772,0.009961,-0.000909,-0.011057,-0.04143,20,-0.086725
momentum_20d,2021-06-30,-0.16021,160,0.033671,0.022354,-0.013796,-0.008699,-0.033697,-0.014951,0.00529,0.005672,-0.015514,-0.048642,20,-0.082314
momentum_20d,2021-07-01,-0.175021,160,0.018225,0.030108,-0.015958,0.005716,-0.008087,-0.026305,0.02149,0.012661,-0.026434,-0.057754,20,-0.075979
momentum_20d,2021-07-02,-0.139582,160,0.006626,0.038625,0.025151,-0.010494,0.04853,-0.014126,0.012373,0.016239,-0.015639,-0.034552,20,-0.041179
momentum_20d,2021-07-05,-0.156613,160,0.00367,0.039727,0.049353,0.017844,0.006466,0.030958,0.019518,-0.010059,-0.021929,0.004892,20,0.001222
momentum_20d,2021-07-06,-0.087771,160,0.026426,0.0274,0.056351,-0.009226,0.031925,0.019496,0.004181,0.018933,0.008441,0.004613,20,-0.021813
momentum_20d,2021-07-07,-0.108338,160,0.03454,-0.008062,0.0168,0.037605,0.006334,0.025244,0.016588,0.001713,-0.030339,0.007468,20,-0.027072
momentum_20d,2021-07-08,-0.108455,160,0.03613,0.031672,-0.006406,0.040493,0.019467,0.025971,0.029996,-0.007667,0.014507,0.005616,20,-0.030515
momentum_20d,2021-07-09,-0.16948,160,0.023879,0.053858,0.049978,0.053731,0.031524,0.027439,0.013352,0.004041,0.011929,0.020028,20,-0.003852
momentum_20d,2021-07-12,-0.141389,160,-0.011612,0.022354,0.008329,0.016979,0.009289,-0.001354,-0.042073,-0.002034,-0.023514,-0.013061,20,-0.001449
momentum_20d,2021-07-13,-0.11038,160,-0.015623,6.6e-05,0.002158,-0.01654,0.034503,-0.02596,-0.037863,-0.013889,-0.031916,-0.027144,20,-0.011521
momentum_20d,2021-07-14,-0.144266,160,-0.060022,-0.046753,-0.029392,-0.059029,-0.02162,-0.020585,-0.045528,-0.086732,-0.070497,-0.075056,20,-0.015034
momentum_20d,2021-07-15,-0.112217,160,-0.044628,0.010394,-0.035102,-0.036575,-0.057619,-0.023755,-0.022358,-0.048559,-0.055642,-0.050117,20,-0.005489
momentum_20d,2021-07-16,-0.110691,160,-0.011039,0.005931,0.01828,-0.007347,-0.022292,-0.065948,-0.015367,0.010036,0.003571,-0.044474,20,-0.033434
momentum_20d,2021-07-19,-0.154822,160,-0.023379,-0.001852,0.019288,-0.002008,-0.055915,-0.040315,-0.025708,-0.048842,-0.024045,-0.026883,20,-0.003505
momentum_20d,2021-07-20,-0.126512,160,0.002315,0.028479,0.071829,0.040138,-0.002787,-0.023631,-0.02418,0.029739,0.0092,-0.001778,20,-0.004092
momentum_20d,2021-07-21,-0.114924,160,0.007917,0.041977,0.05302,0.034704,0.044516,-0.012105,-0.021457,0.011084,0.022856,0.015725,20,0.007807
momentum_20d,2021-07-22,-0.103841,160,0.021044,0.011922,0.034614,0.031374,-0.009262,-0.019836,0.005462,-0.012519,-0.000258,0.002791,20,-0.018253
momentum_20d,2021-07-23,-0.080833,160,0.028857,0.090704,0.06008,0.0255,0.037355,0.029664,0.012408,0.026227,0.027078,0.043198,20,0.014341
momentum_20d,2021-07-26,-0.123673,160,0.025459,0.067084,0.041919,-0.000534,-0.021058,0.024418,0.022943,-0.021024,-0.007157,0.035981,20,0.010522
momentum_20d,2021-07-27,-0.133411,160,0.002603,0.041584,0.041388,0.032961,-0.013302,0.017342,0.01277,-0.045819,-0.011351,0.029176,20,0.026573
momentum_20d,2021-07-28,-0.139652,160,0.019391,0.033263,0.019816,0.031092,0.004837,-0.019801,0.006925,-0.0244,-0.002662,0.006611,20,-0.012779
momentum_20d,2021-07-29,-0.076128,160,-0.00385,0.024079,-0.000839,0.025619,-0.015897,-0.000843,-0.047059,0.013419,-0.007786,0.004625,20,0.008475
momentum_20d,2021-07-30,-0.095972,160,0.024763,0.036362,0.017666,0.002022,0.004238,0.004294,-0.008531,-0.00661,0.000185,0.02229,20,-0.002473
momentum_20d,2021-08-02,-0.099051,160,0.062803,0.032294,0.038655,0.024813,0.013176,-0.007259,0.002459,0.005365,0.026678,0.029708,20,-0.033095
momentum_20d,2021-08-03,-0.063515,160,0.054133,0.063204,0.015248,0.038851,0.028978,0.014947,0.041545,0.001373,0.032613,0.04479,20,-0.009343
momentum_20d,2021-08-04,-0.095928,160,0.046133,0.02772,0.041256,0.042688,0.067645,0.018361,0.010263,-0.012249,0.004665,0.055912,20,0.009779
momentum_20d,2021-08-05,-0.076579,160,0.068586,0.043391,0.075297,0.086454,0.0403,0.040281,0.024949,0.039282,0.042024,0.053992,20,-0.014594
momentum_20d,2021-08-06,-0.11946,160,0.025954,0.046484,0.080886,0.072862,0.013081,0.05153,0.03506,0.004817,0.033003,0.021434,20,-0.004519
momentum_20d,2021-08-09,-0.15111,160,0.021588,0.059256,0.060512,0.078393,0.034121,0.052774,0.007917,0.0128,0.028842,0.010727,20,-0.010861
momentum_20d,2021-08-10,-0.122659,160,0.063875,0.063267,0.089285,0.067759,0.051285,0.064343,0.034851,0.05777,0.009551,0.072203,20,0.008328
momentum_20d,2021-08-11,-0.168675,160,0.070559,0.140137,0.122787,0.035938,0.089078,0.069072,0.062553,0.064971,0.045264,0.074048,20,0.00349
momentum_20d,2021-08-12,-0.178908,160,0.060354,0.103076,0.115329,0.091415,0.064344,0.087871,0.047819,0.037655,0.054305,0.057017,20,-0.003337
momentum_20d,2021-08-13,-0.080162,160,0.067164,0.129556,0.108001,0.11008,0.046436,0.084048,0.074395,0.071142,0.085328,0.082191,20,0.015027
momentum_20d,2021-08-16,-0.04497,160,0.098726,0.124009,0.131516,0.071864,0.068657,0.098058,0.077664,0.070127,0.09858,0.103144,20,0.004418
momentum_20d,2021-08-17,-0.099068,160,0.085443,0.098542,0.112849,0.062555,0.075192,0.073274,0.053601,0.056929,0.045609,0.105172,20,0.019729
momentum_20d,2021-08-18,-0.038697,160,0.074559,0.106948,0.0819,0.063481,0.075197,0.044678,0.062166,0.060652,0.05648,0.108819,20,0.03426
momentum_20d,2021-08-19,-0.016823,160,0.082759,0.098992,0.08982,0.051516,0.092946,0.045548,0.046234,0.113016,0.076079,0.074889,20,-0.00787
momentum_20d,2021-08-20,-0.016173,160,0.083617,0.047181,0.098712,0.014139,0.046098,0.050019,0.044873,0.078841,0.075034,0.040007,20,-0.04361
momentum_20d,2021-08-23,0.063269,160,0.098676,0.073502,0.040601,0.093888,0.100432,0.082014,0.047698,0.05507,0.090459,0.114534,20,0.015858
momentum_20d,2021-08-24,0.011646,160,0.096512,0.069105,0.09348,0.090331,0.077002,0.059596,0.056603,0.064883,0.091723,0.101082,20,0.00457
momentum_20d,2021-08-25,0.056097,160,0.072778,0.106842,0.036021,0.041585,0.101447,0.055024,0.068042,0.07652,0.039832,0.122637,20,0.049859
momentum_20d,2021-08-26,0.089028,160,0.065475,0.045794,0.039111,0.008037,0.041783,0.043238,0.047035,0.053698,0.02711,0.0918,20,0.026325
momentum_20d,2021-08-27,0.037499,160,0.046543,0.060458,0.006891,0.052093,0.034768,0.038502,0.014218,0.048319,0.041941,0.054912,20,0.00837
momentum_20d,2021-08-30,0.064901,160,0.026951,0.049312,0.03923,0.007684,0.03187,0.036583,0.059059,0.046312,0.008237,0.067428,20,0.040478
momentum_20d,2021-08-31,0.101137,160,0.021767,0.015644,0.047458,0.030907,0.000766,0.027062,0.030852,0.026981,0.022245,0.059434,20,0.037667
momentum_20d,2021-09-01,0.025577,160,0.055155,0.018505,0.052873,0.030706,-0.002138,0.056769,0.054232,0.061163,0.019755,0.043351,20,-0.011804
momentum_20d,2021-09-02,-0.026485,160,0.036285,0.045411,0.002097,0.042131,0.026432,0.019516,0.064382,0.024641,0.012259,0.017769,20,-0.018517
momentum_20d,2021-09-03,-0.025179,160,0.041165,0.045576,0.007288,0.057505,0.038796,0.050043,0.038472,0.03777,0.046015,0.021837,20,-0.019328
momentum_20d,2021-09-06,0.003522,160,0.037007,0.039345,0.065321,0.014334,0.023564,0.048368,0.076517,0.041032,0.045272,0.027589,20,-0.009418
momentum_20d,2021-09-07,-0.02834,160,-0.001373,0.02876,0.015842,-0.028318,0.030357,0.024333,0.04133,-0.000441,0.012413,-0.005807,20,-0.004433
momentum_20d,2021-09-08,0.009425,160,0.019419,0.01018,-0.017555,0.032506,0.020608,0.033969,0.04313,0.039784,0.000159,0.006527,20,-0.012892
momentum_20d,2021-09-09,0.006979,160,0.019791,0.002037,0.018505,0.001911,0.013774,0.041031,0.029083,0.035244,0.014154,0.006282,20,-0.013509
momentum_20d,2021-09-10,-0.025691,160,-0.000741,-0.016381,-0.014468,0.017682,0.001269,0.012269,0.019301,-0.005989,0.014527,-0.01722,20,-0.016479
momentum_20d,2021-09-13,-0.049186,160,-0.014511,-0.018872,0.029836,-0.020179,-0.030425,-0.02069,0.006266,0.017463,-0.006182,-0.031095,20,-0.016584
momentum_20d,2021-09-14,-0.033104,160,-0.00415,-0.027982,-0.002132,-0.004265,-0.031166,-0.019058,-0.016076,0.01516,0.017132,-0.033195,20,-0.029045
momentum_20d,2021-09-15,-0.001014,160,-0.002046,-0.013494,-0.025585,-0.024674,-0.008016,-0.009199,-0.039876,0.002507,0.00883,-0.01992,20,-0.017874
momentum_20d,2021-09-16,-0.038213,160,0.006935,-0.011394,-0.028558,-0.014012,0.049193,-0.009224,-0.007788,0.002865,0.004823,-0.027999,20,-0.034935
momentum_20d,2021-09-17,-0.072615,160,0.01532,-0.011907,-0.023568,-0.011182,0.001444,-0.010562,0.004424,-0.034117,-0.008361,-0.005938,20,-0.021257
momentum_20d,2021-09-20,-0.080101,160,-0.004089,-0.004759,-0.021721,-0.013974,0.000359,-0.019781,-0.021174,-0.018118,-0.01653,-0.007818,20,-0.003729
momentum_20d,2021-09-21,-0.049039,160,-0.00023,-0.038364,-0.026886,-0.020189,-0.012892,-0.039649,-0.005387,-0.032195,-0.023596,-0.025477,20,-0.025247
momentum_20d,2021-09-22,-0.073213,160,-0.01784,0.011458,-0.030685,-0.014514,0.00992,-0.008358,-0.02039,-0.011954,-0.015905,-0.025315,20,-0.007475
momentum_20d,2021-09-23,-0.107078,160,0.03176,0.046093,0.015092,0.031366,0.036047,0.030684,0.025508,-0.000713,-0.002923,0.043669,20,0.011909
momentum_20d,2021-09-24,-0.083013,160,0.033499,0.048485,0.005985,0.023151,0.02198,0.024734,0.027918,-0.004992,0.032168,0.016125,20,-0.017374
momentum_20d,2021-09-27,-0.017019,160,0.016946,0.018329,0.006697,0.01789,0.034003,0.039487,0.026292,-0.021576,0.013773,0.027269,20,0.010323
momentum_20d,2021-09-28,-0.031908,160,0.0221,0.026859,0.018844,0.01923,0.049537,0.018914,0.034793,0.025434,0.007814,0.017573,20,-0.004527
momentum_20d,2021-09-29,-0.034616,160,0.015218,0.020989,0.023057,0.031968,0.044879,0.043417,0.0222,0.025386,0.008766,0.021085,20,0.005868
momentum_20d,2021-09-30,-0.076143,160,0.006694,0.01835,0.003699,-0.01168,0.054934,0.014084,0.022136,0.003979,-0.00943,-0.004502,20,-0.011197
momentum_20d,2021-10-01,-0.018698,160,0.001328,0.006517,-0.02405,0.01432,0.025366,0.038753,0.001222,-0.006101,0.014576,-0.008256,20,-0.009584
momentum_20d,2021-10-04,-0.069803,160,0.016468,0.041754,0.028848,0.0276,-0.009746,0.026947,0.043595,0.006406,0.020412,0.014531,20,-0.001937
momentum_20d,2021-10-05,-0.075492,160,0.029793,0.051593,0.004815,0.03018,0.069206,0.013612,0.039928,0.015513,0.030492,0.014736,20,-0.015057
momentum_20d,2021-10-06,-0.040853,160,0.022139,0.006237,0.032445,0.024339,0.040251,0.048337,-0.004888,0.01092,0.025168,0.012606,20,-0.009533
momentum_20d,2021-10-07,-0.010401,160,0.001273,0.016522,0.010141,0.008553,-0.003896,0.016011,-0.012645,0.010431,0.027095,-0.002191,20,-0.003464
momentum_20d,2021-10-08,-9.7e-05,160,-0.014006,0.005353,-0.000289,0.004532,-0.032018,-0.011959,0.003503,0.000696,0.005078,0.002256,20,0.016262
momentum_20d,2021-10-11,-0.032081,160,-0.008889,-0.012891,-0.020543,-0.014817,-0.038771,-0.042799,-0.005435,-0.014689,-0.000641,-0.040374,20,-0.031484
momentum_20d,2021-10-12,-0.011801,160,-0.0497,-0.005308,-0.01517,-0.030287,-0.069349,-0.025482,-0.03683,-0.032113,-0.024995,-0.02604,20,0.02366
momentum_20d,2021-10-13,0.003296,160,-0.063028,-0.013014,-0.002692,-0.069567,-0.055376,-0.031495,-0.055741,-0.046954,-0.026121,-0.026053,20,0.036976
momentum_20d,2021-10-14,-0.06232,160,-0.048043,0.003406,-0.041528,-0.062819,-0.055608,-0.055908,-0.066633,-0.049514,-0.020482,-0.046346,20,0.001697
momentum_20d,2021-10-15,-0.035585,160,-0.031486,0.003243,-0.050182,-0.07038,-0.065404,-0.050182,-0.05092,-0.057063,-0.013216,-0.049427,20,-0.017941
momentum_20d,2021-10-18,-0.007008,160,-0.036612,-0.022427,-0.065756,-0.07404,-0.072602,-0.048166,-0.08892,-0.062733,-0.044906,-0.016336,20,0.020276
momentum_20d,2021-10-19,0.02696,160,-0.041064,-0.071763,-0.051247,-0.06329,-0.054206,-0.063143,-0.051694,-0.078569,-0.075028,-0.015406,20,0.025658
momentum_20d,2021-10-20,0.068267,160,-0.060061,-0.089202,-0.087174,-0.06758,-0.077976,-0.089941,-0.026477,-0.093415,-0.083777,-0.034933,20,0.025128
momentum_20d,2021-10-21,0.067277,160,-0.063761,-0.09883,-0.096968,-0.089097,-0.100389,-0.0847,-0.083381,-0.103378,-0.07952,-0.066249,20,-0.002489
momentum_20d,2021-10-22,0.011321,160,-0.08409,-0.068248,-0.126037,-0.065603,-0.098951,-0.097578,-0.082871,-0.117359,-0.072598,-0.068086,20,0.016004
momentum_20d,2021-10-25,-0.03509,160,-0.06422,-0.094803,-0.076924,-0.10778,-0.104875,-0.079445,-0.05882,-0.09355,-0.079646,-0.100302,20,-0.036082
momentum_20d,2021-10-26,-0.066014,160,-0.056267,-0.112849,-0.0538,-0.079871,-0.084861,-0.081088,-0.048759,-0.081512,-0.089637,-0.086391,20,-0.030124
momentum_20d,2021-10-27,-0.059507,160,-0.053906,-0.079294,-0.071989,-0.075719,-0.076346,-0.087549,-0.037196,-0.064105,-0.07654,-0.090116,20,-0.036209
momentum_20d,2021-10-28,-0.039409,160,-0.01317,-0.06479,-0.05027,-0.04535,-0.071883,-0.049238,-0.020877,-0.067062,-0.01637,-0.065121,20,-0.051951
momentum_20d,2021-10-29,-0.040841,160,0.004839,-0.035396,-0.042272,-0.028657,-0.032872,-0.033881,-0.042148,-0.034204,-0.014185,-0.029496,20,-0.034335
momentum_20d,2021-11-01,-0.028129,160,-0.021742,-0.029951,-0.079597,-0.047601,-0.053477,-0.032389,-0.043908,-0.081069,-0.030374,-0.029139,20,-0.007397
momentum_20d,2021-11-02,-0.00745,160,-0.034778,-0.005499,-0.052632,-0.057909,-0.009947,-0.041597,-0.032239,-0.055378,-0.03972,-0.018282,20,0.016496
momentum_20d,2021-11-03,-0.094176,160,0.006803,-0.00163,-0.044124,-0.03258,-0.014561,-0.028351,-0.037831,-0.022313,-0.034775,-0.019017,20,-0.02582
momentum_20d,2021-11-04,-0.048157,160,0.014422,0.007698,-0.002887,-0.034131,-0.029735,-0.002308,0.019187,-0.02934,-0.014693,0.002917,20,-0.011505
momentum_20d,2021-11-05,-0.071634,160,0.023071,0.056072,0.021684,0.023372,0.019442,0.010248,0.050773,-0.007723,0.024376,0.024296,20,0.001225
momentum_20d,2021-11-08,-0.08986,160,0.072992,0.0883,0.064388,0.05932,0.060421,0.045638,0.060411,0.047307,0.078364,0.050982,20,-0.02201
momentum_20d,2021-11-09,-0.083054,160,0.127984,0.085737,0.062143,0.046608,0.075921,0.121024,0.088255,0.043066,0.093925,0.075642,20,-0.052342
momentum_20d,2021-11-10,-0.084047,160,0.116628,0.101124,0.110392,0.084515,0.077455,0.102985,0.058485,0.106176,0.112729,0.069666,20,-0.046962
momentum_20d,2021-11-11,-0.086277,160,0.121571,0.08189,0.096529,0.080149,0.063539,0.104275,0.064646,0.104309,0.081513,0.074492,20,-0.047079
momentum_20d,2021-11-12,-0.092198,160,0.089685,0.077313,0.101527,0.085308,0.022897,0.076606,0.053895,0.111938,0.059788,0.060337,20,-0.029348
momentum_20d,2021-11-15,-0.140645,160,0.104395,0.094849,0.108545,0.082158,0.061716,0.047959,0.110784,0.095129,0.070894,0.045745,20,-0.05865
momentum_20d,2021-11-16,-0.101005,160,0.114725,0.095824,0.070987,0.10767,0.082793,0.083014,0.093839,0.082689,0.093062,0.064753,20,-0.049971
momentum_20d,2021-11-17,-0.063123,160,0.098238,0.067231,0.085195,0.091155,0.083591,0.108447,0.092323,0.07162,0.0699,0.065985,20,-0.032254
momentum_20d,2021-11-18,-0.07466,160,0.10782,0.104814,0.096577,0.06979,0.108672,0.075815,0.102075,0.103728,0.097279,0.069559,20,-0.038262
momentum_20d,2021-11-19,-0.033303,160,0.131799,0.105769,0.070846,0.084724,0.101928,0.09237,0.094004,0.107496,0.092185,0.093975,20,-0.037823
momentum_20d,2021-11-22,-0.047,160,0.120081,0.114952,0.116242,0.078937,0.125115,0.105148,0.128651,0.097586,0.08166,0.115315,20,-0.004765
momentum_20d,2021-11-23,-0.031862,160,0.116302,0.093473,0.091947,0.089374,0.096945,0.083873,0.131743,0.048425,0.098502,0.094362,20,-0.02194
momentum_20d,2021-11-24,-0.026187,160,0.0969,0.099605,0.054337,0.066166,0.089484,0.090092,0.079643,0.064364,0.084511,0.057441,20,-0.03946
momentum_20d,2021-11-25,0.006281,160,0.034064,0.095955,0.061705,0.041748,0.088072,0.069828,0.072422,0.067453,0.052345,0.042414,20,0.00835
momentum_20d,2021-11-26,0.012522,160,0.035001,0.056282,0.049053,0.039495,0.059562,0.036474,0.072858,0.044811,0.034264,0.044858,20,0.009856
momentum_20d,2021-11-29,0.031428,160,0.029431,0.041954,0.065971,0.063947,0.040686,0.060099,0.03671,0.047145,0.029602,0.064262,20,0.034832
momentum_20d,2021-11-30,0.023359,160,0.033255,0.067266,0.056596,0.028803,0.061864,0.042657,0.049737,0.043625,0.036751,0.068289,20,0.035034
momentum_20d,2021-12-01,0.081325,160,0.041063,0.085556,0.066776,0.054022,0.066726,0.018734,0.019478,0.066633,0.113029,0.070855,20,0.029793
momentum_20d,2021-12-02,0.019703,160,0.069119,0.081453,0.0254,0.093781,0.063104,0.05039,0.057146,0.094771,0.058454,0.073254,20,0.004135
momentum_20d,2021-12-03,0.02323,160,0.036818,0.043491,0.030679,-0.000809,0.058633,-0.002232,0.001345,0.068541,0.047167,0.042556,20,0.005738
momentum_20d,2021-12-06,0.05063,160,0.00047,0.005834,-0.015526,0.036154,0.011232,-0.00747,-0.011818,0.026765,0.032937,0.003254,20,0.002784
momentum_20d,2021-12-07,0.06249,160,-0.024269,-0.030465,-0.017693,-0.023378,-0.00525,-0.020349,-0.041321,-0.02765,0.011307,-0.010392,20,0.013876
momentum_20d,2021-12-08,0.029345,160,-0.036595,-0.068594,-0.044043,-0.022282,-0.032692,-0.057965,-0.037549,-0.030329,-0.026552,-0.053652,20,-0.017058
momentum_20d,2021-12-09,-0.032984,160,-0.01455,-0.054427,-0.014965,-0.044685,0.001016,0.029823,-0.049178,-0.021716,-0.049307,-0.031038,20,-0.016488
momentum_20d,2021-12-10,-0.035319,160,-0.000401,-0.038243,-0.025482,-0.008414,0.01948,0.009034,-0.013698,-0.053311,-0.004349,-0.018838,20,-0.018437
momentum_20d,2021-12-13,0.003278,160,-0.02738,-0.036752,-0.053239,0.02689,-0.032799,-0.009943,-0.056309,-0.030359,0.003583,-0.035824,20,-0.008444
momentum_20d,2021-12-14,-0.006264,160,-0.027733,-0.07141,-0.051464,-0.019506,-0.051748,-0.047029,-0.05212,-0.045307,-0.026995,-0.049585,20,-0.021853
momentum_20d,2021-12-15,-0.011502,160,-0.027202,-0.067175,-0.034961,-0.056652,-0.01473,-0.040732,-0.046282,-0.041742,-0.03246,-0.044575,20,-0.017373
momentum_20d,2021-12-16,-0.07156,160,-0.014569,-0.024597,-0.056262,-0.069323,0.011535,-0.021922,-0.06919,-0.0284,-0.030564,-0.049935,20,-0.035366
momentum_20d,2021-12-17,-0.109334,160,-0.011728,-0.032907,-0.039216,-0.052279,-0.04991,-0.036266,-0.023668,-0.041526,-0.028645,-0.060018,20,-0.04829
momentum_20d,2021-12-20,-0.062006,160,-0.02139,-0.053249,-0.044124,-0.047206,-0.017007,-0.036388,-0.040388,-0.020881,-0.039975,-0.0581,20,-0.03671
momentum_20d,2021-12-21,-0.052622,160,0.002436,-0.041091,-0.041052,-0.03095,-0.032941,-0.017984,-0.01678,0.002848,-0.033484,-0.043013,20,-0.045449
momentum_20d,2021-12-22,-0.064872,160,-0.000883,-0.04964,-0.021845,-0.025932,-0.05309,-0.03127,-0.010503,-0.036385,-0.002922,-0.050163,20,-0.049281
momentum_20d,2021-12-23,-0.026773,160,-0.021452,-0.042898,-0.013146,-0.015955,-0.030941,-0.032929,-0.044726,-0.01787,-0.01768,-0.019898,20,0.001553
momentum_20d,2021-12-24,0.014315,160,-0.033492,-0.038732,-0.026956,-0.037783,-0.031855,-0.024045,-0.039581,-0.013175,-0.047376,-0.023561,20,0.009931
momentum_20d,2021-12-27,-0.031677,160,-0.01618,-0.014355,-0.015655,-0.045673,-0.021805,-0.019822,-0.033072,-0.005438,-0.035652,-0.01593,20,0.00025
momentum_20d,2021-12-28,-0.094451,160,-0.037011,-0.003311,-0.044492,-0.026175,-0.013548,-0.016014,-0.051962,-0.033548,-0.045795,-0.038066,20,-0.001055
momentum_20d,2021-12-29,-0.011289,160,-0.053916,-0.037671,-0.040127,-0.032349,-0.027136,-0.048513,-0.03176,-0.034094,-0.036761,-0.041231,20,0.012685
momentum_20d,2021-12-30,-0.014169,160,-0.066376,-0.046482,-0.055011,-0.068763,-0.036096,-0.033134,-0.055981,-0.051393,-0.07529,-0.055427,20,0.010949
momentum_20d,2021-12-31,0.034103,160,-0.036401,-0.04843,-0.023858,-0.051625,-0.024348,-0.038081,-0.027523,-0.022575,-0.040586,-0.029655,20,0.006746
momentum_20d,2022-01-03,0.036321,160,-0.012193,-0.046259,-0.022066,-0.026436,-0.008594,-0.008135,-0.008127,-0.041533,-0.018179,-0.009649,20,0.002544
momentum_20d,2022-01-04,0.037601,160,-0.002304,-0.027816,-0.00268,0.015047,-0.024463,-0.028122,0.019285,0.003885,-0.018525,0.015596,20,0.0179
momentum_20d,2022-01-05,0.078337,160,0.019397,0.002774,0.020399,0.012791,-0.001563,-0.017735,-0.005335,0.02595,0.046376,0.029104,20,0.009707
momentum_20d,2022-01-06,0.075938,160,0.000884,-0.027643,0.022303,-0.014727,-0.03054,-0.018254,0.013427,-0.024656,0.033699,-0.003433,20,-0.004317
momentum_20d,2022-01-07,0.03812,160,0.006996,0.035425,0.008175,0.023838,0.019846,-0.016612,0.00699,-0.001116,0.067167,0.006505,20,-0.000492
momentum_20d,2022-01-10,-0.018428,160,0.042809,0.046884,0.045906,0.007431,0.035882,0.031362,0.034348,0.023177,0.022096,0.053791,20,0.010982
momentum_20d,2022-01-11,-0.038717,160,0.067793,0.056448,0.058677,0.049759,0.035432,0.096108,0.04159,0.053007,0.023234,0.073541,20,0.005749
momentum_20d,2022-01-12,-0.018657,160,0.094116,0.056292,0.044445,0.079438,0.084116,0.036664,0.084745,0.06934,0.074751,0.043273,20,-0.050842
momentum_20d,2022-01-13,0.029436,160,0.073373,0.060481,0.046862,0.066279,0.052271,0.079912,0.113372,0.098137,0.047503,0.039651,20,-0.033722
momentum_20d,2022-01-14,-0.025765,160,0.061235,0.062798,0.079281,0.051524,0.041996,0.036116,0.097632,0.089698,0.0362,0.037138,20,-0.024097
momentum_20d,2022-01-17,0.010515,160,0.03577,0.040993,0.065372,0.060759,0.068695,0.034834,0.105604,0.056776,0.049421,0.032084,20,-0.003686
momentum_20d,2022-01-18,0.057319,160,0.026479,0.014537,0.01724,0.056,0.069577,0.026433,0.0306,0.022036,0.046482,0.04851,20,0.022031
momentum_20d,2022-01-19,0.011625,160,0.055579,0.008976,0.02934,0.075418,0.086752,0.010693,0.034696,0.051993,0.031987,0.049652,20,-0.005927
momentum_20d,2022-01-20,0.033086,160,0.014465,0.024715,0.016824,0.028571,0.059826,0.05261,0.04881,0.037491,0.005153,0.034003,20,0.019538
momentum_20d,2022-01-21,0.065039,160,0.033458,0.004206,0.071322,0.042245,0.04609,0.062651,0.022682,0.094657,0.036824,0.032119,20,-0.001338
momentum_20d,2022-01-24,0.025615,160,0.030936,0.031456,0.068046,0.059424,0.061846,0.003812,0.053331,0.055042,0.042169,0.049797,20,0.018861
momentum_20d,2022-01-25,-0.006082,160,0.006258,0.099084,0.062758,0.066907,0.034485,0.034152,0.043412,0.043327,0.047314,0.058393,20,0.052136
momentum_20d,2022-01-26,-0.011028,160,0.034341,0.099671,0.058972,0.08898,0.073566,0.044153,0.076102,0.057567,0.030707,0.098356,20,0.064015
momentum_20d,2022-01-27,0.008558,160,0.047891,0.084392,0.122805,0.073745,0.082672,0.120554,0.078004,0.035563,0.050658,0.117037,20,0.069147
momentum_20d,2022-01-28,-0.015027,160,0.060252,0.094342,0.070469,0.111065,0.062076,0.085824,0.063389,0.060028,0.068852,0.08252,20,0.022268
momentum_20d,2022-01-31,-0.046678,160,0.044226,0.089355,0.072146,0.075619,0.073322,0.042658,0.066076,0.044267,0.062571,0.062478,20,0.018252
momentum_20d,2022-02-01,-0.076078,160,0.062666,0.072496,0.035908,0.07765,0.043984,0.086738,0.045463,0.040552,0.047576,0.037041,20,-0.025626
momentum_20d,2022-02-02,-0.109334,160,0.057151,0.102937,0.041107,0.063802,0.079497,0.098138,0.083271,0.050648,0.014418,0.055218,20,-0.001934
momentum_20d,2022-02-03,-0.113512,160,0.121819,0.114939,0.05818,0.114343,0.125649,0.051022,0.112591,0.067522,0.093443,0.077461,20,-0.044359
momentum_20d,2022-02-04,-0.030057,160,0.094723,0.059139,0.06459,0.043927,0.102314,0.09035,0.088276,0.034136,0.074834,0.066675,20,-0.028048
momentum_20d,2022-02-07,0.042673,160,0.081529,0.056031,0.057712,0.064199,0.101564,0.078918,0.076552,0.093936,0.087327,0.060705,20,-0.020824
momentum_20d,2022-02-08,0.040094,160,0.087938,0.065061,0.059595,0.05088,0.100734,0.108894,0.075593,0.077104,0.085836,0.064339,20,-0.0236
momentum_20d,2022-02-09,0.044967,160,0.081202,0.041805,0.014547,0.09463,0.05839,0.063509,0.058394,0.05303,0.07654,0.053533,20,-0.027669
momentum_20d,2022-02-10,-0.012578,160,0.049295,0.059481,0.050363,0.080302,0.062815,0.008266,0.053517,0.058286,0.018822,0.068578,20,0.019283
momentum_20d,2022-02-11,-0.060656,160,0.070445,0.042301,0.028894,0.098189,0.08136,-0.003352,0.034634,0.021235,0.043463,0.066647,20,-0.003798
momentum_20d,2022-02-14,-0.086687,160,0.050728,0.020913,0.057001,0.076926,0.042799,0.046844,0.022751,0.022057,0.022396,0.053232,20,0.002504
momentum_20d,2022-02-15,-0.060407,160,0.09096,0.081674,0.009387,0.041403,0.075114,0.065087,0.019999,0.025639,0.067035,0.070891,20,-0.020069
momentum_20d,2022-02-16,0.001606,160,0.073671,0.035774,-0.006209,0.047113,0.036049,0.020966,0.056087,0.030433,0.043551,0.042518,20,-0.031153
momentum_20d,2022-02-17,0.025712,160,0.077059,0.013989,0.046531,0.036905,0.02448,0.03003,0.063517,0.06545,0.037671,0.056779,20,-0.020281
momentum_20d,2022-02-18,0.091222,160,0.052105,0.017413,0.021752,0.036955,0.01537,0.034367,0.066147,0.04505,0.043929,0.047132,20,-0.004973
momentum_20d,2022-02-21,0.044562,160,0.018583,0.056501,-0.017487,0.023907,0.04215,0.055314,0.062342,0.026401,0.035255,0.038612,20,0.020029
momentum_20d,2022-02-22,-0.024373,160,0.005916,0.034344,0.001629,0.0142,0.047758,0.045637,0.033033,0.034976,0.005877,0.020511,20,0.014595
momentum_20d,2022-02-23,-0.012715,160,0.007143,0.002071,-0.039027,-0.023172,0.04211,0.02058,-0.014241,-0.006691,0.010941,-0.001332,20,-0.008475
momentum_20d,2022-02-24,-0.06038,160,0.010306,0.014346,-0.029425,-0.000128,0.007702,0.006184,0.012969,0.004919,-0.021116,-0.003109,20,-0.013415
momentum_20d,2022-02-25,-0.030643,160,0.018142,-0.017834,-0.061597,-0.012814,0.013777,0.010386,-0.011242,-0.004255,-0.0177,-0.019899,20,-0.038042
momentum_20d,2022-02-28,-0.058159,160,0.003175,-0.01799,-0.01633,-0.016952,-0.013134,-0.022718,-0.02195,-0.008566,-0.002754,-0.023007,20,-0.026182
momentum_20d,2022-03-01,-0.03606,160,0.00602,-0.004152,-0.010542,0.004623,0.001156,-0.022726,0.01637,-0.016216,0.003399,0.002468,20,-0.003552
momentum_20d,2022-03-02,-0.12084,160,0.008972,-0.015084,0.013481,-0.00041,-0.016039,-0.00677,-0.030582,-0.011846,-0.025424,-0.00372,20,-0.012692
momentum_20d,2022-03-03,-0.170318,160,-0.027807,-0.003403,-0.01011,-0.029193,-0.037229,-0.036185,-0.06153,-0.012528,-0.043522,-0.052717,20,-0.024911
momentum_20d,2022-03-04,-0.11912,160,-0.01058,-0.031327,-0.00681,-0.056245,-0.045603,-0.055674,-0.012338,-0.042426,-0.059803,-0.038576,20,-0.027996
momentum_20d,2022-03-07,-0.065484,160,-0.030325,-0.069656,-0.029652,-0.051793,-0.036209,-0.077936,-0.073833,-0.03141,-0.057433,-0.066618,20,-0.036293
momentum_20d,2022-03-08,-0.060741,160,-0.044361,-0.062862,-0.068067,-0.064608,-0.051379,-0.068148,-0.076232,-0.057072,-0.060646,-0.078629,20,-0.034268
momentum_20d,2022-03-09,-0.09085,160,-0.030144,-0.042483,-0.051376,-0.053857,-0.04424,-0.043123,-0.041337,-0.053276,-0.04861,-0.055903,20,-0.025759
momentum_20d,2022-03-10,-0.127757,160,-0.037405,-0.047104,-0.018701,-0.036754,-0.051053,-0.058507,-0.04948,-0.045911,-0.053973,-0.062324,20,-0.02492
momentum_20d,2022-03-11,-0.193622,160,-0.020179,0.004243,0.01265,-0.002049,-0.014416,-0.048676,-0.052126,-0.031273,-0.038745,-0.035347,20,-0.015168
momentum_20d,2022-03-14,-0.157319,160,-0.02092,0.016251,-0.0171,-0.013113,-0.000299,-0.028359,-0.062597,-0.044198,-0.030205,-0.025396,20,-0.004476
momentum_20d,2022-03-15,-0.144586,160,-0.030865,0.004883,-0.018133,0.016743,-0.02636,-0.05448,-0.035353,-0.032351,-0.029372,-0.02689,20,0.003975
momentum_20d,2022-03-16,-0.104843,160,-0.003457,0.015069,0.012077,-0.010439,-0.003234,-0.027576,-0.024524,-0.005619,-0.016008,-0.016879,20,-0.013422
momentum_20d,2022-03-17,-0.063064,160,0.010442,-0.043651,-0.001201,0.006562,-0.017034,-0.028646,-0.030231,-0.023955,-0.039226,-0.002132,20,-0.012575
momentum_20d,2022-03-18,-0.073667,160,-0.017751,-0.045413,0.00709,-0.036131,-0.014068,-0.051026,-0.067073,-0.036495,-0.035801,-0.021575,20,-0.003824
momentum_20d,2022-03-21,-0.032152,160,-0.020757,-0.03862,0.002122,-0.043141,-0.055593,-0.026378,-0.054033,-0.014179,-0.059446,-0.004485,20,0.016273
momentum_20d,2022-03-22,-0.050639,160,-0.002421,-0.012151,-0.014616,0.001953,-0.02637,-0.049302,-0.024271,-0.021835,-0.024883,0.003881,20,0.006302
momentum_20d,2022-03-23,-0.020722,160,0.003339,-0.059111,-0.021114,-0.024168,0.001431,-0.010123,-0.004401,-0.060893,-0.054675,0.00877,20,0.005432
momentum_20d,2022-03-24,-0.029207,160,-0.012231,-0.038522,-0.031575,-0.053727,-0.025896,-0.017956,-0.063353,-0.036792,-0.063106,-0.002536,20,0.009696
momentum_20d,2022-03-25,-0.000574,160,-0.031393,-0.07412,-0.074406,-0.038868,-0.049013,-0.058386,-0.037789,-0.059522,-0.066097,-0.042548,20,-0.011154
momentum_20d,2022-03-28,-0.021141,160,-0.016551,-0.065338,-0.065411,-0.053744,-0.055405,-0.059075,-0.087565,-0.038981,-0.068922,-0.025107,20,-0.008556
momentum_20d,2022-03-29,-0.056765,160,-0.003004,-0.100112,-0.064565,-0.028722,-0.082262,-0.028779,-0.032249,-0.045357,-0.102368,-0.048924,20,-0.04592
momentum_20d,2022-03-30,-0.027775,160,-0.024916,-0.04061,-0.07447,-0.049806,-0.064614,-0.046805,-0.050558,-0.044757,-0.092856,-0.034468,20,-0.009552
momentum_20d,2022-03-31,-0.006047,160,-0.012695,-0.041905,-0.043646,-0.049285,-0.038765,-0.058186,-0.026613,-0.055366,-0.014239,-0.050567,20,-0.037872
momentum_20d,2022-04-01,-0.034856,160,-0.032544,-0.045624,-0.0101,-0.03874,-0.035664,-0.072147,-0.020521,-0.049386,-0.051396,-0.03857,20,-0.006027
momentum_20d,2022-04-04,0.028235,160,-0.016698,-0.056909,-0.056792,-0.019764,-0.051096,-0.054744,-0.02886,-0.062264,-0.010286,-0.038999,20,-0.022301
momentum_20d,2022-04-05,-0.00336,160,-0.007158,-0.029902,0.002685,-0.047181,-0.031673,-0.019881,-0.020926,-0.04665,-0.016536,-0.022643,20,-0.015485
momentum_20d,2022-04-06,-0.028689,160,-0.026681,-0.022594,-0.022468,0.009694,-0.038758,-0.028087,-0.053165,-0.021193,-0.059183,-0.016939,20,0.009742
momentum_20d,2022-04-07,-0.013099,160,-0.023663,-0.047219,-0.059883,-0.039976,-0.028027,-0.077011,-0.022062,-0.039144,-0.081091,-0.04034,20,-0.016677
momentum_20d,2022-04-08,-0.049725,160,-0.016765,-0.066224,-0.060669,-0.026879,-0.052332,-0.042683,-0.015605,-0.054754,-0.077912,-0.070457,20,-0.053692
momentum_20d,2022-04-11,-0.001579,160,-0.026552,-0.071168,-0.049953,-0.057155,-0.053518,-0.082009,-0.031864,-0.036536,-0.078743,-0.05842,20,-0.031868
momentum_20d,2022-04-12,-0.00588,160,-0.046267,-0.028491,-0.063663,-0.05245,-0.047139,-0.056349,-0.034299,-0.050239,-0.067503,-0.051801,20,-0.005534
momentum_20d,2022-04-13,-0.02306,160,-0.020371,-0.05899,-0.035372,-0.039085,-0.039564,-0.030988,-0.042346,-0.023026,-0.061584,-0.044548,20,-0.024177
momentum_20d,2022-04-14,-0.034964,160,-0.004619,-0.022258,-0.029359,-0.028583,-0.021598,0.002775,-0.033502,-0.022062,-0.02035,-0.042591,20,-0.037972
momentum_20d,2022-04-15,-0.031106,160,0.011516,0.003458,-0.006808,-0.010774,0.003558,-0.012458,0.008165,-0.009184,0.004915,-0.012346,20,-0.023862
momentum_20d,2022-04-18,-0.060767,160,0.030218,0.035706,0.022855,0.029969,0.023999,0.028032,0.003323,0.018732,0.018265,0.016187,20,-0.014032
momentum_20d,2022-04-19,-0.05586,160,0.013008,0.015425,0.008884,0.01986,-0.031838,0.026893,-0.016144,-0.000345,0.008202,0.001362,20,-0.011646
momentum_20d,2022-04-20,-0.061037,160,0.038178,-0.000258,-0.001098,0.020466,-0.013185,0.039497,0.016767,-0.002387,0.016813,-0.010321,20,-0.0485
momentum_20d,2022-04-21,-0.011951,160,0.044466,-0.020346,0.034017,0.025598,0.015949,0.03616,0.001882,0.019498,0.021203,0.017611,20,-0.026855
momentum_20d,2022-04-22,0.039541,160,0.019382,0.036692,0.034346,0.049956,0.050901,0.00786,0.062774,0.050834,0.026618,0.041171,20,0.021789
momentum_20d,2022-04-25,0.031721,160,0.020254,0.061235,0.098169,0.067212,0.0902,0.059405,0.023808,0.053388,0.106323,0.038987,20,0.018733
momentum_20d,2022-04-26,-0.007509,160,0.019805,0.091543,0.04821,0.079139,0.033352,0.053836,0.061102,0.060324,0.052524,0.029896,20,0.010092
momentum_20d,2022-04-27,-0.018636,160,0.035529,0.023631,0.074497,0.082897,0.021742,0.02235,0.006593,0.048821,0.040059,0.039811,20,0.004283
momentum_20d,2022-04-28,0.002344,160,0.001672,0.056628,0.044696,0.076565,0.063797,0.024262,0.030577,0.045051,0.003827,0.043539,20,0.041867
momentum_20d,2022-04-29,-0.066928,160,0.02487,0.069918,0.064645,0.093109,0.054675,0.06743,0.045815,0.029581,0.064232,0.024882,20,1.2e-05
momentum_20d,2022-05-02,-0.043176,160,0.034893,0.067738,0.061936,0.029636,0.065886,0.024784,0.08656,0.043272,0.053582,0.017126,20,-0.017766
momentum_20d,2022-05-03,0.003319,160,0.021131,0.057272,0.033944,0.046645,0.019026,0.044902,0.035291,0.021325,0.048288,0.029044,20,0.007913
momentum_20d,2022-05-04,0.022867,160,0.054288,0.023219,0.026766,0.059968,0.040297,0.039329,0.072607,0.012006,0.05286,0.042916,20,-0.011372
momentum_20d,2022-05-05,-0.048811,160,0.05049,0.043686,0.066691,0.063535,0.044755,0.064368,0.089455,0.041554,0.032967,0.033573,20,-0.016918
momentum_20d,2022-05-06,-0.081132,160,0.037386,0.049969,0.037505,0.027551,0.021483,0.028117,0.035415,0.028572,0.05093,-0.001042,20,-0.038427
momentum_20d,2022-05-09,-0.050905,160,0.024736,0.042461,0.033035,0.008026,0.039067,0.05715,0.050178,0.034559,0.028675,-0.003647,20,-0.028383
momentum_20d,2022-05-10,0.013506,160,0.009192,0.015918,0.004477,0.007045,0.05596,-0.026968,0.066891,0.0124,0.026076,-0.010992,20,-0.020185
momentum_20d,2022-05-11,0.022023,160,-0.012709,-0.00736,0.011864,0.003563,0.003445,-0.029308,0.036755,0.002961,0.005066,-0.006335,20,0.006373
momentum_20d,2022-05-12,0.065214,160,0.00166,0.001256,0.010792,-0.00165,0.00292,-0.013024,0.012892,0.039736,0.00083,0.008808,20,0.007148
momentum_20d,2022-05-13,0.105259,160,-0.008456,-0.005504,0.005993,-0.022026,0.021536,0.025818,-0.014185,0.021322,0.029454,0.003567,20,0.012024
momentum_20d,2022-05-16,0.15891,160,-0.022828,-0.031689,-0.01956,-0.035252,0.004251,-0.004408,-0.006279,0.004609,-0.00707,0.004303,20,0.027131
momentum_20d,2022-05-17,0.188205,160,-0.023363,-0.003492,0.002179,-0.051205,-0.008161,0.011407,0.031994,0.019435,0.012267,0.014023,20,0.037387
momentum_20d,2022-05-18,0.090645,160,-0.00871,0.039154,-0.008764,-0.030094,0.001884,0.000326,0.012918,0.01203,0.049521,-0.000778,20,0.007932
momentum_20d,2022-05-19,0.07897,160,-0.003469,0.01582,0.016382,-0.025694,0.003623,0.008068,0.03907,-0.002726,0.01666,0.007627,20,0.011096
momentum_20d,2022-05-20,0.140701,160,-0.004093,0.024544,0.051048,-0.020713,0.03317,0.029299,0.003737,0.034372,0.06071,0.026265,20,0.030358
momentum_20d,2022-05-23,0.119079,160,0.014204,0.022933,0.016118,0.022223,-0.017813,0.023003,0.009109,0.052385,-0.000307,0.042613,20,0.028409
momentum_20d,2022-05-24,0.13139,160,-0.006544,0.032513,0.005313,3.8e-05,-0.012121,0.015567,0.025149,0.049426,0.018143,0.028211,20,0.034755
momentum_20d,2022-05-25,0.111608,160,0.009022,-0.013112,-0.021137,0.002706,-0.006569,0.021611,0.014276,0.007684,0.014824,0.001013,20,-0.008008
momentum_20d,2022-05-26,0.070418,160,0.001526,-0.024533,-0.010141,0.000349,-0.004604,0.005079,-0.018819,0.004065,0.010063,-0.007813,20,-0.00934
momentum_20d,2022-05-27,0.094454,160,-0.021826,-0.030145,-0.035915,0.011859,-0.008259,-0.004004,-0.040566,-0.021194,0.009582,-0.012217,20,0.009609
momentum_20d,2022-05-30,0.144712,160,-1e-05,-0.024259,-0.030355,-0.029741,0.034259,0.007466,-0.01253,-0.022496,0.017673,0.013376,20,0.013386
momentum_20d,2022-05-31,0.120761,160,-0.019811,-0.018441,0.003484,0.005666,-0.011559,0.000315,0.011078,-0.012531,-0.004933,0.016565,20,0.036376
momentum_20d,2022-06-01,0.057234,160,-0.025002,0.001176,-0.036205,-0.00011,-0.010549,0.027233,-0.015907,-0.017723,-0.018254,-0.00746,20,0.017542
momentum_20d,2022-06-02,0.014593,160,-0.010438,0.015522,0.027292,-0.015031,0.020108,-0.013011,0.02771,-0.006525,0.003326,0.011655,20,0.022093
momentum_20d,2022-06-03,0.036693,160,0.000293,0.049365,0.017836,0.012773,0.018106,0.011364,0.053677,0.026719,0.045305,-0.011079,20,-0.011372
momentum_20d,2022-06-06,0.024648,160,0.043876,0.058155,0.03214,0.061858,0.014579,0.02155,0.056141,0.062937,0.064102,0.026733,20,-0.017143
momentum_20d,2022-06-07,0.109589,160,0.013249,0.035542,0.020424,0.028821,0.002063,0.012108,0.043614,0.045116,0.04114,0.036657,20,0.023409
momentum_20d,2022-06-08,0.04327,160,0.010427,0.02124,-0.009222,0.029643,0.000467,0.027572,-0.026559,0.026936,0.01739,0.03117,20,0.020743
momentum_20d,2022-06-09,0.025366,160,0.001413,0.028005,-0.003058,0.022701,0.003627,-0.013284,0.021116,0.016169,0.008191,0.022841,20,0.021428
momentum_20d,2022-06-10,0.026843,160,0.015436,0.005745,0.01672,0.026392,-0.008655,0.007429,-0.023834,0.017759,0.017891,0.038701,20,0.023265
momentum_20d,2022-06-13,0.036722,160,0.023589,0.011458,0.020269,0.008352,0.026243,0.026883,0.009731,0.005449,0.03502,0.030017,20,0.006428
momentum_20d,2022-06-14,0.0189,160,0.026643,0.026191,0.008193,0.031648,-0.031449,-0.003113,0.009413,0.050362,0.036718,0.012421,20,-0.014222
momentum_20d,2022-06-15,0.045512,160,0.024866,-0.005414,-0.002517,-0.011842,-0.027428,-0.019232,0.004967,0.028983,0.018282,0.007841,20,-0.017024
momentum_20d,2022-06-16,0.055467,160,0.007168,-0.000715,0.001832,-0.01982,-0.035466,-0.020894,0.009494,0.01728,0.005855,0.014089,20,0.006921
momentum_20d,2022-06-17,0.04688,160,0.00249,-0.013552,-0.043527,-0.043381,-0.01933,-0.025848,0.004718,-0.018027,-0.012695,-0.008127,20,-0.010617
momentum_20d,2022-06-20,-0.024596,160,-0.053811,0.00065,-0.054991,-0.068342,-0.034853,-0.062414,-0.046602,-0.057535,-0.012588,-0.058755,20,-0.004944
momentum_20d,2022-06-21,-0.04351,160,-0.053476,-0.002487,-0.052473,-0.066232,-0.052562,-0.05279,-0.063119,-0.026528,-0.034983,-0.055126,20,-0.00165
momentum_20d,2022-06-22,-0.056287,160,-0.002195,-0.020969,-0.032111,-0.035472,-0.004676,-0.06045,-0.026941,-0.034346,-0.002477,-0.042224,20,-0.040029
momentum_20d,2022-06-23,-0.085928,160,-0.012481,0.011404,-0.016478,-0.013549,-0.04572,-0.029569,-0.044724,0.007604,-0.026895,-0.020618,20,-0.008137
momentum_20d,2022-06-24,-0.055854,160,-0.022781,0.027241,0.011717,-0.036543,0.009603,0.018166,-0.003562,-0.031954,-0.004325,-0.009117,20,0.013664
momentum_20d,2022-06-27,-0.068874,160,-0.01743,0.021114,0.027849,-0.022187,0.010172,0.008496,-0.041301,-0.007052,0.024502,-0.022921,20,-0.005491
momentum_20d,2022-06-28,-0.052947,160,-0.002267,0.028929,0.012099,-0.000586,0.018854,0.011608,-0.008181,-0.021918,0.022339,-0.001659,20,0.000608
momentum_20d,2022-06-29,-0.09298,160,0.017848,0.034974,0.021848,0.031469,0.019777,0.055975,0.040891,0.015213,-0.013627,0.018073,20,0.000225
momentum_20d,2022-06-30,-0.046792,160,0.003192,0.021233,0.034621,-0.008577,-0.00304,0.058615,0.014431,0.030902,0.000328,-0.029739,20,-0.032931
momentum_20d,2022-07-01,-0.040666,160,0.002924,0.005646,-0.018983,0.022076,-0.007906,-0.021561,-0.009387,0.045457,0.001781,-0.042922,20,-0.045846
momentum_20d,2022-07-04,-0.021048,160,-0.014925,-0.02132,-0.016759,-0.038003,-0.00354,-0.021563,-0.008627,-0.007717,-0.004955,-0.069627,20,-0.054702
momentum_20d,2022-07-05,-0.067479,160,-6.4e-05,0.018952,-0.008538,-0.024679,-0.02989,0.015059,0.053588,-0.002889,-0.038442,-0.029552,20,-0.029488
momentum_20d,2022-07-06,-0.046306,160,0.040773,0.042614,0.000584,0.043469,0.03926,0.027419,0.071355,0.007452,0.03175,0.003702,20,-0.03707
momentum_20d,2022-07-07,0.022099,160,0.007544,0.014228,0.046703,4e-06,0.000691,0.011102,-0.002757,0.037625,0.051356,-0.020887,20,-0.028431
momentum_20d,2022-07-08,0.002892,160,-0.007875,0.047307,0.010277,0.06106,-0.009378,0.014837,0.01347,0.010216,0.021425,0.015818,20,0.023693
momentum_20d,2022-07-11,0.047056,160,-0.000735,0.012193,0.001197,0.005509,0.000806,0.011423,0.007181,0.001795,0.00496,0.010192,20,0.010927
momentum_20d,2022-07-12,0.033614,160,0.040076,-0.009887,-0.003089,0.02595,0.005644,-0.000478,0.010994,0.007397,0.022507,0.024071,20,-0.016005
momentum_20d,2022-07-13,0.030611,160,0.051012,0.027644,-0.0072,0.034547,0.009786,0.041501,-0.030247,0.049705,0.069355,0.009192,20,-0.04182
momentum_20d,2022-07-14,-0.021115,160,0.068257,0.011442,0.030749,0.020829,0.015061,0.055517,0.036704,0.051171,0.012773,0.029996,20,-0.038261
momentum_20d,2022-07-15,-0.047454,160,0.0683,0.043987,0.01668,0.078969,0.035768,0.061547,0.093369,0.013419,0.047147,0.039525,20,-0.028775
reversal_5d,2021-01-11,0.005382,160,0.001511,-0.005783,0.004151,-0.004819,0.005714,0.003242,-0.011786,0.003129,-0.00044,0.00057,1,-0.000941
reversal_5d,2021-01-12,0.192069,160,-0.003604,-0.00017,0.002685,-0.002755,0.006416,0.002749,0.006283,0.003548,0.000862,0.01435,1,0.017954
reversal_5d,2021-01-13,0.00167,160,0.001691,-0.002136,-0.013167,0.000478,-0.003763,-0.004921,-0.007336,-0.005199,-0.00806,0.002937,1,0.001246
reversal_5d,2021-01-14,-0.101482,160,0.001432,0.001827,-7e-05,-0.002932,0.004137,-0.002123,-0.000788,0.00343,-0.008921,-0.00218,1,-0.003612
reversal_5d,2021-01-15,0.065478,160,0.000989,0.009895,0.006467,0.009878,0.010192,0.006494,0.006818,0.004943,0.004587,0.014432,1,0.013443
reversal_5d,2021-01-18,-0.079641,160,-0.002131,0.005899,0.00567,0.003237,0.001925,-0.002691,0.005708,-0.00275,-0.002799,0.003271,1,0.005402
reversal_5d,2021-01-19,0.048714,160,-0.00842,-0.004362,0.003272,0.007262,-0.00464,-0.002524,0.002475,0.002834,-0.000924,-0.002645,1,0.005775
reversal_5d,2021-01-20,-0.008444,160,0.0005,0.005552,0.004964,-0.009011,0.004153,0.002409,0.005261,-0.006854,0.0021,0.000878,1,0.000379
reversal_5d,2021-01-21,-0.028697,160,0.003235,-0.00078,0.005698,0.008252,0.002696,0.001746,-0.003349,0.001944,0.002116,0.001381,1,-0.001854
reversal_5d,2021-01-22,0.025519,160,-0.0031,-0.00475,-0.007411,-0.005301,-0.00922,-0.004329,-0.00523,-0.013523,0.000118,-9e-05,1,0.00301
reversal_5d,2021-01-25,0.07984,160,0.001934,-0.009243,-0.004896,0.004932,-0.006863,-0.004459,0.003853,-0.004099,-0.003851,0.00474,1,0.002806
reversal_5d,2021-01-26,-0.021109,160,0.006467,0.007476,0.007644,0.005191,-0.000578,0.011911,0.002511,0.004483,0.007976,0.005434,1,-0.001033
reversal_5d,2021-01-27,0.164901,160,-0.002499,0.001052,-0.000855,-0.004528,0.001828,-0.001786,0.000591,0.006393,0.000572,0.007021,1,0.00952
reversal_5d,2021-01-28,0.037578,160,-0.010423,-0.01231,-0.01596,-0.02163,-0.023189,-0.00826,-0.01388,-0.017301,-0.00595,-0.013831,1,-0.003409
reversal_5d,2021-01-29,-0.028343,160,0.003484,-0.006098,-0.001621,-0.010885,-0.003882,-0.008475,0.001255,-0.005446,-0.002923,0.002217,1,-0.001267
reversal_5d,2021-02-01,0.073641,160,-9.5e-05,0.012037,0.006665,0.006668,0.006423,0.008352,0.006153,0.010864,0.009051,0.011091,1,0.011186
reversal_5d,2021-02-02,-0.021452,160,0.004361,-0.003818,-0.000953,0.000982,0.001959,0.008818,0.000808,0.004503,0.001363,-0.004449,1,-0.008809
reversal_5d,2021-02-03,-0.06283,160,0.003185,0.001493,-0.005295,-0.000889,0.007319,-0.005249,-0.008094,-0.002766,-0.002957,0.001306,1,-0.001879
reversal_5d,2021-02-04,-0.057796,160,0.00477,0.00137,0.008573,0.00194,0.011694,0.014605,0.005135,0.004367,0.001433,0.003745,1,-0.001025
reversal_5d,2021-02-05,0.012865,160,0.019123,0.013734,0.014545,0.012944,0.016197,0.014269,0.014436,0.0186,0.021631,0.014141,1,-0.004982
reversal_5d,2021-02-08,0.032193,160,-0.010836,0.001854,-0.004047,-0.010958,-0.006533,0.002979,-0.012872,-0.005162,-0.002092,-0.002598,1,0.008238
reversal_5d,2021-02-09,0.11266,160,0.012888,0.012579,0.014179,0.012091,0.005989,0.013861,0.016047,0.015157,0.015326,0.021899,1,0.009011
reversal_5d,2021-02-10,0.099279,160,-0.011411,-0.018146,-0.015243,-0.011198,0.002712,-0.006836,-0.013305,-0.013751,-0.002723,-0.011617,1,-0.000206
reversal_5d,2021-02-11,0.155388,160,-0.003006,-0.001788,0.001501,-8.5e-05,0.00817,0.00894,0.006228,0.005542,0.002152,0.009934,1,0.01294
reversal_5d,2021-02-12,0.030124,160,-0.013598,-0.010933,-0.00405,-0.010872,-0.009854,-0.016959,-0.01585,-0.012997,-0.007138,-0.002964,1,0.010634
reversal_5d,2021-02-15,-0.05329,160,0.006238,0.015934,0.008908,0.016353,0.01388,0.009012,0.010695,0.024352,0.012112,-0.004107,1,-0.010345
reversal_5d,2021-02-16,-0.014927,160,0.006205,0.0035,0.006294,0.009784,0.010067,0.006808,0.007624,0.006921,0.009137,0.000621,1,-0.005584
reversal_5d,2021-02-17,0.023559,160,0.003568,0.011612,0.004054,0.01242,0.008209,0.015206,0.008392,0.015544,0.002489,0.007289,1,0.003721
reversal_5d,2021-02-18,0.070722,160,-0.013481,-0.005403,-0.002396,-0.008285,-0.007792,-0.005267,-0.006891,-0.007245,-0.005086,-0.003464,1,0.010017
reversal_5d,2021-02-19,0.127848,160,0.009896,0.005493,0.011886,-0.0011,0.003601,0.008047,0.006421,0.01253,0.008619,0.019377,1,0.009481
reversal_5d,2021-02-22,0.013665,160,-0.006235,0.00188,-0.00759,-0.007749,-0.005679,-0.008936,0.002165,-0.003375,-0.006873,-0.005113,1,0.001122
reversal_5d,2021-02-23,-0.128692,160,-0.002512,-0.000211,0.003143,0.000413,-0.00522,-0.004992,0.003398,-0.011553,-0.011353,-0.001564,1,0.000949
reversal_5d,2021-02-24,-0.052379,160,0.007108,0.005499,0.008054,0.007457,0.007486,-0.005288,0.005979,0.002993,0.003388,0.00471,1,-0.002398
reversal_5d,2021-02-25,-0.002681,160,0.004746,0.004608,0.013622,0.000551,0.01009,0.002931,0.006063,0.010428,0.003507,0.005925,1,0.001179
reversal_5d,2021-02-26,-0.078694,160,0.006804,0.000878,0.002694,-0.002142,0.001444,0.005414,-0.002036,0.000739,0.004494,-0.001312,1,-0.008116
reversal_5d,2021-03-01,-0.01721,160,-0.001986,-0.00669,0.002112,-0.002993,-0.010504,-0.004473,-0.002429,-0.006065,-0.00253,-0.003564,1,-0.001578
reversal_5d,2021-03-02,-0.077271,160,-0.009939,-0.005322,-0.00444,-0.012105,-0.008705,-0.015175,-0.009812,-0.006804,-0.008188,-0.01402,1,-0.004081
reversal_5d,2021-03-03,0.018062,160,0.014897,0.011869,0.016436,0.007031,0.014776,0.028192,0.0127,0.012426,0.014879,0.01409,1,-0.000808
reversal_5d,2021-03-04,-0.118402,160,0.010497,0.011359,0.007713,0.006859,0.005944,0.001962,0.005758,0.000792,0.006488,0.006413,1,-0.004084
reversal_5d,2021-03-05,0.01145,160,0.007318,0.008295,0.001872,0.006801,0.006951,0.001931,0.004532,0.009514,0.007713,0.007617,1,0.000298
reversal_5d,2021-03-08,-0.05874,160,0.021413,0.026093,0.023572,0.013175,0.022955,0.028263,0.021506,0.010881,0.019073,0.023775,1,0.002362
reversal_5d,2021-03-09,0.041618,160,-0.006383,-0.013856,-0.008227,-0.011823,-0.008331,-0.005867,-0.003692,-0.014291,-0.004308,-0.011519,1,-0.005136
reversal_5d,2021-03-10,-0.073916,160,0.034886,0.019033,0.022966,0.021234,0.02411,0.021292,0.021453,0.012641,0.022319,0.027797,1,-0.007089
reversal_5d,2021-03-11,0.050275,160,0.018276,0.025105,0.037224,0.019709,0.027847,0.025206,0.023241,0.029018,0.023804,0.028218,1,0.009942
reversal_5d,2021-03-12,-0.064678,160,0.017958,0.018528,0.015057,0.007532,0.009147,0.019006,0.013774,0.012814,0.009555,0.013778,1,-0.004181
reversal_5d,2021-03-15,-0.0295,160,0.003039,0.011952,0.010096,0.003873,-0.001556,0.014896,-0.003093,0.005967,0.014926,0.001619,1,-0.00142
reversal_5d,2021-03-16,-0.0439,160,-0.004662,-0.010537,0.002388,-0.007712,-0.004261,0.001538,-0.008914,-0.006567,-0.006796,-0.005445,1,-0.000783
reversal_5d,2021-03-17,0.197117,160,0.006284,0.008647,0.005855,0.006991,0.004833,0.010815,0.004885,0.016025,0.008131,0.019509,1,0.013225
reversal_5d,2021-03-18,-0.024288,160,-0.003747,-0.004757,-0.00207,0.004644,-0.000189,-0.00363,-0.003276,-0.005109,-0.001365,-0.002871,1,0.000876
reversal_5d,2021-03-19,0.184159,160,-0.004816,-0.00528,-0.007258,-0.003851,-0.00049,-0.001034,-0.000493,0.003032,-0.000115,0.00442,1,0.009236
reversal_5d,2021-03-22,-0.038222,160,0.001251,0.000448,0.002743,-0.004522,-0.006036,-0.002251,-0.009879,0.001014,-0.00074,-0.002072,1,-0.003323
reversal_5d,2021-03-23,0.030089,160,0.002716,-0.002384,0.003715,0.005255,0.006372,0.009197,0.002872,0.004159,0.000174,0.007663,1,0.004946
reversal_5d,2021-03-24,0.002909,160,0.009846,0.016545,0.009105,0.009929,0.01787,0.016034,0.016181,0.012334,0.005086,0.013602,1,0.003755
reversal_5d,2021-03-25,0.030455,160,-0.010628,0.003703,0.001091,-0.003041,-0.002355,0.000138,-0.003827,0.002014,-0.004211,-0.002642,1,0.007986
reversal_5d,2021-03-26,0.102558,160,-0.005117,-0.010291,-0.006157,-0.008794,-0.008249,-0.004952,-0.004375,-0.004414,-0.003516,-0.001449,1,0.003668
reversal_5d,2021-03-29,-0.053358,160,-0.000298,-0.009647,-0.011154,-0.002862,-0.010603,-0.014917,-0.002891,-0.013905,-0.004345,-0.007332,1,-0.007034
reversal_5d,2021-03-30,-0.000557,160,-0.0072,-0.01077,-0.007191,-0.011146,-0.014223,-0.005253,-0.004346,-0.011701,-0.010146,-0.008945,1,-0.001746
reversal_5d,2021-03-31,-0.02599,160,-0.017759,-0.003797,-0.007328,-0.015149,-0.010964,-0.010641,-0.020044,-0.015452,-0.012091,-0.005873,1,0.011886
reversal_5d,2021-04-01,0.059739,160,-0.005616,-0.013852,-0.015058,-0.00246,-0.004909,-0.005893,-0.003609,-0.008351,-0.00517,-0.008839,1,-0.003223
reversal_5d,2021-04-02,-0.060289,160,0.015253,0.017204,0.01277,0.013192,0.012406,0.010512,0.010634,0.020137,0.015671,0.008249,1,-0.007004
reversal_5d,2021-04-05,0.076641,160,-0.011926,-0.007574,0.00134,-0.00255,-0.002195,-0.003336,-0.003677,-0.003648,-0.00144,-0.003461,1,0.008465
reversal_5d,2021-04-06,-0.002985,160,-0.002045,-0.002339,0.008115,0.006469,0.007571,0.006209,0.010685,0.00211,-0.004024,-0.004347,1,-0.002302
reversal_5d,2021-04-07,0.106985,160,-0.009406,-0.014218,-0.022292,-0.007368,-0.011657,-0.017638,-0.014569,-0.000297,-0.005292,-0.012551,1,-0.003146
reversal_5d,2021-04-08,0.049854,160,0.004969,0.002573,-0.001073,0.003501,0.00917,0.002064,0.000133,0.010586,0.004214,0.002867,1,-0.002102
reversal_5d,2021-04-09,-0.097615,160,-0.012658,-0.011371,-0.019604,-0.01756,-0.016763,-0.016284,-0.019459,-0.021412,-0.013501,-0.023322,1,-0.010664
reversal_5d,2021-04-12,-0.140267,160,0.001028,-0.001569,-7.5e-05,-0.010144,-0.001018,-0.007062,-0.011215,-0.002861,-0.000564,-0.013113,1,-0.014141
reversal_5d,2021-04-13,0.028249,160,0.016498,0.016111,0.028038,0.017387,0.019424,0.022947,0.020372,0.01352,0.015679,0.021374,1,0.004875
reversal_5d,2021-04-14,-0.075516,160,-0.000247,-0.004479,-0.003538,-0.002104,-0.016547,-0.012826,-0.004916,-0.001209,-0.003366,-0.007491,1,-0.007244
reversal_5d,2021-04-15,0.036898,160,0.008572,0.012673,0.005864,0.013399,0.009641,0.007319,0.017014,0.012118,0.009441,0.0125,1,0.003929
reversal_5d,2021-04-16,-0.02234,160,0.004574,0.014706,0.004281,0.003997,-0.001276,0.002952,0.012382,0.007859,0.005659,0.002857,1,-0.001717
reversal_5d,2021-04-19,-0.079635,160,0.002273,0.003919,-0.001725,0.000268,-0.004458,-0.000489,-0.002964,-0.003713,-0.00194,-0.002212,1,-0.004484
reversal_5d,2021-04-20,-0.140669,160,-0.002373,0.004003,-0.000949,-0.013488,-0.006986,-0.003656,-0.006759,-0.010343,-0.014831,-0.006793,1,-0.00442
reversal_5d,2021-04-21,-3.8e-05,160,0.012792,0.012302,0.008077,0.006566,0.008675,0.007347,0.002284,0.022052,0.00503,0.008424,1,-0.004368
reversal_5d,2021-04-22,-0.044671,160,0.000475,0.002665,-0.007026,0.002577,-0.001065,-0.000446,-0.01228,-0.00535,0.002509,-0.004605,1,-0.00508
reversal_5d,2021-04-23,0.057087,160,0.0077,0.016456,0.020574,0.008798,0.011047,-0.00012,0.011468,0.010797,0.022053,0.016095,1,0.008395
reversal_5d,2021-04-26,-0.016058,160,-0.007587,-0.009873,-0.010639,-0.002657,-0.006155,-0.002316,-0.006898,-0.007995,-0.009343,-0.006459,1,0.001128
reversal_5d,2021-04-27,0.044533,160,-0.002726,0.007886,0.002224,-0.003818,0.000371,-0.000597,0.00806,0.003459,-0.00029,0.001344,1,0.00407
reversal_5d,2021-04-28,-0.054682,160,0.005831,0.001631,0.01153,0.002373,-0.000534,0.006422,-0.000488,0.00153,-0.000231,0.003714,1,-0.002117
reversal_5d,2021-04-29,-0.106715,160,0.002167,0.001185,0.003538,0.010646,0.009908,0.004569,0.004447,-0.001037,-0.007603,-0.002504,1,-0.004671
reversal_5d,2021-04-30,-0.05162,160,-0.013919,-0.011325,-0.009772,-0.008338,-0.014509,-0.018213,-0.013812,-0.014039,-0.007539,-0.014337,1,-0.000418
reversal_5d,2021-05-03,-0.070708,160,-0.005088,-0.002953,-0.003863,-0.005909,-0.000759,-0.0041,-0.003007,-0.00614,-0.012536,-0.00777,1,-0.002682
reversal_5d,2021-05-04,0.074912,160,0.002414,-0.006225,-0.00428,-0.007621,0.006117,-0.007397,0.0004,-0.005104,0.001923,0.002897,1,0.000483
reversal_5d,2021-05-05,-0.103273,160,-0.010637,0.000774,0.001108,-0.015562,-0.010578,-0.00034,-0.00049,-0.011188,-0.014551,-0.010974,1,-0.000337
reversal_5d,2021-05-06,0.031586,160,0.006389,0.007241,0.005749,0.007134,0.004533,0.008522,0.005815,0.001922,0.008389,0.010125,1,0.003736
reversal_5d,2021-05-07,0.087876,160,0.003209,0.010262,0.007816,-0.002271,-0.000704,-0.003312,0.007464,0.001273,0.014686,0.006604,1,0.003395
reversal_5d,2021-05-10,0.000908,160,-0.018573,-0.022486,-0.005667,-0.012059,-0.021735,-0.013687,-0.017985,-0.003523,-0.016675,-0.016929,1,0.001643
reversal_5d,2021-05-11,-0.131812,160,-0.01291,-0.019248,-0.014552,-0.014188,-0.018835,-0.01787,-0.009641,-0.014021,-0.016947,-0.023287,1,-0.010376
reversal_5d,2021-05-12,-0.024874,160,-0.014958,-0.014794,-0.006852,-0.011113,-0.015807,-0.007422,-0.01357,-0.007568,-0.016028,-0.011812,1,0.003146
reversal_5d,2021-05-13,-0.127054,160,0.002339,0.005481,0.002913,0.005612,0.00017,0.002726,-0.000727,-0.00281,-0.000708,-0.004347,1,-0.006686
reversal_5d,2021-05-14,-0.022372,160,0.019113,0.015378,0.015679,0.022293,0.018261,0.022261,0.018745,0.014355,0.016116,0.012542,1,-0.00657
reversal_5d,2021-05-17,0.054612,160,0.000914,-0.003213,-0.005161,0.00033,-0.006251,0.000168,-0.006038,0.003203,-0.002883,0.001977,1,0.001063
reversal_5d,2021-05-18,-0.005959,160,-0.000702,0.010239,0.007406,0.001888,-0.000415,0.006596,0.007911,0.001211,0.003709,-0.001069,1,-0.000367
reversal_5d,2021-05-19,0.10167,160,-0.013635,-0.018792,-0.007924,-0.002676,-0.015161,-0.002218,-0.012784,-0.013379,-0.010041,-0.009096,1,0.004539
reversal_5d,2021-05-20,0.115352,160,-0.008602,-0.012826,-0.01792,-0.008791,-0.002605,-0.006712,-0.004941,-0.00822,-0.0044,-0.007004,1,0.001598
reversal_5d,2021-05-21,0.069846,160,-0.014526,-0.016282,-0.014828,-0.015055,-0.022918,-0.021718,-0.014068,-0.013165,-0.013412,-0.010005,1,0.00452
reversal_5d,2021-05-24,0.070506,160,-0.000674,-0.001642,-0.001397,-0.003255,-0.004469,0.001809,0.007409,-0.000407,0.00207,-0.004863,1,-0.004189
reversal_5d,2021-05-25,-0.034991,160,0.009349,0.013519,0.011227,0.008355,0.003088,0.018035,0.006335,0.005214,0.011576,0.008867,1,-0.000482
reversal_5d,2021-05-26,0.0713,160,-0.004145,-0.003665,-0.00034,-0.000611,-0.000306,-0.009202,0.002144,0.001746,0.002715,-0.001903,1,0.002242
reversal_5d,2021-05-27,0.060949,160,0.006692,0.012009,0.015431,0.010303,0.016309,0.016095,0.016808,0.013085,0.007739,0.015969,1,0.009276
reversal_5d,2021-05-28,0.030666,160,-0.000221,-0.004863,0.004713,0.004492,0.008677,0.008881,0.000793,0.007807,-0.001052,0.004321,1,0.004542
reversal_5d,2021-05-31,-0.050021,160,-0.00123,0.004087,0.010372,0.000531,0.002436,-0.001043,0.007294,-0.003059,0.000362,0.000883,1,0.002114
reversal_5d,2021-06-01,-0.045769,160,0.010642,0.004342,0.002478,0.003464,-0.001978,-0.002618,0.004386,0.004228,0.001839,0.008138,1,-0.002504
reversal_5d,2021-06-02,-0.01994,160,0.002668,0.001881,0.002041,0.009056,0.006307,0.004537,0.003127,-0.007174,0.007081,0.002478,1,-0.000191
reversal_5d,2021-06-03,-0.007114,160,0.013216,0.013938,0.012367,0.009511,0.00342,0.009536,0.015925,0.012966,0.021339,0.004178,1,-0.009038
reversal_5d,2021-06-04,0.093522,160,-0.005667,-0.007042,-0.009713,-0.007977,-0.008205,-0.006843,-0.005317,-0.009689,-0.004089,-0.000291,1,0.005376
reversal_5d,2021-06-07,-0.014951,160,-0.021706,-0.019081,-0.020359,-0.014338,-0.017383,-0.023183,-0.018684,-0.030521,-0.018664,-0.013727,1,0.007979
reversal_5d,2021-06-08,-0.080798,160,-0.001616,-0.004446,0.006513,0.007676,-0.000265,0.001227,-0.005504,0.000692,-0.004362,-0.003035,1,-0.001419
reversal_5d,2021-06-09,0.016682,160,0.001842,-0.004215,-0.008966,-3.2e-05,-0.003823,-0.000929,-0.002237,-0.005149,-0.002111,-0.002177,1,-0.004019
reversal_5d,2021-06-10,0.037982,160,-0.002064,0.0002,0.004337,-0.002419,-0.004136,0.002041,0.005588,-0.003418,0.00536,-0.002397,1,-0.000334
reversal_5d,2021-06-11,-0.035544,160,0.02367,0.011025,0.01793,0.017397,0.020212,0.02189,0.023176,0.01283,0.010755,0.018222,1,-0.005448
reversal_5d,2021-06-14,0.059015,160,-0.012553,-0.016316,-0.01079,-0.012702,-0.012482,-0.018158,-0.010168,-0.009439,-0.013359,-0.009136,1,0.003417
reversal_5d,2021-06-15,-0.004553,160,0.004466,0.013299,0.006795,-0.001945,0.013034,0.00477,0.013631,0.00637,0.004961,0.004915,1,0.00045
reversal_5d,2021-06-16,0.010492,160,0.010442,0.006585,0.008531,0.013728,0.008139,0.008426,0.008538,0.0137,0.011139,0.005112,1,-0.00533
reversal_5d,2021-06-17,-0.088263,160,0.003493,0.007073,0.010647,0.013915,0.001124,-2.2e-05,0.001534,0.000496,0.006928,0.003894,1,0.000401
reversal_5d,2021-06-18,-0.042377,160,0.011315,0.017133,0.010038,0.017109,0.005575,0.019005,0.012945,0.011429,0.013879,0.004374,1,-0.006941
reversal_5d,2021-06-21,0.083388,160,-0.00316,-0.0011,-0.005555,-0.010255,-0.000697,-0.001912,-0.000532,0.003796,-0.006521,0.000311,1,0.003471
reversal_5d,2021-06-22,-0.048972,160,-0.010719,-0.007081,-0.005258,-0.002394,-0.01026,-0.008941,-0.007029,-0.011129,-0.008387,-0.00828,1,0.002439
reversal_5d,2021-06-23,-0.009425,160,0.008209,0.011698,0.000187,0.020333,0.007791,0.00498,0.010565,0.005523,0.006669,0.013271,1,0.005063
reversal_5d,2021-06-24,0.018566,160,0.006253,0.011091,0.002244,0.007693,0.002359,0.016185,0.009939,0.003024,0.009148,0.010326,1,0.004072
reversal_5d,2021-06-25,-0.030115,160,0.007825,0.018331,0.013628,0.015765,0.007576,0.013051,0.020742,0.009338,0.007229,0.013576,1,0.005751
reversal_5d,2021-06-28,0.200325,160,0.003553,-0.005239,-0.005654,-0.001713,0.00271,-0.00299,0.007477,0.005095,0.010451,0.003988,1,0.000435
reversal_5d,2021-06-29,0.210477,160,0.010558,0.010136,0.013375,0.010683,0.007712,0.017433,0.017361,0.023553,0.019116,0.01474,1,0.004182
reversal_5d,2021-06-30,0.040127,160,-0.002058,-0.000709,-0.005177,-0.003655,-0.004023,-0.003334,-0.000717,-0.00189,0.001045,-0.00338,1,-0.001322
reversal_5d,2021-07-01,-0.032137,160,-0.010219,-0.013987,-0.00982,-0.010286,-0.012247,-0.005142,-0.007246,-0.01264,-0.020674,-0.008066,1,0.002152
reversal_5d,2021-07-02,-0.063961,160,-0.013952,-0.013918,-0.020289,-0.010061,-0.026359,-0.007288,-0.011194,-0.014155,-0.025237,-0.020064,1,-0.006112
reversal_5d,2021-07-05,-0.05327,160,-0.003663,-0.002667,-0.015872,-0.011161,-0.010905,-0.008067,-0.012843,-0.013649,-0.002398,-0.009792,1,-0.006128
reversal_5d,2021-07-06,-0.054746,160,0.010059,0.005962,0.004839,0.011091,0.008469,0.002921,0.011595,0.002951,0.002664,0.008961,1,-0.001099
reversal_5d,2021-07-07,-0.172987,160,-0.008275,-0.008261,-0.001672,-0.018804,-0.024866,-0.013168,-0.017953,-0.011317,-0.014982,-0.018535,1,-0.010259
reversal_5d,2021-07-08,-0.089409,160,-0.001112,-0.006134,-0.000242,-0.002078,-0.002845,0.004431,-0.004383,-0.000775,-0.009141,-0.007095,1,-0.005983
reversal_5d,2021-07-09,-0.035342,160,0.016113,0.01488,0.023129,0.019479,0.022006,0.020286,0.021807,0.015838,0.014264,0.019401,1,0.003287
reversal_5d,2021-07-12,0.00893,160,0.013586,-0.00026,0.010118,0.002981,0.002682,0.00896,0.005678,0.004828,0.003339,0.011727,1,-0.001859
reversal_5d,2021-07-13,-0.030537,160,0.016277,0.018547,0.013533,0.022706,0.017243,0.022598,0.016944,0.016353,0.011167,0.014626,1,-0.001651
reversal_5d,2021-07-14,-0.046449,160,-0.009876,-0.008502,-0.005035,-0.001568,-0.007852,-0.017218,-0.01059,-0.006428,-0.010796,-0.007364,1,0.002513
reversal_5d,2021-07-15,-0.030737,160,-0.02592,-0.024418,-0.011213,-0.018765,-0.016802,-0.016564,-0.022425,-0.022979,-0.01747,-0.027717,1,-0.001797
reversal_5d,2021-07-16,-0.029755,160,0.020581,0.018024,0.012278,0.013355,0.014564,0.004618,0.014381,0.013608,0.019107,0.013097,1,-0.007484
reversal_5d,2021-07-19,0.130189,160,-0.015063,-0.019648,-0.014012,-0.013611,-0.017282,-0.020206,-0.009614,-0.010668,-0.013694,-0.005809,1,0.009254
reversal_5d,2021-07-20,0.004846,160,0.003763,-0.002439,0.006725,-0.003073,-0.000265,0.004858,-0.002732,0.010965,0.004467,-0.00289,1,-0.006653
reversal_5d,2021-07-21,-0.055033,160,0.003172,0.006135,0.001589,-0.002079,-0.001394,0.010615,0.004682,0.005514,-0.004348,-0.001113,1,-0.004286
reversal_5d,2021-07-22,-0.053059,160,-0.007864,-0.003926,-0.005417,-0.006214,-0.011606,-0.00781,-0.00606,-0.001549,-0.008989,-0.017201,1,-0.009338
reversal_5d,2021-07-23,0.035386,160,0.012428,0.011889,0.018436,0.010595,0.00876,0.009667,0.012831,0.019544,0.012096,0.013548,1,0.001119
reversal_5d,2021-07-26,0.054134,160,0.005184,0.008911,0.022993,0.011393,0.015579,0.009617,0.013507,0.01193,0.011519,0.016625,1,0.011441
reversal_5d,2021-07-27,0.047384,160,0.005447,0.011778,0.003807,0.003235,0.009455,0.006526,-0.000363,0.011895,0.007821,0.011471,1,0.006024
reversal_5d,2021-07-28,0.027194,160,-0.00497,-0.000516,-5e-06,0.009271,0.000245,-0.006811,0.005658,-0.004018,-0.003556,0.004214,1,0.009184
reversal_5d,2021-07-29,0.003308,160,0.003923,-8.6e-05,-0.000501,-0.002071,0.001303,0.001271,0.004676,-0.004427,0.000459,0.002778,1,-0.001146
reversal_5d,2021-07-30,0.055432,160,-0.008606,-0.005287,-0.011203,-0.018746,-0.011841,-0.005859,-0.009069,-0.0126,-0.008068,-0.005071,1,0.003535
reversal_5d,2021-08-02,0.016316,160,-0.008711,-0.004099,-0.002617,-0.003145,-0.000875,-0.008701,0.00323,-0.00339,-0.008323,-0.004823,1,0.003888
reversal_5d,2021-08-03,-0.119184,160,-0.002111,0.009861,0.009393,-0.010313,-0.004152,-0.00367,-0.006467,0.001481,0.001862,-0.006312,1,-0.004202
reversal_5d,2021-08-04,0.02914,160,-0.007623,-0.007557,-0.001369,-0.014037,-0.001264,0.002867,-0.007817,-0.013012,-0.005899,-0.002236,1,0.005387
reversal_5d,2021-08-05,-0.094606,160,0.009724,0.00123,0.016693,0.010088,-0.002775,0.007548,0.012472,0.00254,0.006501,0.003912,1,-0.005813
reversal_5d,2021-08-06,0.000325,160,-0.009617,-0.017202,-0.010879,-0.016615,-0.01627,-0.012433,-0.015395,-0.008963,-0.015192,-0.012437,1,-0.00282
reversal_5d,2021-08-09,-0.003571,160,-0.006573,-0.002414,-0.0018,0.002074,-0.003767,-0.006239,-0.007171,0.001206,-0.005995,-0.002904,1,0.003669
reversal_5d,2021-08-10,-0.079714,160,-0.021257,-0.018969,-0.025953,-0.024515,-0.015215,-0.018395,-0.021173,-0.026156,-0.026324,-0.02779,1,-0.006533
reversal_5d,2021-08-11,-0.029313,160,0.015387,0.002421,0.013723,0.005731,0.002065,0.006174,-0.000241,0.005207,0.012832,0.009644,1,-0.005743
reversal_5d,2021-08-12,0.012912,160,0.00375,0.007745,0.004861,0.004709,-0.000753,0.004095,0.003067,0.000519,0.002172,0.006239,1,0.002489
reversal_5d,2021-08-13,-0.158157,160,0.007787,-0.000952,0.013265,0.006043,0.003246,0.009163,0.002898,0.000416,-0.001961,-0.002223,1,-0.010011
reversal_5d,2021-08-16,0.085398,160,0.022116,0.019876,0.012098,0.019617,0.026094,0.026959,0.027071,0.025689,0.021107,0.021738,1,-0.000378
reversal_5d,2021-08-17,-0.013111,160,0.012107,0.007924,0.007216,0.009252,0.005859,0.007126,0.010979,0.006519,0.010268,0.011232,1,-0.000875
reversal_5d,2021-08-18,0.002857,160,-0.014883,-0.008203,-0.012702,-0.007619,-0.011574,-0.005986,-0.016527,-0.005247,-0.008576,-0.015881,1,-0.000998
reversal_5d,2021-08-19,-0.050598,160,0.022473,0.025824,0.028951,0.020474,0.026066,0.020557,0.02628,0.02155,0.025465,0.017538,1,-0.004934
reversal_5d,2021-08-20,-0.099827,160,-0.003321,-0.00102,-0.011417,-0.009857,-0.005721,-0.010319,-0.008772,-0.008266,-0.012023,-0.008215,1,-0.004894
reversal_5d,2021-08-23,-0.005203,160,0.005931,0.009983,0.005323,0.007712,0.004735,0.005158,0.005428,0.009975,0.004276,0.005462,1,-0.000469
reversal_5d,2021-08-24,0.069838,160,-0.001182,0.003177,0.008756,0.004187,-0.003508,0.005819,0.004037,0.006257,0.007597,0.006062,1,0.007244
reversal_5d,2021-08-25,-0.011637,160,-0.001786,-0.017147,-0.008558,-0.006593,-0.004893,-0.013659,-0.009085,0.002022,-0.009117,-0.011922,1,-0.010136
reversal_5d,2021-08-26,-0.009985,160,0.006759,0.013136,0.0162,0.008491,0.014977,0.006442,0.012191,0.00753,0.015754,0.009028,1,0.002269
reversal_5d,2021-08-27,-0.0046,160,0.007437,0.005767,0.002967,0.001346,0.003971,-0.006619,0.009323,0.001247,0.002905,0.003549,1,-0.003888
reversal_5d,2021-08-30,-0.116993,160,0.008458,0.010739,0.008299,0.006753,0.005736,0.00529,0.004326,0.005243,0.013,-0.004332,1,-0.01279
reversal_5d,2021-08-31,-0.090461,160,0.000399,0.000627,-0.009599,-0.001012,-0.008927,-0.001827,-0.006331,-0.005904,-0.006299,-0.003534,1,-0.003933
reversal_5d,2021-09-01,-0.039921,160,0.017744,0.0096,0.018174,0.017887,0.010992,0.013059,0.022152,0.011251,0.008223,0.016344,1,-0.0014
reversal_5d,2021-09-02,-0.008054,160,-0.008933,-0.003957,0.000655,-0.008797,-0.002657,-0.001965,-0.010879,-0.008873,-0.012061,0.000925,1,0.009858
reversal_5d,2021-09-03,-0.033467,160,-0.018429,-0.009753,-0.012943,-0.013372,-0.01907,-0.01067,-0.01499,-0.022836,-0.020899,-0.007792,1,0.010637
reversal_5d,2021-09-06,0.044527,160,0.01358,0.015205,0.016432,0.019309,0.018317,0.021053,0.012742,0.018669,0.018029,0.013817,1,0.000237
reversal_5d,2021-09-07,-0.060199,160,-0.000653,-0.001792,-0.006051,-0.005464,-0.005702,-0.00549,0.001773,-0.008478,-0.006368,-0.004534,1,-0.003881
reversal_5d,2021-09-08,0.114728,160,-0.000792,-0.001143,-0.002164,0.000263,-0.000629,0.008756,0.008059,-0.001353,0.005209,0.00404,1,0.004832
reversal_5d,2021-09-09,-0.018408,160,0.012644,0.021195,0.016538,0.02447,0.012396,0.01536,0.022696,0.011695,0.006272,0.025997,1,0.013352
reversal_5d,2021-09-10,0.030321,160,0.009322,0.008019,0.010313,0.0098,0.013102,0.013634,0.016848,0.014827,0.013657,0.005502,1,-0.00382
reversal_5d,2021-09-13,0.064784,160,0.006183,0.00161,-0.000536,0.009662,0.008487,0.005201,0.009528,0.012677,0.003318,0.004729,1,-0.001454
reversal_5d,2021-09-14,-0.048301,160,0.009916,0.006913,0.003775,0.004906,0.000949,0.001201,0.011044,0.008339,0.006642,0.003196,1,-0.006719
reversal_5d,2021-09-15,0.067591,160,-0.000862,-0.011946,-0.01417,-0.015273,-0.00423,-0.001806,-0.001757,-0.010491,-0.010435,-0.00191,1,-0.001048
reversal_5d,2021-09-16,-0.007764,160,0.003863,0.008408,-0.000215,0.008324,0.004681,0.010884,-0.001943,0.006575,0.001735,0.007164,1,0.003301
reversal_5d,2021-09-17,-0.052528,160,0.016238,0.006808,0.013587,0.013374,0.011744,0.015141,0.017938,0.01073,0.012052,0.008932,1,-0.007306
reversal_5d,2021-09-20,0.02352,160,0.008249,0.00759,0.006154,0.009047,0.006638,-0.000847,0.006764,0.002007,0.012794,0.006732,1,-0.001517
reversal_5d,2021-09-21,-0.099839,160,0.004215,-0.000103,-0.002596,-0.001072,-0.010108,-0.005439,-0.002619,-0.009736,-0.002134,-0.002925,1,-0.007139
reversal_5d,2021-09-22,0.025554,160,-0.029119,-0.030639,-0.034437,-0.03518,-0.036301,-0.02999,-0.033218,-0.030844,-0.028784,-0.028687,1,0.000431
reversal_5d,2021-09-23,0.035896,160,-0.00046,0.00888,0.003034,0.009873,-0.003423,0.003894,0.002544,0.009083,0.003457,0.007324,1,0.007783
reversal_5d,2021-09-24,0.143203,160,0.005353,-0.005321,-0.007876,0.001088,-0.000477,0.006111,-0.00461,0.004539,0.010677,0.001112,1,-0.00424
reversal_5d,2021-09-27,-0.200563,160,0.009097,-0.000376,-0.000385,-0.003337,-0.003024,0.003856,-0.0113,-0.007178,-0.008335,-0.001296,1,-0.010392
reversal_5d,2021-09-28,0.042054,160,0.009766,0.014287,0.001478,-0.001955,-0.002147,0.002624,0.009204,0.010913,0.007681,0.00949,1,-0.000276
reversal_5d,2021-09-29,0.043478,160,0.000511,0.005128,0.009422,0.000736,0.007063,0.004238,0.002476,0.012102,-0.005073,0.00938,1,0.008869
reversal_5d,2021-09-30,0.11602,160,0.002651,-0.001473,0.00011,0.002731,0.003643,0.002024,0.006756,0.009276,0.006283,0.004356,1,0.001706
reversal_5d,2021-10-01,0.014605,160,-0.009116,-0.014787,-0.011944,-0.015936,-0.013744,-0.009694,-0.01252,-0.015607,0.001235,-0.015352,1,-0.006236
reversal_5d,2021-10-04,0.014564,160,-0.015104,-0.007738,-0.016577,-0.012734,-0.01482,-0.01322,-0.010254,-0.006676,-0.016639,-0.014395,1,0.000709
reversal_5d,2021-10-05,-0.015056,160,0.010608,-0.001968,0.000627,0.003278,0.004618,0.003433,-0.003459,0.001206,0.004957,0.004605,1,-0.006004
reversal_5d,2021-10-06,0.077107,160,-0.004922,0.000341,0.000267,0.003155,0.001246,0.005407,0.001485,-4.7e-05,0.006377,-0.001394,1,0.003528
reversal_5d,2021-10-07,0.032409,160,-0.001254,0.001733,-0.003571,0.002936,0.003397,-0.005319,-0.00266,-0.000891,0.001663,0.001968,1,0.003221
reversal_5d,2021-10-08,-0.030977,160,-0.003959,0.001923,0.003203,0.013557,0.002483,-0.001367,-0.004862,0.004113,0.000374,-0.000244,1,0.003715
reversal_5d,2021-10-11,0.074268,160,-0.005516,0.000718,0.001374,0.00932,0.017375,-0.000493,0.009072,0.00335,0.001809,0.004814,1,0.01033
reversal_5d,2021-10-12,-0.084689,160,0.009489,0.001718,0.00754,0.001478,0.003091,0.002777,0.001616,-0.001205,0.002441,0.001664,1,-0.007825
reversal_5d,2021-10-13,-0.006117,160,0.00145,-2.4e-05,0.007589,-0.001058,-0.000941,0.000841,0.006139,0.006718,0.005633,-0.003577,1,-0.005027
reversal_5d,2021-10-14,0.06738,160,0.002923,-0.002673,-0.003422,0.00505,-0.003314,0.000882,-0.007729,-0.001483,0.011829,0.001396,1,-0.001527
reversal_5d,2021-10-15,0.11338,160,0.006731,0.004905,0.013633,0.002694,0.008734,0.007929,0.009527,0.006663,0.009466,0.01338,1,0.006648
reversal_5d,2021-10-18,0.047721,160,-0.003041,-0.004075,-0.005883,-0.002837,-0.006096,0.003163,-0.008238,-0.002613,-0.002768,-0.000646,1,0.002395
reversal_5d,2021-10-19,-0.048532,160,0.008591,0.00625,0.007864,0.00792,0.010562,0.003597,0.007436,0.010358,0.002869,0.006509,1,-0.002082
reversal_5d,2021-10-20,-0.028094,160,0.012573,0.004915,0.007664,-0.001673,0.009633,0.0044,0.001463,0.008276,-0.001279,0.010526,1,-0.002047
reversal_5d,2021-10-21,-0.083212,160,0.005227,0.001203,0.000883,-0.00564,0.008528,0.003955,0.00839,0.002627,-0.004685,-0.004916,1,-0.010143
reversal_5d,2021-10-22,-0.033895,160,-0.00265,-0.000475,0.002043,-0.0104,-0.005738,-0.007947,-0.001258,-0.007213,0.002113,-0.005897,1,-0.003246
reversal_5d,2021-10-25,-0.011842,160,0.009414,-0.000834,0.004779,0.003327,-0.001984,0.007567,0.001619,0.000838,0.007164,0.004368,1,-0.005046
reversal_5d,2021-10-26,-0.005575,160,0.004607,0.003476,0.013381,0.014857,0.008985,0.004123,0.009561,0.005291,0.002335,0.009483,1,0.004876
reversal_5d,2021-10-27,0.064951,160,-0.012524,-0.009419,-0.008821,-0.012899,-0.010819,-0.017107,-0.010427,-0.00555,-0.011726,-0.010858,1,0.001666
reversal_5d,2021-10-28,-0.011142,160,-0.007225,0.002251,0.000512,0.003886,0.002968,0.012438,-0.006786,-0.006854,-0.002246,0.005705,1,0.01293
reversal_5d,2021-10-29,-0.07045,160,0.003662,0.000161,-0.000315,0.010526,0.006455,0.009471,0.002441,0.000133,0.001964,-0.001216,1,-0.004878
reversal_5d,2021-11-01,-0.042564,160,8e-05,-0.003596,-0.006563,-0.006724,-0.006287,-0.005916,0.00532,-0.006635,-0.011356,-0.005062,1,-0.005142
reversal_5d,2021-11-02,-0.087715,160,0.003801,-0.003178,-0.008256,-0.013084,0.000292,-0.004673,-0.006343,-0.010328,-0.006378,-0.003404,1,-0.007205
reversal_5d,2021-11-03,0.10847,160,-0.013855,-0.012922,-0.012319,-0.022212,-0.016697,-0.012251,-0.007125,-0.012372,-0.013123,-0.00873,1,0.005125
reversal_5d,2021-11-04,-0.079453,160,-0.006141,-0.014831,-0.005039,-0.013401,-0.004264,-0.017507,-0.012733,-0.014955,-0.002971,-0.018731,1,-0.012591
reversal_5d,2021-11-05,-0.061901,160,-0.008731,-0.011473,-0.016831,-0.019015,-0.016929,-0.016479,-0.017808,-0.016372,-0.007428,-0.018392,1,-0.009662
reversal_5d,2021-11-08,0.098925,160,-0.015422,-0.011435,0.000934,-0.006672,-0.011073,-0.014466,-0.000895,-0.007109,-0.00326,-0.008855,1,0.006567
reversal_5d,2021-11-09,-0.100114,160,0.002458,-0.00503,-0.004629,-0.002442,-0.010517,-0.005192,-0.00198,-0.008583,-0.004477,-0.006942,1,-0.0094
reversal_5d,2021-11-10,0.040384,160,-0.005547,-0.010334,0.00119,-0.003814,-0.003366,0.000885,-0.004819,0.001231,-0.004484,-0.004436,1,0.001111
reversal_5d,2021-11-11,-0.068935,160,0.003195,0.003923,0.002413,-0.004067,0.003634,0.007778,-0.001973,-0.004138,0.001769,-0.00187,1,-0.005065
reversal_5d,2021-11-12,0.08606,160,0.001359,-0.007472,-0.003212,-0.000556,-0.001499,-0.008205,-0.006144,0.006515,-0.00498,0.004972,1,0.003613
reversal_5d,2021-11-15,0.057471,160,-0.005871,-0.009746,-0.009705,-0.007607,-0.007176,-0.005251,0.003661,-0.009848,-0.01111,-0.002016,1,0.003855
reversal_5d,2021-11-16,0.076852,160,-0.013748,-0.008881,-0.005929,-0.012955,-0.003241,-0.008619,-0.012608,0.005228,-0.007635,-0.012534,1,0.001213
reversal_5d,2021-11-17,0.083499,160,-0.014171,-0.012196,-0.018026,-0.010197,-0.009732,-0.01064,-0.004706,-0.006579,-0.018998,-0.00741,1,0.006761
reversal_5d,2021-11-18,0.001301,160,0.001904,-0.002719,0.006763,0.000516,-0.005939,-0.000745,-0.003172,-0.003202,0.000201,0.006421,1,0.004517
reversal_5d,2021-11-19,-0.010952,160,-0.000885,-0.002319,0.003569,-0.003276,-0.000226,0.001986,-0.003886,-0.007569,-0.004284,0.00356,1,0.004445
reversal_5d,2021-11-22,-0.058628,160,0.016023,0.014873,0.008348,0.018569,0.010417,0.020173,0.008524,0.017386,0.005792,0.008932,1,-0.007091
reversal_5d,2021-11-23,-0.017324,160,0.023617,0.009966,0.009001,0.017729,0.011681,0.016785,0.012857,0.012562,0.022449,0.007413,1,-0.016203
reversal_5d,2021-11-24,0.062062,160,0.01562,0.014526,0.016652,0.007368,0.010137,0.024239,0.013773,0.014761,0.015577,0.021388,1,0.005769
reversal_5d,2021-11-25,-0.089309,160,0.021602,0.015224,0.024638,0.020623,0.016137,0.020247,0.015752,0.020616,0.018608,0.01405,1,-0.007552
reversal_5d,2021-11-26,-0.029793,160,-0.016748,-0.007701,-0.011309,-0.017222,-0.008183,-0.010335,-0.013719,-0.019962,-0.013971,-0.013149,1,0.003599
reversal_5d,2021-11-29,-0.051761,160,0.007719,0.010987,0.007518,0.00665,0.003423,0.001561,0.00205,0.006204,0.008391,0.005664,1,-0.002055
reversal_5d,2021-11-30,-0.006873,160,0.005153,0.008598,0.001945,0.004894,0.008871,0.016686,0.008231,0.010383,-0.001677,0.007744,1,0.002591
reversal_5d,2021-12-01,-0.011192,160,0.010427,0.003288,-0.000588,-0.00598,0.0014,0.002861,0.00346,0.000467,0.007161,0.007877,1,-0.00255
reversal_5d,2021-12-02,-0.016688,160,0.024957,0.018641,0.01972,0.023199,0.015558,0.018107,0.017648,0.021852,0.023085,0.020192,1,-0.004765
reversal_5d,2021-12-03,-0.03277,160,0.023266,0.021494,0.019107,0.024336,0.018207,0.024428,0.022055,0.02724,0.02026,0.016304,1,-0.006962
reversal_5d,2021-12-06,0.015206,160,0.01174,0.004043,0.010398,0.012737,0.011456,0.011067,0.007705,0.009363,0.012528,0.010201,1,-0.001539
reversal_5d,2021-12-07,-0.045799,160,0.001991,0.01214,0.001092,0.009536,0.011008,0.002735,0.012461,0.004532,0.000233,0.005236,1,0.003245
reversal_5d,2021-12-08,-0.142608,160,-0.004978,-0.01028,-0.00091,-0.007448,-0.015638,-0.006337,-0.009828,-0.016849,-0.010723,-0.013726,1,-0.008748
reversal_5d,2021-12-09,-0.023441,160,-0.017424,-0.008037,-0.006212,-0.013315,-0.00876,-0.013783,-0.008113,-0.017733,-0.009654,-0.008906,1,0.008518
reversal_5d,2021-12-10,0.084504,160,-0.001712,0.005667,0.009784,0.0068,0.0008,-0.002527,0.012861,0.012631,0.00849,0.007338,1,0.009049
reversal_5d,2021-12-13,0.140475,160,-0.003358,-0.004179,-0.006535,0.005014,-0.004805,-0.002132,-0.001857,0.004417,0.005942,0.005644,1,0.009002
reversal_5d,2021-12-14,-0.009085,160,-0.013339,-0.013102,-0.017095,-0.006322,-0.013774,-0.015551,-0.017807,-0.00774,-0.006871,-0.020765,1,-0.007426
reversal_5d,2021-12-15,0.081829,160,-0.006725,-0.005835,-0.00015,-0.000487,-0.000966,-0.003654,0.004279,-0.006964,0.000655,-0.000961,1,0.005764
reversal_5d,2021-12-16,-0.109624,160,0.004983,0.009333,0.007764,0.006659,-0.001878,-0.001632,-0.002457,0.001957,0.016305,-0.007337,1,-0.01232
reversal_5d,2021-12-17,0.065994,160,0.009614,0.007905,0.003216,0.01319,0.002699,0.00497,0.010623,0.009108,0.009945,0.014152,1,0.004537
reversal_5d,2021-12-20,0.0463,160,-0.006542,-0.000723,0.007076,-0.004282,-0.002228,0.000604,0.001968,0.002662,0.000584,0.001793,1,0.008335
reversal_5d,2021-12-21,-0.094304,160,-0.000607,0.004969,-0.002015,0.002577,-0.002303,0.001866,0.000805,-0.006764,-0.010404,0.004615,1,0.005222
reversal_5d,2021-12-22,0.176034,160,0.001004,-0.003427,-0.004684,0.001053,-0.007303,0.002612,0.000948,0.0025,0.006149,0.011792,1,0.010788
reversal_5d,2021-12-23,-0.006106,160,0.001418,0.009014,0.003379,0.003925,0.009117,-0.001437,-0.002709,0.000151,0.010598,0.006761,1,0.005343
reversal_5d,2021-12-24,-0.031226,160,-0.007637,-0.018987,-0.007189,-0.012831,-0.008268,-0.025029,-0.010821,-0.008915,-0.008337,-0.017315,1,-0.009678
reversal_5d,2021-12-27,-0.059449,160,0.014322,0.006643,0.003717,0.001176,0.005958,0.01163,0.006358,0.00973,0.005817,0.001885,1,-0.012437
reversal_5d,2021-12-28,0.101729,160,0.01591,0.007559,0.019931,0.019469,0.017126,0.026238,0.017831,0.023675,0.015641,0.019757,1,0.003847
reversal_5d,2021-12-29,-0.004682,160,0.00368,0.009048,0.014915,0.009901,0.007442,0.009927,0.007025,0.006046,0.018384,0.003882,1,0.000201
reversal_5d,2021-12-30,0.081715,160,-0.014894,-0.011891,-0.017085,-0.012257,-0.012513,-0.020364,-0.006171,-0.005875,-0.005573,-0.014129,1,0.000765
reversal_5d,2021-12-31,-0.055552,160,0.001941,0.000263,-0.001732,-0.007862,-0.001198,-0.001216,-0.006922,-0.003443,-0.003582,0.000337,1,-0.001604
reversal_5d,2022-01-03,-0.082635,160,-0.016646,-0.012724,-0.012962,-0.02572,-0.015069,-0.013202,-0.019536,-0.0163,-0.020649,-0.017467,1,-0.000821
reversal_5d,2022-01-04,0.033315,160,-0.021677,-0.007112,-0.018737,-0.019607,-0.017544,-0.019753,-0.015071,-0.016469,-0.014095,-0.015187,1,0.00649
reversal_5d,2022-01-05,0.05605,160,0.012089,0.003845,-0.001932,0.003815,0.006738,0.011538,0.006463,0.010237,0.008817,0.008635,1,-0.003455
reversal_5d,2022-01-06,0.045491,160,-0.001425,0.002206,-0.00081,-0.002762,-0.002149,0.002913,0.003814,-0.000357,-0.001912,0.003614,1,0.005039
reversal_5d,2022-01-07,0.021388,160,-0.002129,-0.012139,-0.00515,-0.007316,-0.003394,-0.010057,-0.001734,-0.013604,-0.000957,-0.004462,1,-0.002332
reversal_5d,2022-01-10,0.00048,160,-0.016145,-0.025098,-0.025675,-0.011166,-0.022782,-0.018858,-0.017238,-0.017712,-0.025886,-0.018095,1,-0.001949
reversal_5d,2022-01-11,0.006056,160,-0.015156,-0.007544,-0.007846,-0.005659,-0.009166,-0.005326,-0.010572,-0.010592,-0.011567,-0.009276,1,0.00588
reversal_5d,2022-01-12,0.044595,160,-0.004574,0.001997,0.003773,0.013506,0.000951,0.005429,0.002043,0.006827,0.002948,0.001448,1,0.006021
reversal_5d,2022-01-13,0.009457,160,0.000574,-0.001178,-0.003274,0.000231,0.005142,8.4e-05,0.007275,0.006073,-0.002714,-0.004384,1,-0.004958
reversal_5d,2022-01-14,0.226116,160,0.006967,0.006507,-0.000378,0.002684,0.002026,0.014862,0.010885,0.011841,0.009927,0.018706,1,0.011739
reversal_5d,2022-01-17,0.216735,160,0.006163,0.010764,0.006339,0.014438,0.014417,0.013929,0.014873,0.017579,0.016624,0.021138,1,0.014975
reversal_5d,2022-01-18,0.02655,160,-0.004958,-0.007551,-0.004094,-0.000628,-0.007002,-0.003296,0.002689,-0.007195,-0.000508,-0.007069,1,-0.002112
reversal_5d,2022-01-19,-0.119993,160,0.007488,-0.003523,0.010188,0.007716,0.006381,0.010151,0.001911,-0.002829,-0.00218,0.000667,1,-0.006821
reversal_5d,2022-01-20,-0.0651,160,0.000342,-0.000513,-0.00512,0.000991,0.000753,0.003147,-0.005099,-0.0031,0.001242,-0.013421,1,-0.013763
reversal_5d,2022-01-21,0.107298,160,-0.012013,0.000261,-0.001567,0.003659,-0.00966,-0.007168,-0.005663,-6.7e-05,-0.000207,0.001716,1,0.013728
reversal_5d,2022-01-24,-0.19952,160,0.001026,0.004172,-0.002014,-0.005337,-6.4e-05,0.010202,-0.004078,-0.00861,-0.009151,-0.007125,1,-0.008152
reversal_5d,2022-01-25,0.042183,160,0.011177,0.009218,0.013186,0.008789,0.010888,0.012989,0.007793,0.011868,0.012717,0.0099,1,-0.001277
reversal_5d,2022-01-26,0.034534,160,-0.008236,-0.006878,-0.008779,-0.013977,-0.004971,-0.00954,-0.000926,-0.013156,-0.007914,-0.003966,1,0.004269
reversal_5d,2022-01-27,-0.150293,160,0.018353,0.011605,0.007827,0.011099,0.006631,0.011891,0.005794,0.000372,0.00695,0.007809,1,-0.010543
reversal_5d,2022-01-28,0.021282,160,0.007467,0.006688,0.013271,0.012593,0.016053,0.0172,0.015958,0.018519,0.002149,0.012059,1,0.004592
reversal_5d,2022-01-31,-0.104321,160,0.004073,0.002437,-0.006442,-0.004834,0.004233,-0.001933,-0.003419,-0.001736,-0.006117,-0.006546,1,-0.010619
reversal_5d,2022-02-01,-0.113465,160,0.00128,0.006633,0.007791,-0.004108,-0.000226,0.002956,-0.002844,0.004508,-0.00184,-0.000152,1,-0.001432
reversal_5d,2022-02-02,-0.081528,160,-0.011406,-0.011395,-0.010582,-0.005642,-0.005997,-0.014439,-0.015071,-0.02104,-0.00425,-0.013506,1,-0.002099
reversal_5d,2022-02-03,0.164309,160,0.021588,0.0156,0.017498,0.020848,0.020741,0.015383,0.017396,0.024289,0.029429,0.027152,1,0.005565
reversal_5d,2022-02-04,0.044381,160,0.017626,0.002423,0.00803,0.015408,0.014995,0.008771,0.009271,0.0164,0.013875,0.012432,1,-0.005194
reversal_5d,2022-02-07,0.073731,160,-0.003668,-5.1e-05,0.001334,-0.000828,-0.002029,-0.001158,0.000278,-0.000607,0.002463,0.006844,1,0.010512
reversal_5d,2022-02-08,-0.061092,160,0.00351,0.002737,-0.001475,-0.003663,0.002916,0.009727,-0.00085,0.00152,-0.002457,-0.00307,1,-0.00658
reversal_5d,2022-02-09,0.017239,160,0.003638,0.000898,0.00447,0.003707,0.008047,0.00801,0.004259,0.001304,0.010165,0.00054,1,-0.003098
reversal_5d,2022-02-10,-0.103267,160,-0.005786,-0.003679,-0.010651,-0.004428,-0.000445,-0.00622,-0.010044,-0.011097,-0.005509,-0.014429,1,-0.008643
reversal_5d,2022-02-11,-0.03403,160,-2.7e-05,0.011889,0.006665,0.00604,0.006053,-0.006505,0.004424,0.005009,0.006975,0.003818,1,0.003845
reversal_5d,2022-02-14,0.041518,160,-0.013696,0.001081,-0.004223,-0.008948,-0.004647,0.001514,-0.001673,-0.001383,-0.009208,-0.007343,1,0.006352
reversal_5d,2022-02-15,-0.019832,160,0.00836,-0.001498,0.003659,0.00051,0.00526,0.01119,-0.001041,0.003831,0.003644,0.000475,1,-0.007885
reversal_5d,2022-02-16,0.063158,160,-0.011035,-0.008463,-0.009963,-0.003397,-0.00681,-0.005042,-0.012046,-0.002446,0.00086,-0.009766,1,0.001269
reversal_5d,2022-02-17,0.152695,160,0.002043,0.013059,0.007755,0.00691,0.007712,0.012354,0.011498,0.014927,0.009317,0.013917,1,0.011875
reversal_5d,2022-02-18,0.047726,160,-0.005076,-0.004282,0.000703,-0.00435,-0.004202,0.001079,-0.000611,-0.000163,-0.004696,-0.000291,1,0.004785
reversal_5d,2022-02-21,0.037039,160,0.005406,0.000563,0.001373,0.001433,-0.008394,-0.003437,0.00936,0.008158,0.002173,4.1e-05,1,-0.005366
reversal_5d,2022-02-22,0.137188,160,0.024353,0.02079,0.019611,0.025503,0.027183,0.031978,0.036565,0.031344,0.029584,0.024192,1,-0.000162
reversal_5d,2022-02-23,-0.001957,160,0.010608,0.003426,0.006232,0.001962,0.008438,0.007637,0.003783,0.005972,0.010311,0.003146,1,-0.007462
reversal_5d,2022-02-24,-0.033142,160,0.005782,0.009905,0.010274,-0.000704,-0.006869,0.008282,-0.00698,0.00689,0.005106,0.007815,1,0.002033
reversal_5d,2022-02-25,0.053006,160,-0.003604,-0.001034,0.000307,0.002906,0.002624,0.001532,-0.000891,-0.00027,0.002435,-0.000443,1,0.003162
reversal_5d,2022-02-28,0.108499,160,-0.013804,-0.010188,-0.01174,-0.010548,-0.009379,-0.012714,-0.00946,-0.007578,-0.007149,-0.005671,1,0.008133
reversal_5d,2022-03-01,-0.01861,160,0.004377,0.017671,0.005668,0.017871,0.00487,0.009325,0.013609,0.013721,0.011449,0.004405,1,2.8e-05
reversal_5d,2022-03-02,0.029987,160,0.017268,0.019327,0.014341,0.014183,0.010997,0.008284,0.012787,0.018255,0.017425,0.020525,1,0.003257
reversal_5d,2022-03-03,0.027798,160,0.000115,0.003035,-0.001098,0.001725,-0.003768,-0.002939,0.004966,0.000951,0.004668,-0.000344,1,-0.000459
reversal_5d,2022-03-04,-0.066849,160,0.019729,0.018847,0.009869,0.023719,0.018292,0.010341,0.011223,0.009683,0.017644,0.019116,1,-0.000613
reversal_5d,2022-03-07,-0.077142,160,0.006537,0.004331,0.005904,-0.001742,0.003838,-0.003256,-0.003723,0.006165,-0.002742,0.004058,1,-0.002478
reversal_5d,2022-03-08,-0.002376,160,-0.020667,-0.008707,-0.006472,-0.029282,-0.016483,-0.014896,-0.013156,-0.007388,-0.022849,-0.018745,1,0.001922
reversal_5d,2022-03-09,0.060307,160,-0.008482,-0.007187,0.000683,-0.001601,-0.004494,0.001696,-0.008312,-0.000571,-0.004592,-0.00435,1,0.004132
reversal_5d,2022-03-10,-0.108429,160,-0.004912,-0.008048,-0.011704,-0.008175,-0.01224,-0.011763,-0.005041,-0.011927,-0.009589,-0.016488,1,-0.011577
reversal_5d,2022-03-11,0.016764,160,0.000146,-0.005857,-0.002733,-0.00784,0.006274,-0.000655,0.002891,-0.010963,-0.00533,0.003754,1,0.003608
reversal_5d,2022-03-14,0.045125,160,0.008952,0.003268,0.008265,0.0061,0.009819,0.010486,0.001918,0.008496,0.007628,0.012065,1,0.003112
reversal_5d,2022-03-15,0.051916,160,-0.016338,-0.013622,-0.01003,-0.01124,-0.010718,-0.017808,-0.008448,-0.010137,-0.004834,-0.017315,1,-0.000977
reversal_5d,2022-03-16,0.233075,160,-0.008936,-0.001955,-0.000381,0.002377,-0.005851,0.002863,-0.001333,0.002197,0.009076,0.006266,1,0.015201
reversal_5d,2022-03-17,0.1114,160,0.002992,-0.007331,0.008569,-0.000767,0.006468,0.002073,0.000842,0.007578,0.002654,0.006478,1,0.003486
reversal_5d,2022-03-18,-0.055813,160,-0.005686,-0.009576,0.001019,-0.001351,-0.012116,-0.004621,-0.004879,-0.005511,-0.004885,-0.010645,1,-0.004959
reversal_5d,2022-03-21,-0.146136,160,-0.002159,-0.010884,-0.001854,-0.006512,-0.009273,-0.011203,-0.003835,-0.005206,-0.013671,-0.013097,1,-0.010937
reversal_5d,2022-03-22,-0.007119,160,0.000188,-0.001272,0.0122,0.007204,-0.000443,-4.3e-05,0.00228,0.003511,-0.00269,0.005429,1,0.005241
reversal_5d,2022-03-23,0.020016,160,0.014097,-0.001319,0.011945,0.002579,0.004306,0.005835,0.005473,0.000578,0.012814,0.010122,1,-0.003975
reversal_5d,2022-03-24,0.125627,160,-0.004058,-0.013723,-0.0101,-0.011762,-0.000872,-0.012239,-0.003122,-0.002284,-0.001982,-0.005394,1,-0.001336
reversal_5d,2022-03-25,0.023948,160,0.000457,-0.004447,-0.006331,-0.010857,-0.0029,-0.005573,-0.001783,0.002641,-0.00295,-0.002968,1,-0.003426
reversal_5d,2022-03-28,0.056941,160,-0.003523,0.002877,0.012399,-0.005137,-0.006119,0.002384,0.009759,0.010638,-0.000455,0.000669,1,0.004192
reversal_5d,2022-03-29,0.06106,160,-0.003808,0.005092,0.006877,0.00576,0.000171,0.001421,0.003981,0.010363,-0.002042,0.007274,1,0.011082
reversal_5d,2022-03-30,0.093449,160,-0.008755,-0.012059,-0.00716,-0.008482,-0.004764,-0.014444,-0.012214,-0.005854,-0.001176,-0.004271,1,0.004484
reversal_5d,2022-03-31,0.027854,160,-0.007599,-0.004749,0.001376,-0.005402,-0.003125,-0.004833,-0.002438,-0.007422,-0.003495,-0.00203,1,0.00557
reversal_5d,2022-04-01,-0.08507,160,-0.003802,0.00655,-0.006958,-0.002884,0.002728,0.003001,-0.000502,-0.002148,-0.006359,-0.005614,1,-0.001812
reversal_5d,2022-04-04,-0.069296,160,-0.00919,-0.011441,-0.002995,-0.005188,-0.016533,-0.00379,-0.009095,-0.00859,-0.01462,-0.011229,1,-0.00204
reversal_5d,2022-04-05,0.067022,160,0.000183,0.003767,-0.005241,-0.000863,0.002943,0.001916,0.002847,0.002342,0.005701,0.002902,1,0.002719
reversal_5d,2022-04-06,0.013424,160,-0.000684,-0.000292,-0.005364,-0.009761,-0.009418,-0.002364,-0.002948,0.001642,-0.00237,-0.003424,1,-0.00274
reversal_5d,2022-04-07,-0.060785,160,0.019112,0.011807,0.020652,0.01173,0.005669,0.015777,0.016413,0.011293,0.016903,0.010499,1,-0.008613
reversal_5d,2022-04-08,-0.12686,160,0.000295,-0.007083,0.00437,0.004516,-0.00075,-0.006371,0.003346,-0.006454,-0.00827,-0.004968,1,-0.005263
reversal_5d,2022-04-11,-0.244023,160,0.013481,0.018531,0.010825,0.004359,0.003541,0.004927,0.00527,0.003901,0.002529,0.004098,1,-0.009383
reversal_5d,2022-04-12,-0.014754,160,0.003996,-0.001344,0.000166,0.003196,0.00789,0.006376,0.009212,0.007115,-0.008064,0.002145,1,-0.00185
reversal_5d,2022-04-13,0.097082,160,-0.009777,-0.012811,-0.010526,-0.00707,-0.007778,-0.006154,-0.007,-0.01185,-0.010393,-0.001509,1,0.008268
reversal_5d,2022-04-14,-0.174903,160,-0.009691,-0.007934,-0.014132,-0.002045,-0.011851,-0.013819,-0.017158,-0.01288,-0.017148,-0.017423,1,-0.007733
reversal_5d,2022-04-15,0.084592,160,-0.0068,0.000262,-0.006723,-0.006874,-0.011084,-0.012416,-0.007521,-0.0061,0.002277,0.000867,1,0.007666
reversal_5d,2022-04-18,-0.066952,160,0.010674,0.011915,0.002012,0.005147,0.011507,0.003307,0.004608,0.005608,0.003282,0.011251,1,0.000577
reversal_5d,2022-04-19,-0.031003,160,-0.001965,-0.000586,-0.008971,0.003324,-0.003582,-0.005933,0.000688,0.00218,-0.006978,-0.006044,1,-0.004079
reversal_5d,2022-04-20,0.002256,160,0.00424,-0.006266,-0.011677,-0.009117,-0.018062,-0.006566,8e-06,-0.004379,0.000851,-0.010448,1,-0.014688
reversal_5d,2022-04-21,0.013002,160,-0.027048,-0.029546,-0.0288,-0.02078,-0.025204,-0.019044,-0.023179,-0.029681,-0.026505,-0.0268,1,0.000247
reversal_5d,2022-04-22,-0.090232,160,0.000328,-0.002564,-0.004981,0.003,-0.008482,-0.007241,-0.000662,-0.006928,-0.005352,-0.007317,1,-0.007645
reversal_5d,2022-04-25,0.050311,160,0.002178,-0.002101,0.004951,0.003887,-0.000627,-0.005495,0.005849,0.005906,0.003837,0.005111,1,0.002933
reversal_5d,2022-04-26,0.143695,160,-0.00041,0.011102,-0.002781,-0.007624,0.002799,0.00975,0.0102,0.00941,0.004865,0.010662,1,0.011072
reversal_5d,2022-04-27,0.050823,160,-0.000215,0.003309,0.011569,0.009828,0.004642,0.004499,0.002866,0.016121,0.00424,0.00405,1,0.004265
reversal_5d,2022-04-28,0.031958,160,-0.001677,-0.00822,-0.00325,-0.00331,-0.007902,-0.007729,0.001949,-0.001067,-0.010077,-0.001589,1,8.8e-05
reversal_5d,2022-04-29,0.006466,160,-0.003516,0.001076,0.00467,-0.008084,0.000109,-0.004829,-0.000747,-0.007941,-0.003539,0.006133,1,0.009649
reversal_5d,2022-05-02,0.01825,160,0.00713,0.006722,0.002507,0.009361,0.005965,0.009625,0.004593,0.006364,0.004451,0.011212,1,0.004082
reversal_5d,2022-05-03,-0.032281,160,-0.000196,-0.003512,0.001833,-0.009715,-4.5e-05,-6.3e-05,-0.006121,-0.002443,-0.00297,-0.000821,1,-0.000625
reversal_5d,2022-05-04,-0.125214,160,-0.025127,-0.01277,-0.024299,-0.016425,-0.018017,-0.02671,-0.024418,-0.018909,-0.026568,-0.025768,1,-0.00064
reversal_5d,2022-05-05,0.017289,160,0.012009,0.014923,0.012095,0.005313,0.0132,0.001409,0.015609,0.008993,0.013672,0.014071,1,0.002062
reversal_5d,2022-05-06,0.088143,160,-0.005582,-0.0116,-0.015767,-0.007428,-0.007368,-0.006081,-0.016042,-0.010104,0.002535,-0.007092,1,-0.001511
reversal_5d,2022-05-09,0.049414,160,0.00997,0.008534,0.010011,0.01131,0.021756,0.014805,0.011858,0.012116,0.011467,0.013983,1,0.004013
reversal_5d,2022-05-10,0.022592,160,0.009099,0.014836,0.017273,0.015521,0.013977,0.013647,0.015593,0.005815,0.012225,0.020624,1,0.011525
reversal_5d,2022-05-11,0.025926,160,0.005405,0.010245,0.013715,0.007394,0.012715,0.004277,0.011294,0.006295,0.01029,0.014862,1,0.009457
reversal_5d,2022-05-12,0.04586,160,0.011615,0.010047,0.000586,0.006167,0.007486,0.005987,0.009256,0.007792,0.010538,0.012285,1,0.000671
reversal_5d,2022-05-13,-0.108359,160,0.026695,0.018794,0.020399,0.017625,0.010894,0.021842,0.023674,0.021419,0.01219,0.016029,1,-0.010666
reversal_5d,2022-05-16,-0.008725,160,-0.012301,-0.01116,-0.005775,-0.015751,-0.013598,-0.008885,-0.009957,-0.014223,-0.010373,-0.007734,1,0.004567
reversal_5d,2022-05-17,-0.191773,160,0.004138,0.007373,0.007618,0.011946,0.001885,-0.002066,0.000139,0.002312,-0.005589,-8.5e-05,1,-0.004224
reversal_5d,2022-05-18,-0.033681,160,0.005265,0.003793,0.006649,0.001246,-0.002022,0.008565,-5.9e-05,0.006827,-0.004697,0.001981,1,-0.003284
reversal_5d,2022-05-19,0.03325,160,-0.015307,-0.009241,-0.007593,-0.009083,-0.001582,-0.002138,-0.005468,-0.007449,-0.014554,-0.006817,1,0.008489
reversal_5d,2022-05-20,-0.035568,160,0.017818,0.02551,0.019274,0.019988,0.014753,0.017722,0.011689,0.020468,0.022739,0.017186,1,-0.000632
reversal_5d,2022-05-23,-0.004093,160,-0.008036,-0.002805,-0.00918,0.003219,-0.013021,-0.00758,-0.00935,-0.006146,-0.004989,-0.003173,1,0.004863
reversal_5d,2022-05-24,-0.018267,160,-0.009305,-0.007747,-0.004027,-0.010289,-0.007714,-0.005965,-0.004178,-0.012056,-0.00822,-0.009633,1,-0.000328
reversal_5d,2022-05-25,0.085574,160,-0.00039,0.001631,0.009668,0.004173,0.000758,0.0101,0.003546,0.01085,0.005665,0.008292,1,0.008682
reversal_5d,2022-05-26,0.082828,160,0.007292,0.009126,0.010012,0.011379,0.006114,0.013007,0.012114,0.003729,0.01315,0.014254,1,0.006962
reversal_5d,2022-05-27,0.055599,160,-0.008962,-0.007691,-0.006984,-0.010339,-0.001031,-0.004611,-0.009797,-0.00718,-0.004644,-0.003062,1,0.0059
reversal_5d,2022-05-30,-0.00782,160,-0.002505,-0.000818,-0.017079,3e-05,-0.005427,-0.007749,-0.007753,-0.007669,-0.007096,-0.000513,1,0.001991
reversal_5d,2022-05-31,-0.016978,160,0.004308,0.00917,0.001947,0.002351,0.007647,0.001549,-0.003084,0.003442,0.006326,0.00589,1,0.001582
reversal_5d,2022-06-01,0.029852,160,-0.010318,-0.009498,-0.017868,-0.010406,-0.014114,-0.008948,-0.0097,-0.018312,-0.012061,-0.008932,1,0.001386
reversal_5d,2022-06-02,0.104614,160,-0.015536,-0.004757,-0.016347,-0.009798,-0.008438,-0.012245,-0.00281,-0.002683,-0.014236,-0.006832,1,0.008704
reversal_5d,2022-06-03,-0.098769,160,-0.00565,-0.007864,-0.002751,-0.008913,-0.010531,-0.004527,-0.01276,-0.003074,-0.009261,-0.019652,1,-0.014002
reversal_5d,2022-06-06,0.000639,160,0.000642,-0.001587,-0.005084,-0.001644,-0.002572,-0.002566,-0.000144,-0.005549,-0.005838,-0.000468,1,-0.001109
reversal_5d,2022-06-07,0.076242,160,-0.001385,-0.006024,0.000721,-0.000873,0.000427,-0.001028,-0.005511,-0.003219,0.006637,-0.001036,1,0.000349
reversal_5d,2022-06-08,-0.008447,160,0.012527,0.01169,0.018514,0.018001,0.017405,0.020011,0.016217,0.010209,0.010448,0.016438,1,0.003912
reversal_5d,2022-06-09,0.031062,160,0.007115,0.00162,0.015974,0.006283,0.010321,0.004824,0.005361,0.006185,0.007916,0.011056,1,0.00394
reversal_5d,2022-06-10,-0.089974,160,0.009335,-0.005069,0.006201,0.003606,0.003809,0.003729,-0.000431,-0.004447,0.002291,-0.002212,1,-0.011547
reversal_5d,2022-06-13,0.00324,160,-0.00088,0.004053,-0.000966,0.003791,0.004537,-0.000203,-0.003847,-0.001536,0.002847,0.001227,1,0.002107
reversal_5d,2022-06-14,0.116589,160,0.006348,0.011437,0.005875,0.000733,0.011462,0.004607,0.010881,0.015518,0.012785,0.008767,1,0.002419
reversal_5d,2022-06-15,0.127739,160,9e-05,0.000795,0.00236,0.005531,0.003476,0.005846,-0.002096,0.001335,0.007247,0.013201,1,0.013111
reversal_5d,2022-06-16,4.1e-05,160,0.010033,0.001606,0.011734,0.010977,0.006867,0.007484,0.008618,0.004036,0.008754,0.011434,1,0.001401
reversal_5d,2022-06-17,-0.102382,160,0.018706,0.009641,0.012783,0.015475,0.017322,0.019669,0.002632,0.015012,0.007422,0.012935,1,-0.005771
reversal_5d,2022-06-20,0.018493,160,-0.008289,-0.011268,-0.012381,-0.004824,-0.01205,-0.006518,-0.010376,-0.007438,-0.011092,-0.006067,1,0.002222
reversal_5d,2022-06-21,0.052593,160,-0.027466,-0.018865,-0.017072,-0.013671,-0.027048,-0.020666,-0.016284,-0.020231,-0.019113,-0.021086,1,0.00638
reversal_5d,2022-06-22,-0.007949,160,-0.008241,-0.003808,0.005624,-0.003313,0.001743,-0.008412,-0.000323,-0.001254,-0.001446,-0.004294,1,0.003947
reversal_5d,2022-06-23,0.01442,160,-0.004626,-0.003934,-0.003664,-1.4e-05,0.006497,0.001836,0.003115,-0.002532,0.002369,-0.008329,1,-0.003703
reversal_5d,2022-06-24,0.044269,160,0.008132,-0.004698,0.002574,0.003961,0.006673,0.007378,0.006899,0.006274,0.003061,0.003592,1,-0.00454
reversal_5d,2022-06-27,-0.001154,160,-0.009264,0.002359,-0.010333,-0.001313,0.002579,-0.004845,-0.00226,-0.005818,-0.00044,-0.008412,1,0.000852
reversal_5d,2022-06-28,-0.014924,160,-0.007737,-0.002369,-0.003096,0.004514,-0.002658,-0.003772,-0.005608,-0.004641,-0.004915,-0.004447,1,0.00329
reversal_5d,2022-06-29,-0.034976,160,0.003725,0.005456,0.001682,0.001587,0.011229,0.004569,0.006273,0.00586,-0.003127,0.003787,1,6.2e-05
reversal_5d,2022-06-30,0.024083,160,0.006844,0.003265,0.008288,0.003291,0.00971,0.007105,0.008777,0.012934,0.005148,0.00321,1,-0.003634
reversal_5d,2022-07-01,-0.018789,160,0.018811,0.013599,0.010504,0.014573,0.006424,0.01423,0.004037,0.012522,0.018095,0.014641,1,-0.00417
reversal_5d,2022-07-04,0.005918,160,-0.019414,-0.019712,-0.020061,-0.019856,-0.014751,-0.005814,-0.020907,-0.024939,-0.015971,-0.017057,1,0.002356
reversal_5d,2022-07-05,0.089977,160,-0.016109,-0.015987,-0.017086,-0.013613,-0.017579,-0.020092,-0.017712,-0.009167,-0.009424,-0.017396,1,-0.001287
reversal_5d,2022-07-06,0.100343,160,0.014839,0.0092,0.014765,0.010924,0.008918,0.009516,0.01603,0.015978,0.011518,0.017557,1,0.002718
reversal_5d,2022-07-07,0.113465,160,0.005777,0.007558,0.003128,0.008814,0.014408,0.008231,0.004961,0.004743,0.009128,0.018102,1,0.012325
reversal_5d,2022-07-08,0.042374,160,0.007548,0.023194,0.012348,-0.003136,0.005043,0.006389,0.003942,0.018118,0.00975,0.01611,1,0.008562
reversal_5d,2022-07-11,0.137299,160,-0.008578,-0.00972,-0.005831,0.001879,0.001368,0.003118,-0.003338,0.000235,0.000803,-0.002176,1,0.006402
reversal_5d,2022-07-12,0.165381,160,-0.000246,-0.017001,-0.008004,-0.011674,-0.004079,-0.011226,-0.005205,-0.003717,0.002076,-4.1e-05,1,0.000205
reversal_5d,2022-07-13,-0.037446,160,0.000423,0.002004,0.002222,-0.004453,0.003044,-0.005238,-0.002236,0.002499,0.0043,-0.004981,1,-0.005404
reversal_5d,2022-07-14,-0.145514,160,-0.000286,-0.002667,-0.0105,-0.00281,-0.008701,-0.005742,-0.011504,-0.014785,-0.015549,-0.003782,1,-0.003496
reversal_5d,2022-07-15,0.071915,160,-0.017783,-0.013075,-0.019897,-0.011283,-0.019385,-0.017368,-0.014107,-0.011753,-0.01411,-0.012473,1,0.00531
reversal_5d,2022-07-18,0.022659,160,-0.004228,-0.009424,-0.01189,-0.015047,-0.009972,-0.018855,-0.003725,-0.012645,-0.006474,-0.00926,1,-0.005032
reversal_5d,2022-07-19,0.153059,160,-0.001233,-0.003175,-0.003455,-0.000358,-0.005096,0.001191,0.004425,0.004525,0.004311,0.002205,1,0.003438
reversal_5d,2022-07-20,0.025097,160,0.002331,0.005716,0.002229,0.009621,0.006754,0.003973,0.003229,0.003096,0.003733,0.00832,1,0.005988
reversal_5d,2022-07-21,-0.045268,160,0.011506,0.018754,0.012191,0.017393,0.018843,0.013401,0.014179,0.017985,0.008913,0.011527,1,2.1e-05
reversal_5d,2022-07-22,0.045846,160,0.005185,0.006634,0.004749,0.007644,0.009471,0.000469,0.003144,0.004063,0.008558,0.016737,1,0.011552
reversal_5d,2022-07-25,-0.01249,160,0.002484,0.002575,0.004148,0.002338,0.010304,0.001578,0.006532,0.006921,-0.000568,0.004224,1,0.00174
reversal_5d,2022-07-26,-0.200949,160,0.022495,0.019786,0.015381,0.015901,0.01525,0.00734,0.016447,0.009258,0.007872,0.014351,1,-0.008144
reversal_5d,2022-07-27,-0.060289,160,-0.011209,-0.01078,-0.001807,-0.002522,-0.003758,-0.009422,-0.00275,-0.009966,-0.014378,-0.010699,1,0.000509
reversal_5d,2022-07-28,-0.112252,160,-0.004087,-0.005041,-0.012282,-0.003074,-0.002147,-0.005264,-0.009978,-0.009184,-0.009449,-0.014914,1,-0.010827
reversal_5d,2022-07-29,0.027145,160,-0.003738,-0.010555,-0.000694,-0.007333,-0.012847,-0.004376,-0.007567,-0.006403,-0.00255,-0.006523,1,-0.002785
reversal_5d,2022-08-01,-0.033086,160,0.001187,0.000513,-0.004928,0.000615,2.9e-05,-0.0034,-0.009605,-0.00691,0.0049,-0.00012,1,-0.001308
reversal_5d,2022-08-02,-0.089526,160,0.026407,0.01937,0.01821,0.023274,0.014151,0.020637,0.01639,0.024187,0.019878,0.013841,1,-0.012566
reversal_5d,2022-08-03,0.055678,160,-0.004834,-0.002854,-0.005091,-0.004635,-0.002457,-0.002306,-0.009981,0.000203,0.002437,-0.000944,1,0.003891
reversal_5d,2022-08-04,0.03533,160,0.004538,0.014746,0.013437,0.01647,0.013362,0.005592,0.008634,0.011604,0.009014,0.018221,1,0.013683
reversal_5d,2022-08-05,-0.203003,160,0.000879,0.005483,0.002795,-0.00084,-0.006072,0.005215,-0.008255,-0.00873,-0.005809,-0.006129,1,-0.007009
reversal_5d,2022-08-08,-0.115607,160,0.007973,0.012616,0.006433,0.00832,-0.002314,0.002019,0.003367,-0.000227,0.002891,0.003755,1,-0.004218
reversal_5d,2022-08-09,-0.083719,160,0.006581,0.005937,0.009875,0.012718,0.003123,0.00843,0.002939,0.007448,0.008209,0.002641,1,-0.00394
reversal_5d,2022-08-10,0.013755,160,0.009849,0.004529,0.004446,0.006743,0.014731,0.00237,0.00698,0.007852,0.006477,0.007123,1,-0.002726
reversal_5d,2022-08-11,-0.062238,160,0.01077,0.009082,0.009304,0.005832,0.012994,0.011457,0.005321,0.003383,0.006116,0.01059,1,-0.00018
reversal_5d,2021-01-11,0.060565,160,0.006509,-0.004345,0.000824,0.009496,-0.005543,0.015636,-0.006127,0.008876,0.014297,0.014374,5,0.007865
reversal_5d,2021-01-12,0.035058,160,0.007674,0.004844,0.003335,0.006499,0.00174,0.011004,0.018712,0.006888,-0.007715,0.021216,5,0.013542
reversal_5d,2021-01-13,0.000176,160,0.016908,0.012654,-0.015769,0.002267,0.002295,-0.0016,0.016928,-0.009508,-0.00847,0.021145,5,0.004236
reversal_5d,2021-01-14,-0.082682,160,0.015348,0.015642,0.011909,0.002246,0.011644,0.004566,0.009038,0.00553,0.012319,-0.001002,5,-0.016351
reversal_5d,2021-01-15,-0.021147,160,0.007077,0.016455,0.01578,0.008903,0.009383,0.006552,0.012681,0.009677,0.014536,0.015309,5,0.008232
reversal_5d,2021-01-18,-0.026131,160,-0.009695,0.005968,-0.006635,-0.004881,0.019529,-0.000428,0.004423,-0.012067,-0.009942,0.001153,5,0.010848
reversal_5d,2021-01-19,-0.110878,160,-0.011393,-0.00233,0.010111,0.009924,-0.001192,-0.011522,-0.006942,-0.011824,-0.013691,-0.007765,5,0.003628
reversal_5d,2021-01-20,-0.035354,160,-0.008932,-0.001636,0.028758,-0.00272,0.006548,0.002927,0.004011,-0.006717,0.000619,-0.002879,5,0.006053
reversal_5d,2021-01-21,0.03439,160,-0.009506,0.000231,0.009116,0.016281,0.004414,-0.004943,-0.01123,0.003409,0.004871,0.005268,5,0.014774
reversal_5d,2021-01-22,0.112343,160,-0.001652,-0.029339,-0.021855,-0.000681,-0.022347,-0.036659,-0.014509,-0.022024,0.002785,-0.001649,5,3e-06
reversal_5d,2021-01-25,0.158523,160,-0.018156,-0.021868,-0.024697,-0.003047,-0.003272,-0.02133,-0.01234,-0.012404,-0.017506,0.007918,5,0.026074
reversal_5d,2021-01-26,0.137053,160,-0.012562,-0.007199,-0.002994,-0.008406,-0.009777,0.011279,-0.013052,-0.009696,0.00571,0.013328,5,0.025891
reversal_5d,2021-01-27,0.152567,160,-0.006321,-0.01087,-0.02358,-0.012777,-0.01719,-0.013259,-0.002623,0.011427,-0.012166,0.009223,5,0.015544
reversal_5d,2021-01-28,-0.009815,160,0.003434,-0.008112,-0.010936,-0.027537,-0.022155,0.006844,-0.017858,-0.008414,0.008409,-0.021183,5,-0.024617
reversal_5d,2021-01-29,0.010808,160,0.012014,0.009501,0.005077,0.007056,0.000349,0.026306,0.024918,-0.001868,0.011116,0.009519,5,-0.002495
reversal_5d,2021-02-01,0.022542,160,0.014448,0.03527,0.033195,0.04635,0.011914,0.03515,0.029117,0.042512,0.020219,0.030453,5,0.016005
reversal_5d,2021-02-02,0.021461,160,0.022344,0.002982,0.018635,0.007705,0.00834,0.040364,0.03523,0.014399,0.00744,0.011154,5,-0.01119
reversal_5d,2021-02-03,0.092274,160,0.019987,0.029368,0.015348,0.030908,0.043715,0.036982,0.02209,0.029489,0.033172,0.035291,5,0.015304
reversal_5d,2021-02-04,0.064998,160,0.020192,0.006772,0.026241,0.011434,0.026467,0.022203,0.013366,0.039425,0.010037,0.027749,5,0.007557
reversal_5d,2021-02-05,0.048491,160,0.019048,0.016822,0.029435,0.010842,-0.000621,0.00453,0.007837,0.046626,0.020067,0.027797,5,0.008748
reversal_5d,2021-02-08,0.192274,160,-0.008674,-0.007079,-0.029258,-0.025132,-0.01818,-0.004035,0.000445,-0.005782,0.001032,0.015097,5,0.023771
reversal_5d,2021-02-09,0.192174,160,0.001703,0.000799,0.004429,-0.017447,0.010035,0.002113,0.00649,0.014295,0.029813,0.03107,5,0.029367
reversal_5d,2021-02-10,0.088905,160,-0.007411,-0.001556,-0.007101,-0.004605,-0.004134,0.00295,0.018982,0.001209,0.010192,0.002031,5,0.009442
reversal_5d,2021-02-11,0.035046,160,0.013301,0.020531,0.021074,0.014889,0.033951,0.018702,0.009781,0.020287,0.026624,0.024133,5,0.010832
reversal_5d,2021-02-12,-0.029201,160,0.01171,0.003426,0.023415,0.006383,0.006564,0.008754,0.016782,0.005114,0.000205,0.015019,5,0.00331
reversal_5d,2021-02-15,-0.062727,160,0.016406,0.035272,0.029132,0.059034,0.019938,0.02652,0.033776,0.033657,0.025346,0.010411,5,-0.005995
reversal_5d,2021-02-16,0.05753,160,0.003221,0.011894,0.024729,0.01038,0.004145,0.01574,0.019056,0.019236,0.013064,0.004744,5,0.001523
reversal_5d,2021-02-17,0.047671,160,-0.003255,-0.003115,0.001142,0.014596,-0.00128,0.01015,0.002874,0.005908,0.00689,-0.005533,5,-0.002277
reversal_5d,2021-02-18,0.103996,160,-0.007871,-0.020074,-0.000418,0.008216,-0.001321,-0.008112,0.009362,0.001048,0.008757,-0.000616,5,0.007254
reversal_5d,2021-02-19,0.056961,160,0.021262,-0.004565,0.014058,-0.002459,0.016578,0.013416,0.016099,0.016319,-0.00358,0.030336,5,0.009073
reversal_5d,2021-02-22,-0.010246,160,0.002127,-0.002313,0.020635,-0.001907,0.013625,0.006753,0.010527,0.008377,-0.002699,-0.005642,5,-0.007769
reversal_5d,2021-02-23,0.006053,160,0.01167,0.003206,0.003586,0.011361,-0.01245,0.020316,0.005445,0.012961,-0.009124,0.010619,5,-0.001052
reversal_5d,2021-02-24,-0.006375,160,0.007443,-0.01086,0.000524,0.001239,0.014638,-0.018463,-0.002843,-0.00708,0.00909,-0.000138,5,-0.007581
reversal_5d,2021-02-25,-0.103519,160,0.020894,-0.005183,0.012935,0.011082,0.027377,0.004773,0.004115,0.00794,0.003573,0.003575,5,-0.017319
reversal_5d,2021-02-26,-0.056613,160,0.015887,0.001894,0.015409,0.00206,0.031496,0.017229,-0.009657,0.012734,-0.001544,0.008038,5,-0.007848
reversal_5d,2021-03-01,-0.035987,160,0.015892,0.000781,0.031558,0.028409,0.001085,0.008086,0.017533,0.009912,0.013151,0.013096,5,-0.002796
reversal_5d,2021-03-02,0.001333,160,0.040461,0.047343,0.030899,0.038327,0.041841,0.027045,0.034052,0.0545,0.053599,0.026358,5,-0.014103
reversal_5d,2021-03-03,-0.016167,160,0.045279,0.033825,0.031051,0.035096,0.051202,0.062294,0.030407,0.034594,0.046807,0.03,5,-0.015279
reversal_5d,2021-03-04,-0.020561,160,0.051855,0.051545,0.053029,0.05075,0.044231,0.045821,0.054476,0.052345,0.034241,0.044387,5,-0.007468
reversal_5d,2021-03-05,0.000785,160,0.058718,0.072349,0.065389,0.096598,0.064994,0.061921,0.068132,0.059125,0.050561,0.08661,5,0.027892
reversal_5d,2021-03-08,-0.043308,160,0.080955,0.08705,0.081294,0.058568,0.081901,0.084153,0.073157,0.056557,0.076323,0.083468,5,0.002514
reversal_5d,2021-03-09,0.088128,160,0.072082,0.041679,0.03938,0.061644,0.070968,0.063188,0.060393,0.069304,0.066231,0.06188,5,-0.010203
reversal_5d,2021-03-10,-0.032412,160,0.068838,0.080436,0.045846,0.065365,0.059351,0.06723,0.068487,0.057297,0.064269,0.068615,5,-0.000223
reversal_5d,2021-03-11,-0.02147,160,0.045142,0.05309,0.064159,0.041111,0.048276,0.052401,0.053005,0.047166,0.057527,0.042684,5,-0.002458
reversal_5d,2021-03-12,-0.016375,160,0.026807,0.028515,0.016443,0.01839,0.012974,0.040278,0.008357,0.028534,0.018464,0.019379,5,-0.007429
reversal_5d,2021-03-15,0.141348,160,-0.011979,0.007999,0.014866,0.002978,0.010916,0.010825,-0.00166,0.002197,0.013883,0.012995,5,0.024974
reversal_5d,2021-03-16,0.205467,160,-0.013087,-0.018073,0.009392,-0.01639,-0.000878,-0.005505,0.006862,0.007386,0.012258,-0.000248,5,0.012839
reversal_5d,2021-03-17,0.19223,160,0.00585,0.011552,-0.008702,-0.005091,0.004417,0.006995,0.014104,0.000457,0.016293,0.026208,5,0.020358
reversal_5d,2021-03-18,0.131413,160,0.000674,-0.003914,0.012394,0.016015,0.002076,0.018598,0.017836,0.005363,0.014957,0.023803,5,0.02313
reversal_5d,2021-03-19,0.090619,160,0.01241,0.007468,-0.00787,0.009028,0.001677,0.028333,0.009998,0.035389,-0.002807,0.016697,5,0.004287
reversal_5d,2021-03-22,0.020465,160,0.007555,0.009447,0.013675,0.000228,0.004756,0.010386,-0.001281,0.005993,0.012026,0.005001,5,-0.002554
reversal_5d,2021-03-23,0.068218,160,0.007409,-0.016362,0.003837,0.00132,-0.00228,0.014641,-0.016983,0.020452,-0.002384,-4.4e-05,5,-0.007453
reversal_5d,2021-03-24,0.058956,160,-0.018916,-0.002603,-0.011414,-0.026386,-0.0101,-0.021024,-0.000313,0.000692,-0.013275,-0.016914,5,0.002001
reversal_5d,2021-03-25,-0.008819,160,-0.04248,-0.016299,-0.037239,-0.041333,-0.037772,-0.056178,-0.027025,-0.03212,-0.03381,-0.036091,5,0.006389
reversal_5d,2021-03-26,-0.054178,160,-0.032162,-0.032378,-0.05189,-0.047327,-0.051491,-0.024854,-0.04259,-0.041742,-0.044695,-0.043757,5,-0.011595
reversal_5d,2021-03-29,-0.036289,160,-0.012302,-0.019328,-0.028239,-0.020122,-0.02382,-0.037523,0.001893,-0.054128,-0.012741,-0.019382,5,-0.007079
reversal_5d,2021-03-30,-0.062074,160,-0.017548,-0.01949,-0.003772,-0.023713,-0.019799,-0.020335,-0.010955,-0.027141,-0.024932,-0.020004,5,-0.002456
reversal_5d,2021-03-31,0.11793,160,-0.018993,-0.008678,-0.008022,-0.0178,0.007617,-0.001323,-0.021195,-0.007795,0.006107,0.001097,5,0.02009
reversal_5d,2021-04-01,0.169917,160,-0.005775,-0.016378,-0.025964,0.00046,-0.008172,-0.01093,-0.00254,-0.005531,0.010442,-0.000814,5,0.004961
reversal_5d,2021-04-02,0.057433,160,-0.013348,0.013208,0.008932,0.003165,0.005223,-0.002119,0.00617,0.013488,0.004732,0.007978,5,0.021326
reversal_5d,2021-04-05,0.091694,160,-0.042947,-0.033835,-0.026553,-0.022233,-0.013649,-0.02453,-0.038479,0.003036,-0.038879,-0.01882,5,0.024127
reversal_5d,2021-04-06,0.016375,160,-0.047048,-0.031173,-0.026956,0.004563,-0.030616,-0.014732,-0.030018,-0.015733,-0.036857,-0.035324,5,0.011723
reversal_5d,2021-04-07,-0.024845,160,-0.01782,-0.003628,-0.022762,0.006208,-0.013425,-0.016128,0.005194,-0.010277,-0.021934,-0.012,5,0.00582
reversal_5d,2021-04-08,0.034891,160,-0.020191,0.009801,-0.015448,-1.5e-05,0.012044,-0.012851,-0.004676,0.003646,-0.016583,-0.002695,5,0.017495
reversal_5d,2021-04-09,-0.071121,160,0.006883,0.002169,0.004187,-0.00135,0.036168,-0.003774,0.00167,-0.016064,-0.005239,-0.004394,5,-0.011277
reversal_5d,2021-04-12,-0.052971,160,0.027673,0.033484,0.042902,0.016489,0.025097,0.019473,0.014848,0.015487,0.036873,0.022768,5,-0.004905
reversal_5d,2021-04-13,0.001799,160,0.041626,0.027787,0.02775,0.018762,0.012003,0.039598,0.041289,0.023388,0.018222,0.042305,5,0.00068
reversal_5d,2021-04-14,-0.094032,160,0.01458,0.011397,0.013053,-0.003083,-0.002772,-0.014586,-0.001664,0.000425,0.017229,0.002634,5,-0.011946
reversal_5d,2021-04-15,-0.075431,160,0.03386,0.03306,0.010737,0.025538,0.006726,0.015582,0.005439,0.010996,0.026459,0.020832,5,-0.013028
reversal_5d,2021-04-16,-0.041958,160,0.002928,0.011163,0.026285,0.010194,-0.012793,0.012156,0.000642,0.00268,-0.000509,0.005112,5,0.002184
reversal_5d,2021-04-19,-0.112197,160,0.009141,0.039747,0.018265,0.017723,0.009906,0.004985,0.008854,-0.000503,-0.002833,0.018082,5,0.008942
reversal_5d,2021-04-20,-0.081434,160,0.019562,0.021298,0.004808,-0.003114,0.013212,-0.002043,-0.000599,-0.007149,0.003276,0.013931,5,-0.005632
reversal_5d,2021-04-21,-0.020825,160,0.02678,0.021227,-0.003443,0.011473,0.012143,0.012042,0.014478,0.022643,0.015964,0.007742,5,-0.019038
reversal_5d,2021-04-22,-0.062581,160,0.012747,0.018307,-0.008647,0.014211,0.025979,-0.003547,0.014656,-0.009063,0.016781,-0.002118,5,-0.014865
reversal_5d,2021-04-23,-0.037364,160,0.017512,0.021091,0.010235,0.010923,0.006391,0.011551,0.02436,0.001672,0.017944,0.006691,5,-0.010821
reversal_5d,2021-04-26,0.000328,160,-0.017075,-0.004211,-0.022203,-0.001228,-0.020491,-0.007101,-0.021531,-0.000316,0.004745,-0.032112,5,-0.015038
reversal_5d,2021-04-27,-0.097029,160,-0.01095,0.008343,0.006842,-0.020823,-0.004315,-0.028098,-0.01436,-0.014852,-0.021524,-0.003865,5,0.007085
reversal_5d,2021-04-28,-0.149481,160,-0.006747,-0.005428,-0.004293,-0.003974,-0.021615,-0.009951,-0.021439,-0.023755,-0.019751,-0.021064,5,-0.014317
reversal_5d,2021-04-29,-0.245459,160,-0.013164,-0.014183,-0.009102,-0.017307,-0.024627,-0.023859,-0.042452,-0.022763,-0.036507,-0.036263,5,-0.023099
reversal_5d,2021-04-30,-0.090018,160,-0.025373,0.004534,-0.023934,-0.013641,-0.025723,-0.020958,-0.026452,-0.019161,-0.027154,-0.022737,5,0.002637
reversal_5d,2021-05-03,0.030033,160,-0.013605,-0.001558,-0.007507,0.020317,-0.015766,0.000243,0.003244,0.012744,-0.019722,-0.009279,5,0.004326
reversal_5d,2021-05-04,-0.005567,160,-0.019623,-0.010452,-0.014637,-0.014738,0.008097,-0.018084,-0.011732,-0.012083,-0.013722,-0.022342,5,-0.002719
reversal_5d,2021-05-05,-0.00157,160,-0.042123,-0.014044,-0.007753,-0.040824,-0.037118,-0.02575,-0.00763,-0.034278,-0.024082,-0.037286,5,0.004838
reversal_5d,2021-05-06,-0.003542,160,-0.028651,-0.012997,-0.039595,-0.040353,-0.052058,-0.029221,-0.021455,-0.044581,-0.026836,-0.022566,5,0.006084
reversal_5d,2021-05-07,0.009513,160,-0.039967,-0.034834,-0.029709,-0.034001,-0.03729,-0.052909,-0.042052,-0.049113,-0.017452,-0.033671,5,0.006295
reversal_5d,2021-05-10,-0.003402,160,-0.02674,-0.026018,-0.021192,-0.022352,-0.038015,-0.008742,-0.027321,-0.014788,-0.030567,-0.030967,5,-0.004227
reversal_5d,2021-05-11,0.08996,160,-0.016076,-0.015502,-0.003239,-0.03028,-0.004223,-0.009492,-0.012441,-0.020211,0.001186,-0.00484,5,0.011236
reversal_5d,2021-05-12,0.142207,160,-0.001775,-0.00056,0.004133,0.000476,0.01293,0.028213,-0.01228,0.010736,0.016567,0.026392,5,0.028167
reversal_5d,2021-05-13,0.103832,160,0.013209,-0.004723,-0.006763,0.008511,0.021989,0.016183,0.003212,0.024661,0.006115,0.015645,5,0.002437
reversal_5d,2021-05-14,0.029242,160,0.004624,0.007058,-0.011829,-0.001177,0.002474,0.007562,-0.00333,-0.008971,0.003307,0.003342,5,-0.001281
reversal_5d,2021-05-17,0.093127,160,-0.044618,-0.028893,-0.037846,-0.016259,-0.041642,-0.033142,-0.036723,-0.032976,-0.030282,-0.019082,5,0.025536
reversal_5d,2021-05-18,0.072079,160,-0.044693,-0.030056,-0.032887,-0.0345,-0.033834,-0.018145,-0.022824,-0.042623,-0.012689,-0.038476,5,0.006216
reversal_5d,2021-05-19,0.118229,160,-0.024861,-0.03958,-0.030726,-0.021422,-0.029168,-0.024017,-0.02678,-0.016821,-0.02246,-0.017445,5,0.007416
reversal_5d,2021-05-20,0.106085,160,-0.016508,-0.01886,-0.021254,-0.023557,-0.016343,-0.01201,-0.018225,-0.027884,-0.001418,-0.006895,5,0.009613
reversal_5d,2021-05-21,0.025428,160,0.000675,0.01972,0.001892,0.002423,0.007266,-0.009089,-0.009142,-0.003925,0.009693,0.028604,5,0.027929
reversal_5d,2021-05-24,-0.036239,160,0.038905,0.027928,0.026545,0.019428,0.009516,0.015304,0.02551,0.015341,0.026049,0.036556,5,-0.002349
reversal_5d,2021-05-25,0.0015,160,0.042638,0.029927,0.031592,0.009093,0.017765,0.018144,0.028614,0.020591,0.038513,0.030927,5,-0.011711
reversal_5d,2021-05-26,0.112399,160,0.021279,0.002247,0.008531,0.025705,0.026903,0.021047,0.02215,0.029206,0.030228,0.019436,5,-0.001843
reversal_5d,2021-05-27,0.137765,160,0.002094,0.026168,0.020166,0.027231,0.021,0.036884,0.042585,0.024447,0.019981,0.032955,5,0.030861
reversal_5d,2021-05-28,-0.015885,160,0.026672,0.006482,0.02301,0.021362,0.041099,0.039486,0.025522,0.024397,0.017537,0.013308,5,-0.013364
reversal_5d,2021-05-31,-0.099812,160,0.020309,0.017129,0.021215,0.009747,0.015179,0.014769,0.025146,-0.006555,0.012574,0.008725,5,-0.011584
reversal_5d,2021-06-01,-0.073986,160,-0.001112,-0.010233,0.007674,-0.013855,-0.000415,-0.023308,-0.016882,-0.008113,-0.011248,-0.005094,5,-0.003982
reversal_5d,2021-06-02,0.042391,160,-0.022533,-0.016387,-0.00953,-0.011633,-0.009739,0.002622,-0.009037,-0.023983,-0.01026,-0.009319,5,0.013214
reversal_5d,2021-06-03,0.087373,160,-0.0286,-0.022276,-0.018534,-0.02307,-0.013697,-0.030187,0.002645,-0.014114,0.003485,-0.033364,5,-0.004763
reversal_5d,2021-06-04,-0.00617,160,-0.026229,-0.02634,-0.033422,-0.041355,-0.013187,-0.040742,-0.026004,-0.022842,-0.027457,-0.031188,5,-0.004959
reversal_5d,2021-06-07,-0.04627,160,-0.001361,-0.005371,-0.017865,0.010742,0.00499,0.004677,-0.021674,-0.026546,0.006782,-0.006362,5,-0.005001
reversal_5d,2021-06-08,-0.171092,160,0.00738,0.009739,0.013211,0.002659,-0.009975,0.015684,0.005079,-0.005201,-0.00839,-0.009139,5,-0.016519
reversal_5d,2021-06-09,-0.034662,160,0.015909,0.011935,0.01007,0.021943,0.00536,0.00167,0.017056,-0.000342,-0.000916,0.012479,5,-0.003431
reversal_5d,2021-06-10,-0.00295,160,0.013961,0.031893,0.030747,0.018495,0.014981,0.032472,0.022685,0.01069,0.020263,0.022852,5,0.00889
reversal_5d,2021-06-11,-0.082925,160,0.045907,0.01192,0.03741,0.018035,0.025351,0.03389,0.04086,0.011857,0.025845,0.015095,5,-0.030811
reversal_5d,2021-06-14,-0.087167,160,0.026453,0.023164,0.04209,0.018907,0.013995,0.007345,0.020273,0.028308,0.020039,0.011653,5,-0.0148
reversal_5d,2021-06-15,0.020016,160,0.03335,0.027751,0.040195,0.015436,0.035743,0.034927,0.035532,0.029939,0.019698,0.041765,5,0.008414
reversal_5d,2021-06-16,0.060354,160,0.012721,0.008225,0.019779,0.02249,0.008948,0.014488,0.029614,0.022046,0.006077,0.016886,5,0.004165
reversal_5d,2021-06-17,0.048184,160,-0.002541,0.013796,0.051503,0.014406,0.003579,0.014506,0.002824,0.022736,0.014797,0.020621,5,0.023162
reversal_5d,2021-06-18,-0.000691,160,0.011428,0.040482,-0.003322,0.015284,0.020854,0.029121,0.022749,0.020614,0.004686,0.022477,5,0.011049
reversal_5d,2021-06-21,-0.031888,160,0.020015,0.016421,0.013767,0.027305,0.012206,0.011355,0.021811,0.036819,0.007349,0.021399,5,0.001385
reversal_5d,2021-06-22,-0.026154,160,0.0242,0.025447,0.02371,0.039729,0.006655,0.018672,0.021637,0.022743,0.02552,0.023591,5,-0.000608
reversal_5d,2021-06-23,0.065534,160,0.044487,0.036435,0.037463,0.056645,0.044098,0.047549,0.056826,0.048336,0.036419,0.054369,5,0.009882
reversal_5d,2021-06-24,0.012997,160,0.037605,0.032992,0.036364,0.031011,0.028625,0.039469,0.03982,0.02278,0.037689,0.039471,5,0.001866
reversal_5d,2021-06-25,0.080766,160,0.008815,0.015806,0.009802,0.010297,0.009579,0.01868,0.023605,0.026156,0.022411,0.007963,5,-0.000852
reversal_5d,2021-06-28,0.159238,160,-0.021339,-0.028014,-0.023159,-0.002615,-0.026315,-0.019541,0.001599,0.007999,-0.008328,-0.016386,5,0.004954
reversal_5d,2021-06-29,0.116767,160,-0.021339,-0.055358,-0.019053,-0.009266,-0.027545,-0.024815,-0.018999,-0.013774,-0.023711,-0.028756,5,-0.007417
reversal_5d,2021-06-30,0.080101,160,-0.043484,-0.041913,-0.034119,-0.029447,-0.025521,-0.029246,-0.024327,-0.023892,-0.024537,-0.037931,5,0.005554
reversal_5d,2021-07-01,0.037144,160,-0.038892,-0.074873,-0.029353,-0.035103,-0.046982,-0.033082,-0.0303,-0.038834,-0.045925,-0.050683,5,-0.011791
reversal_5d,2021-07-02,-0.14417,160,-0.009118,-0.031342,-0.044008,-0.017146,-0.049588,-0.034665,-0.032474,-0.054123,-0.037747,-0.036099,5,-0.026981
reversal_5d,2021-07-05,-0.1894,160,0.020672,0.004347,0.007184,-0.007078,0.008325,-0.019679,-0.002623,-0.008055,0.005504,-0.012602,5,-0.033274
reversal_5d,2021-07-06,-0.152203,160,0.027348,0.013421,0.024157,0.010014,0.015969,0.009599,0.024495,0.017413,0.01339,-0.004195,5,-0.031543
reversal_5d,2021-07-07,-0.091252,160,0.026228,0.039746,0.035197,0.016807,0.005824,0.022695,0.039481,0.048261,0.014959,0.004118,5,-0.02211
reversal_5d,2021-07-08,0.07461,160,0.02166,0.027962,0.017993,0.035991,0.027806,0.046639,0.045139,0.035857,0.009089,0.040059,5,0.018399
reversal_5d,2021-07-09,0.05571,160,0.000668,0.002142,0.028602,0.014104,0.009184,0.018787,0.026071,-0.005455,0.015786,0.017595,5,0.016927
reversal_5d,2021-07-12,0.043988,160,0.002456,0.009531,0.012488,0.005785,-0.003537,0.002361,0.025605,0.009972,0.00399,0.014884,5,0.012428
reversal_5d,2021-07-13,-0.04642,160,-0.022288,-0.003641,-0.010283,0.002691,-0.015912,-0.01132,-0.006822,-0.016023,-0.018596,-0.019456,5,0.002832
reversal_5d,2021-07-14,-0.05012,160,-0.039329,-0.012322,-0.018118,-0.015946,-0.026275,-0.053296,-0.022887,-0.019831,-0.028652,-0.031199,5,0.00813
reversal_5d,2021-07-15,0.01791,160,-0.017476,-0.018714,-0.011509,-0.019069,-0.007294,-0.00855,-0.023252,-0.03072,-0.00792,-0.016772,5,0.000704
reversal_5d,2021-07-16,0.057767,160,0.001965,-0.002773,-0.00912,-0.005736,-0.011494,0.000377,-0.010232,-0.00132,0.003615,0.002324,5,0.000358
reversal_5d,2021-07-19,0.11077,160,-0.015602,-0.02437,0.018095,0.001004,-0.003784,-0.009657,-0.002128,-0.013464,-0.011306,0.015627,5,0.031229
reversal_5d,2021-07-20,0.007805,160,0.017548,0.020791,0.034748,0.005607,0.030785,0.02116,0.019336,0.046316,0.013581,0.012986,5,-0.004563
reversal_5d,2021-07-21,-0.025085,160,0.035977,0.033752,0.017757,0.022954,0.026274,0.039228,0.013869,0.044812,0.028417,0.012672,5,-0.023305
reversal_5d,2021-07-22,-0.020884,160,0.02434,0.033805,0.024982,0.019525,0.018132,0.031781,0.025599,0.01817,0.034401,0.020783,5,-0.003557
reversal_5d,2021-07-23,0.022908,160,0.027414,0.03369,0.034934,0.040394,0.042338,0.027175,0.026313,0.028471,0.029822,0.047975,5,0.020561
reversal_5d,2021-07-26,0.028929,160,-0.004757,0.006921,0.044715,0.000466,0.009065,9.9e-05,0.003215,0.015833,0.020308,0.011952,5,0.016709
reversal_5d,2021-07-27,0.005186,160,-0.012117,0.011245,-0.014085,-0.004765,-0.011515,-0.010894,-0.020347,0.002786,-0.000643,-0.000434,5,0.011682
reversal_5d,2021-07-28,-0.005898,160,-0.018152,-0.002401,-0.020325,-0.013482,-0.006418,-0.025369,-0.006584,-0.019355,-0.017456,-0.011657,5,0.006495
reversal_5d,2021-07-29,-0.016741,160,-0.02078,-0.01726,-0.010781,-0.023867,-0.027106,-0.018625,-0.034259,-0.00787,-0.027894,-0.009667,5,0.011113
reversal_5d,2021-07-30,-0.036048,160,-0.016596,-0.003031,0.003798,-0.03109,-0.034123,-0.0017,-0.007864,-0.025851,-0.015484,-0.006784,5,0.009812
reversal_5d,2021-08-02,-0.072269,160,-0.016347,-0.014781,-0.004991,-0.017697,-0.012296,-0.043124,-0.005649,-0.02115,-0.008335,-0.032404,5,-0.016057
reversal_5d,2021-08-03,-0.130537,160,-0.023924,0.006207,-0.001565,-0.023439,-0.015454,-0.015527,-0.027637,-0.026854,-0.012181,-0.029006,5,-0.005083
reversal_5d,2021-08-04,-0.069369,160,-0.047539,-0.025867,-0.03183,-0.03546,-0.03658,-0.033378,-0.039504,-0.0405,-0.042067,-0.047981,5,-0.000443
reversal_5d,2021-08-05,-0.011353,160,-0.028434,-0.021244,-0.017412,-0.028095,-0.034068,-0.019948,-0.021036,-0.020824,-0.019723,-0.043242,5,-0.014808
reversal_5d,2021-08-06,0.113679,160,-0.038868,-0.037066,-0.018091,-0.037979,-0.034338,-0.020071,-0.022183,-0.021355,-0.019482,-0.034933,5,0.003935
reversal_5d,2021-08-09,-0.008133,160,-0.012958,-0.000384,-0.024489,0.007126,-0.027796,-0.016924,-0.013699,-0.004444,-0.014092,-0.006291,5,0.006667
reversal_5d,2021-08-10,-0.091682,160,0.017849,0.021526,0.019736,0.005214,0.020868,0.015465,-0.003481,0.015708,0.023124,0.003494,5,-0.014356
reversal_5d,2021-08-11,0.022776,160,0.052653,0.049481,0.051205,0.049787,0.037491,0.017578,0.04243,0.046269,0.070643,0.047554,5,-0.005099
reversal_5d,2021-08-12,-0.005318,160,0.026224,0.03999,0.017112,0.026695,0.032386,0.035195,0.020596,0.036032,0.020347,0.023434,5,-0.00279
reversal_5d,2021-08-13,-0.040762,160,0.038662,0.035239,0.061505,0.042713,0.061631,0.080478,0.038743,0.053479,0.033867,0.035055,5,-0.003607
reversal_5d,2021-08-16,0.02754,160,0.033453,0.030621,0.035111,0.016581,0.030521,0.038033,0.082726,0.046516,0.029071,0.017558,5,-0.015895
reversal_5d,2021-08-17,-0.00847,160,0.030568,0.015854,0.016381,0.007034,0.032525,0.019081,0.016613,0.030748,0.012567,0.01878,5,-0.011788
reversal_5d,2021-08-18,-0.135793,160,0.025141,0.014476,0.016243,0.023463,0.019817,0.023177,-0.000979,0.02406,0.009037,-0.003599,5,-0.02874
reversal_5d,2021-08-19,-0.098767,160,0.024327,0.016523,0.021855,0.020516,0.017328,0.020311,0.024248,-0.000324,0.028127,0.005358,5,-0.018969
reversal_5d,2021-08-20,-0.029333,160,0.00596,0.010685,-0.003449,-0.000182,0.019366,0.012692,-0.001198,0.003834,0.002185,0.004775,5,-0.001185
reversal_5d,2021-08-23,0.017303,160,0.002684,0.009951,0.025642,0.016526,0.044004,0.006739,0.018895,0.014744,0.018013,0.010032,5,0.007349
reversal_5d,2021-08-24,0.091293,160,0.00344,0.008177,0.01424,0.039503,-0.001167,0.033412,0.007038,0.024077,0.021328,0.018198,5,0.014757
reversal_5d,2021-08-25,-0.016205,160,0.021668,-0.011608,0.009087,0.015403,0.014484,-0.006877,0.015931,0.02878,-0.001773,-0.002212,5,-0.02388
reversal_5d,2021-08-26,-0.095054,160,0.036288,0.030259,0.033836,0.037742,0.049715,0.016575,0.030816,0.025948,0.032911,0.017729,5,-0.018559
reversal_5d,2021-08-27,-0.090402,160,0.029187,0.010399,0.009463,-0.001854,0.038331,0.012262,0.024885,0.007791,0.004891,0.00633,5,-0.022857
reversal_5d,2021-08-30,-0.030989,160,-0.007271,-0.009727,0.004122,-0.003161,-0.00538,0.003861,-0.009816,-0.006449,0.008818,-0.01796,5,-0.010689
reversal_5d,2021-08-31,-0.09083,160,-0.000772,0.015548,0.005724,0.011371,0.004228,0.015533,0.009843,-0.014776,0.006403,0.005518,5,0.00629
reversal_5d,2021-09-01,-0.045761,160,0.021183,0.000537,-0.000225,0.00899,-0.00172,0.009202,0.021755,-0.012976,-0.000474,0.012489,5,-0.008693
reversal_5d,2021-09-02,0.030496,160,-0.003583,0.003518,-0.015274,-0.015719,-0.009825,0.00391,-0.008068,-0.016342,-0.018567,0.01429,5,0.017873
reversal_5d,2021-09-03,-0.058725,160,0.023551,0.007716,0.021183,0.024079,0.004646,0.039169,0.014602,0.004036,0.00889,0.01169,5,-0.01186
reversal_5d,2021-09-06,0.00479,160,0.040301,0.048692,0.036471,0.038753,0.045742,0.058054,0.02898,0.057427,0.044842,0.034413,5,-0.005887
reversal_5d,2021-09-07,0.076899,160,0.035261,0.03435,0.012336,0.02997,0.024404,0.045497,0.029141,0.029005,0.048347,0.036702,5,0.001441
reversal_5d,2021-09-08,0.124089,160,0.047486,0.021105,0.039517,0.045329,0.035032,0.044874,0.060537,0.048819,0.035549,0.050259,5,0.002773
reversal_5d,2021-09-09,0.066694,160,0.024271,0.029372,0.035352,0.032654,0.046385,0.027482,0.037108,0.030532,0.023999,0.043961,5,0.01969
reversal_5d,2021-09-10,0.063799,160,0.01661,0.003104,0.016152,0.021466,0.024612,0.029385,0.038143,0.028356,0.032531,2e-06,5,-0.016608
reversal_5d,2021-09-13,0.069756,160,0.023275,0.023709,0.01026,0.009121,0.023097,0.022495,0.034392,0.033748,0.023011,0.019053,5,-0.004221
reversal_5d,2021-09-14,0.004764,160,0.016328,0.023393,0.031311,0.022944,0.015816,0.015394,0.030812,0.036989,0.016282,0.017243,5,0.000914
reversal_5d,2021-09-15,0.041817,160,0.008471,0.02204,0.022193,-0.000909,0.000499,0.021444,0.03006,-0.003718,0.016302,0.020047,5,0.011576
reversal_5d,2021-09-16,-0.045148,160,-0.003773,-0.018473,-0.020129,-0.001029,-0.00178,-0.000162,-0.024651,-0.021936,-0.005908,-0.015927,5,-0.012154
reversal_5d,2021-09-17,-0.040162,160,0.016396,-0.027542,-0.022787,-0.012163,-0.018851,-0.007288,-0.003797,-0.01826,-0.019044,-0.005795,5,-0.022192
reversal_5d,2021-09-20,0.015581,160,-0.015636,-0.026198,-0.017599,-0.025751,-0.02785,-0.034164,-0.026072,-0.024609,-0.017441,-0.017522,5,-0.001886
reversal_5d,2021-09-21,-0.084255,160,-0.027001,-0.011484,-0.034911,-0.031447,-0.047312,-0.036316,-0.030689,-0.024873,-0.043639,-0.029582,5,-0.002581
reversal_5d,2021-09-22,-0.032758,160,-0.009802,-0.018669,-0.022464,-0.024761,-0.037038,-0.028808,-0.023777,-0.027297,-0.01701,-0.017077,5,-0.007275
reversal_5d,2021-09-23,-0.094638,160,0.038381,0.026975,0.006996,0.000779,0.006552,0.001464,0.018965,0.017539,0.013809,0.008235,5,-0.030146
reversal_5d,2021-09-24,0.057553,160,0.019941,0.017077,0.001225,0.010733,0.005171,0.016288,0.006628,0.005362,0.025303,0.023866,5,0.003925
reversal_5d,2021-09-27,-0.110222,160,0.014585,0.008624,0.003052,-0.017299,-0.00205,0.010493,-0.009302,0.004056,-0.000892,-0.009623,5,-0.024208
reversal_5d,2021-09-28,0.033107,160,-0.010875,-0.001428,-0.012744,-0.022632,-0.013988,-0.006007,-0.021987,-0.00207,-0.004761,-0.007484,5,0.003391
reversal_5d,2021-09-29,0.028117,160,-0.011765,-0.015453,-0.015215,-0.017072,-0.018218,-0.008199,-0.027412,0.008621,-0.029784,-0.001751,5,0.010014
reversal_5d,2021-09-30,-0.003853,160,-0.006763,-0.015899,-0.027237,-0.030886,-0.0143,-0.005314,-0.024721,-0.009368,-0.011187,-0.024625,5,-0.017863
reversal_5d,2021-10-01,0.043065,160,-0.028445,-0.01991,-0.020873,-0.027874,-0.015917,-0.023605,-0.016296,-0.009097,-0.016046,-0.029093,5,-0.000648
reversal_5d,2021-10-04,-0.034621,160,-0.013927,0.002672,-0.009043,-0.012522,-0.00457,-0.001697,-0.002125,-0.007785,-0.013825,-0.012822,5,0.001105
reversal_5d,2021-10-05,0.045204,160,0.005297,0.00858,0.00195,0.018344,0.001893,0.000186,0.025732,0.016742,0.02169,-0.005595,5,-0.010892
reversal_5d,2021-10-06,0.049792,160,0.005317,-0.001263,0.008907,0.019644,0.006971,0.011228,0.012496,0.00714,0.025748,0.001987,5,-0.00333
reversal_5d,2021-10-07,-0.015173,160,0.007626,0.011383,0.010449,0.016809,0.014058,0.009918,0.009062,0.006245,0.017108,0.006195,5,-0.001431
reversal_5d,2021-10-08,0.014497,160,-0.008134,0.016422,0.012066,0.039017,0.004054,0.012616,-0.000814,0.010572,0.013295,0.014343,5,0.022476
reversal_5d,2021-10-11,-0.083962,160,0.016466,0.028493,0.011382,0.013649,0.02807,0.015342,0.027861,0.027157,0.005293,0.008365,5,-0.008101
reversal_5d,2021-10-12,-0.0296,160,0.020274,0.003353,-0.002562,0.025217,0.011732,0.011943,0.012358,0.006602,0.009331,0.008335,5,-0.011939
reversal_5d,2021-10-13,0.077953,160,0.000809,0.013631,0.026515,0.007623,0.020198,0.006669,0.021718,0.026189,0.006524,0.018458,5,0.017648
reversal_5d,2021-10-14,0.123166,160,0.014101,0.001463,0.012885,0.029047,0.019948,0.019117,0.014679,0.026452,0.0235,0.022251,5,0.00815
reversal_5d,2021-10-15,0.100126,160,0.000951,0.009595,0.036377,0.011732,0.035575,0.009768,0.018533,0.04271,0.007109,0.024512,5,0.023561
reversal_5d,2021-10-18,0.063837,160,0.003983,0.000356,0.000989,0.007519,0.005071,0.019802,-0.003667,0.01033,0.016107,0.01442,5,0.010437
reversal_5d,2021-10-19,-0.015071,160,0.016592,0.018251,0.007592,0.001985,0.032681,0.020684,0.003515,0.004892,0.023668,0.014104,5,-0.002487
reversal_5d,2021-10-20,-0.091659,160,0.025272,0.019604,0.028519,-0.00195,0.02155,0.006162,0.002535,0.030336,0.019404,-0.004106,5,-0.029378
reversal_5d,2021-10-21,-0.037138,160,-0.00229,0.001001,-0.009055,-0.007844,0.00179,0.018203,0.007884,-0.001607,-0.02733,-0.001508,5,0.000782
reversal_5d,2021-10-22,-0.06755,160,-0.000997,0.001645,0.005804,-0.015096,-0.007382,0.011026,0.000585,-0.008346,-0.009313,-0.010026,5,-0.009029
reversal_5d,2021-10-25,-0.040759,160,0.012822,0.00113,0.005911,0.000797,0.006555,-0.003642,0.001108,0.011353,0.002295,0.00068,5,-0.012142
reversal_5d,2021-10-26,0.008672,160,-0.010559,-0.005993,-0.011673,0.004072,-0.005744,0.006725,-0.003986,-0.007096,-0.001051,-0.008366,5,0.002193
reversal_5d,2021-10-27,0.017289,160,-0.021374,-0.013628,-0.012053,-0.005443,-0.034695,-0.027383,-0.021987,-0.015871,0.004682,-0.021666,5,-0.000293
reversal_5d,2021-10-28,-0.015554,160,-0.028621,0.001438,-0.000888,-0.039472,-0.019701,-0.018064,-0.027755,-0.019226,-0.025875,-0.013441,5,0.015181
reversal_5d,2021-10-29,0.01738,160,-0.011017,-0.039557,-0.045744,-0.035722,-0.031618,-0.02201,-0.038286,-0.02119,-0.024568,-0.033868,5,-0.022852
reversal_5d,2021-11-01,0.041483,160,-0.04972,-0.035675,-0.050259,-0.054378,-0.067771,-0.038159,-0.039667,-0.051766,-0.052366,-0.04015,5,0.00957
reversal_5d,2021-11-02,-0.027241,160,-0.033018,-0.046405,-0.051216,-0.072681,-0.039454,-0.065853,-0.054751,-0.059,-0.035709,-0.053338,5,-0.02032
reversal_5d,2021-11-03,-0.027763,160,-0.040623,-0.049121,-0.055197,-0.064085,-0.044272,-0.050645,-0.045782,-0.042325,-0.058891,-0.05615,5,-0.015526
reversal_5d,2021-11-04,-0.043478,160,-0.034114,-0.052312,-0.031808,-0.050178,-0.033597,-0.041774,-0.035244,-0.0411,-0.045549,-0.047447,5,-0.013333
reversal_5d,2021-11-05,0.046443,160,-0.031931,-0.029911,-0.022619,-0.045162,-0.016733,-0.032247,-0.02887,-0.033523,-0.017379,-0.036977,5,-0.005046
reversal_5d,2021-11-08,0.10709,160,-0.026416,-0.025405,-0.015786,-0.005808,-0.01779,-0.027842,-0.019295,-0.00998,0.004164,-0.022245,5,0.004171
reversal_5d,2021-11-09,-0.00939,160,-0.015737,-0.020874,-0.001313,-0.020065,-0.030275,-0.006662,-0.014962,-0.017589,-0.006754,-0.019282,5,-0.003545
reversal_5d,2021-11-10,-0.020863,160,-0.020198,-0.023562,-0.017285,-0.012046,-0.014882,-0.023179,-0.018936,-0.012807,-0.02088,-0.023643,5,-0.003445
reversal_5d,2021-11-11,-0.064579,160,-0.026443,-0.019394,-0.023167,-0.030283,-0.032507,-0.018963,-0.027256,-0.023482,-0.050825,-0.013841,5,0.012602
reversal_5d,2021-11-12,0.047463,160,-0.027856,-0.035653,-0.033316,-0.016328,-0.024481,-0.029114,-0.033326,-0.030388,-0.033537,-0.011959,5,0.015897
reversal_5d,2021-11-15,0.002033,160,-0.038879,-0.021613,-0.027784,-0.022658,-0.02184,-0.028027,-0.018186,-0.025539,-0.045523,-0.020154,5,0.018724
reversal_5d,2021-11-16,-0.034487,160,-0.021918,0.022958,-0.014735,-0.013716,-0.008072,-0.012081,-0.008916,0.0094,-0.010083,-0.0223,5,-0.000382
reversal_5d,2021-11-17,-0.036013,160,0.013296,0.032602,-0.001457,0.013517,0.02023,0.004054,0.031841,0.006834,0.008803,0.016755,5,0.003458
reversal_5d,2021-11-18,-0.12701,160,0.051906,0.049858,0.049687,0.051219,0.034273,0.030182,0.046684,0.024899,0.03978,0.041587,5,-0.010319
reversal_5d,2021-11-19,-0.07367,160,0.068621,0.062028,0.073757,0.055581,0.06879,0.063646,0.066862,0.036217,0.046573,0.073256,5,0.004635
reversal_5d,2021-11-22,-0.116296,160,0.056021,0.060664,0.045955,0.047984,0.046474,0.064782,0.024965,0.053854,0.040219,0.047501,5,-0.00852
reversal_5d,2021-11-23,-0.102282,160,0.052627,0.053773,0.039581,0.04569,0.025028,0.050122,0.027645,0.041253,0.04657,0.03475,5,-0.017877
reversal_5d,2021-11-24,-0.069296,160,0.026129,0.053741,0.033076,0.029111,0.021209,0.053978,0.033334,0.027793,0.032566,0.030615,5,0.004487
reversal_5d,2021-11-25,-0.063193,160,0.007455,0.027927,0.037178,0.024373,0.0238,0.012887,0.024449,0.033442,0.021126,0.002795,5,-0.00466
reversal_5d,2021-11-26,0.018414,160,0.004818,0.044275,0.02576,0.008512,0.026332,0.035856,0.012915,0.023281,0.029766,0.020593,5,0.015774
reversal_5d,2021-11-29,0.048983,160,0.056037,0.049216,0.061371,0.067033,0.061685,0.050381,0.056108,0.062274,0.067089,0.062755,5,0.006718
reversal_5d,2021-11-30,-0.0592,160,0.063477,0.062078,0.07004,0.054867,0.059841,0.070208,0.076478,0.072524,0.055413,0.050998,5,-0.012479
reversal_5d,2021-12-01,-0.076682,160,0.072409,0.065433,0.059818,0.06463,0.055175,0.062121,0.072885,0.06682,0.056576,0.049464,5,-0.022945
reversal_5d,2021-12-02,-0.043367,160,0.070149,0.033952,0.047414,0.048747,0.037936,0.053218,0.043177,0.061226,0.054619,0.041788,5,-0.028361
reversal_5d,2021-12-03,-0.024889,160,0.015332,0.02992,0.014715,0.004234,0.012683,0.014861,0.029672,0.02132,0.007752,0.017373,5,0.002041
reversal_5d,2021-12-06,0.045963,160,-0.007109,0.006277,0.004172,-0.000933,-0.009163,0.009968,0.004141,-0.004487,-0.000527,0.0092,5,0.01631
reversal_5d,2021-12-07,-0.13386,160,-0.011619,-0.007161,0.010712,-0.004202,-0.00465,-0.01486,-0.018622,-0.014674,-0.009954,-0.017002,5,-0.005384
reversal_5d,2021-12-08,-0.048816,160,-0.030817,-0.032664,-0.015763,-0.016891,-0.026877,-0.036253,-0.034004,-0.036089,-0.012985,-0.039485,5,-0.008668
reversal_5d,2021-12-09,0.033564,160,-0.026333,-0.012712,-0.01093,-0.044434,-0.013337,-0.01818,-0.023176,-0.025862,-0.0047,-0.028184,5,-0.001851
reversal_5d,2021-12-10,0.083036,160,-0.009036,-0.001273,0.000306,-0.017269,-0.01637,-0.018969,-0.000298,0.001143,0.000645,-0.000825,5,0.008211
reversal_5d,2021-12-13,0.127153,160,-0.003522,0.000718,-0.019018,0.002486,-0.011282,-0.021229,0.011094,-0.010893,0.014564,0.000126,5,0.003648
reversal_5d,2021-12-14,0.011816,160,-0.012663,-7.1e-05,-0.019655,0.020741,0.000908,-0.011637,-0.000293,-0.000483,-0.001604,-0.009874,5,0.002789
reversal_5d,2021-12-15,-0.000691,160,-0.002919,0.003288,0.014066,0.025075,0.01197,0.00921,0.011794,-0.006971,0.018058,0.008385,5,0.011304
reversal_5d,2021-12-16,-0.039128,160,0.019545,0.018738,0.001313,0.013688,0.002112,0.018318,0.009233,0.018365,0.007397,0.013699,5,-0.005846
reversal_5d,2021-12-17,0.064828,160,0.016065,0.012417,0.010967,0.018838,0.001459,0.002546,0.002906,0.010036,0.027593,0.026489,5,0.010424
reversal_5d,2021-12-20,0.117599,160,-0.016597,-0.012688,-0.011454,-0.007931,-0.008899,-0.007268,-0.016241,0.003757,-0.001041,-0.003736,5,0.012861
reversal_5d,2021-12-21,0.0931,160,-0.001624,-0.003866,0.00622,-0.007784,-0.01878,0.001227,-0.001552,-0.006063,0.00982,0.006846,5,0.00847
reversal_5d,2021-12-22,0.103677,160,0.02891,0.015221,0.012246,0.008896,-0.000446,0.013068,0.009939,0.03052,0.014782,0.041292,5,0.012382
reversal_5d,2021-12-23,0.075478,160,0.012518,0.042269,0.011508,0.016411,0.034979,0.027553,0.035869,0.025861,0.016477,0.032245,5,0.019727
reversal_5d,2021-12-24,0.045887,160,0.00789,-0.002288,0.010198,0.025873,0.00493,0.000243,0.00856,0.024509,0.009348,0.001067,5,-0.006823
reversal_5d,2021-12-27,0.067072,160,0.011818,0.012903,0.030393,0.019913,0.002889,0.019486,0.02282,0.032929,0.018283,0.024046,5,0.012228
reversal_5d,2021-12-28,0.14959,160,-0.013107,-0.024606,-0.01475,-0.008453,-0.003731,0.009166,0.01816,0.00215,-0.009735,0.000514,5,0.013621
reversal_5d,2021-12-29,-0.016184,160,-0.047916,-0.036656,-0.049574,-0.023688,-0.042929,-0.02896,-0.024174,-0.046504,-0.03232,-0.053544,5,-0.005628
reversal_5d,2021-12-30,0.046244,160,-0.048941,-0.039663,-0.041604,-0.029643,-0.055726,-0.042148,-0.033918,-0.038114,-0.038668,-0.036469,5,0.012472
reversal_5d,2021-12-31,0.062077,160,-0.025265,-0.032363,-0.03879,-0.025614,-0.035084,-0.016636,-0.031007,-0.029179,-0.025834,-0.024306,5,0.000959
reversal_5d,2022-01-03,0.025756,160,-0.037325,-0.017907,-0.032548,-0.050484,-0.029142,-0.028289,-0.036479,-0.030224,-0.026026,-0.032614,5,0.004711
reversal_5d,2022-01-04,-0.040616,160,-0.024692,-0.022039,-0.039844,-0.037823,-0.04103,-0.057154,-0.042722,-0.014728,-0.036509,-0.033278,5,-0.008585
reversal_5d,2022-01-05,0.042148,160,-0.012718,-0.026713,-0.037994,-0.044977,-0.042214,-0.022057,-0.035978,-0.010424,-0.024424,-0.020932,5,-0.008214
reversal_5d,2022-01-06,-0.037748,160,-0.026919,-0.025713,-0.029931,-0.038734,-0.022486,-0.037672,-0.033849,-0.033757,-0.038372,-0.025697,5,0.001222
reversal_5d,2022-01-07,0.016313,160,-0.031269,-0.040799,-0.024853,-0.029698,-0.023366,-0.03291,-0.036252,-0.030739,-0.018525,-0.039879,5,-0.00861
reversal_5d,2022-01-10,0.03098,160,-0.027493,-0.016561,-0.014452,-0.017556,-0.010832,-0.006431,-0.019869,-0.012466,-0.016513,-0.025422,5,0.002071
reversal_5d,2022-01-11,0.16048,160,-0.006865,0.01389,0.011176,0.016294,0.01918,0.03077,0.024173,0.032513,0.012599,0.013968,5,0.020833
reversal_5d,2022-01-12,0.189409,160,0.005724,0.021282,0.020487,0.021197,0.00839,0.020335,0.028772,0.03421,0.035164,0.027401,5,0.021677
reversal_5d,2022-01-13,0.079822,160,0.0103,0.016154,0.013111,0.038577,0.028546,0.012983,0.027205,0.030449,0.022829,0.025365,5,0.015065
reversal_5d,2022-01-14,0.175794,160,-0.002382,0.015686,0.012726,0.033813,0.013597,0.030897,0.005261,0.016003,0.032246,0.039187,5,0.041569
reversal_5d,2022-01-17,0.113752,160,-0.005232,-0.004507,0.003411,0.022757,0.004899,0.012741,-0.001974,0.023518,0.02034,0.004447,5,0.009679
reversal_5d,2022-01-18,-0.018472,160,-0.009697,-0.008251,-0.007951,0.003457,-0.017823,-0.001627,0.000789,-0.014796,-0.001651,-0.017746,5,-0.00805
reversal_5d,2022-01-19,-0.066246,160,0.008646,0.004187,0.022224,0.003867,0.014145,0.012927,0.000445,-0.008069,0.002568,0.010404,5,0.001758
reversal_5d,2022-01-20,-0.005883,160,-0.009131,0.015715,-0.018446,-0.01419,0.001122,-0.002694,-0.005237,0.002689,0.004001,-0.017742,5,-0.008612
reversal_5d,2022-01-21,-0.062537,160,-0.00123,0.019862,0.004519,0.010931,-0.000919,0.009251,0.001853,0.008817,0.01325,-0.000124,5,0.001106
reversal_5d,2022-01-24,-0.079588,160,0.039977,0.014172,0.02606,0.013504,0.026093,0.036883,0.014404,0.019091,0.011977,0.017849,5,-0.022128
reversal_5d,2022-01-25,-0.02043,160,0.024911,0.021621,0.021068,0.042266,0.001627,0.031329,0.014395,0.018598,0.027383,0.018338,5,-0.006572
reversal_5d,2022-01-26,-0.060694,160,0.020616,0.011595,0.014699,0.006898,0.017841,-0.001867,0.039221,0.020701,-0.013124,0.009983,5,-0.010633
reversal_5d,2022-01-27,-0.085852,160,0.016049,0.015046,0.010257,0.012261,0.000497,0.019632,0.016942,-0.017262,0.017376,-0.000203,5,-0.016252
reversal_5d,2022-01-28,-0.08819,160,0.028573,0.019274,0.033563,0.027501,0.018549,0.006449,0.012839,0.025629,0.017863,0.020208,5,-0.008365
reversal_5d,2022-01-31,-0.138506,160,0.030119,0.040336,0.01116,0.027633,0.013194,0.01344,0.025505,0.012009,0.018301,0.01605,5,-0.014069
reversal_5d,2022-02-01,-0.0758,160,0.020671,0.029426,0.037672,0.005124,0.042126,0.018001,0.017279,0.020598,0.01953,0.019731,5,-0.00094
reversal_5d,2022-02-02,0.015765,160,0.022907,0.023782,0.009196,0.01462,0.040345,0.023813,0.018023,0.019908,0.041147,0.012595,5,-0.010312
reversal_5d,2022-02-03,0.044442,160,0.049028,0.029594,0.040174,0.035343,0.02952,0.045443,0.035303,0.029968,0.045956,0.049762,5,0.000734
reversal_5d,2022-02-04,0.038975,160,0.0098,0.007685,0.00467,0.005089,0.02244,-0.00506,0.014555,0.012017,0.02985,0.002715,5,-0.007084
reversal_5d,2022-02-07,-0.069536,160,-0.003712,0.017547,0.004456,0.007872,-0.00933,0.01828,-0.01261,-0.001781,0.005524,0.001874,5,0.005586
reversal_5d,2022-02-08,-0.105262,160,-0.005924,0.003002,-0.002541,0.004685,-0.003876,0.00238,0.002913,0.00458,-0.002362,-0.026285,5,-0.020362
reversal_5d,2022-02-09,-0.034012,160,-0.009203,0.0083,0.018797,-0.008658,0.003381,-0.004295,-0.001011,0.00987,0.001418,-0.016076,5,-0.006872
reversal_5d,2022-02-10,-0.127054,160,-0.012693,-0.001719,-0.002505,-0.003119,-0.00111,-0.021429,-0.01193,-0.006334,-0.024913,-0.024957,5,-0.012264
reversal_5d,2022-02-11,0.019855,160,-0.009786,0.028534,0.007151,0.005429,0.003777,-0.011211,0.02043,0.003902,0.015603,-0.004026,5,0.005759
reversal_5d,2022-02-14,0.08582,160,-0.014336,0.003893,0.004487,-0.014055,-0.013254,0.008857,0.015735,0.01293,-0.007441,-0.002681,5,0.011655
reversal_5d,2022-02-15,0.112159,160,0.018162,-0.000685,-0.013222,-0.021008,0.01181,0.016598,0.016904,0.005613,0.018574,0.007776,5,-0.010386
reversal_5d,2022-02-16,0.190162,160,0.017138,0.016915,0.033088,0.02453,0.020545,0.041935,0.0128,0.043533,0.054689,0.032084,5,0.014947
reversal_5d,2022-02-17,0.09339,160,0.034914,0.04825,0.039248,0.037377,0.045246,0.029194,0.041049,0.049042,0.057804,0.049953,5,0.01504
reversal_5d,2022-02-18,0.01924,160,0.029347,0.04068,0.051279,0.021907,0.042745,0.033849,0.043173,0.017338,0.050956,0.03819,5,0.008843
reversal_5d,2022-02-21,0.014388,160,0.045462,0.035167,0.029891,0.045287,0.029397,0.047358,0.039632,0.049214,0.04059,0.033631,5,-0.011831
reversal_5d,2022-02-22,0.034888,160,0.035565,0.028503,0.008864,0.021493,0.026898,0.024229,0.047307,0.033691,0.020838,0.028241,5,-0.007324
reversal_5d,2022-02-23,0.004225,160,0.015961,0.022318,0.011424,-0.002788,0.010442,0.002824,-0.002302,0.022871,0.007403,0.020008,5,0.004048
reversal_5d,2022-02-24,0.0804,160,0.027307,0.018272,0.023673,0.013267,0.001321,0.027133,0.004335,0.022389,0.034629,0.028738,5,0.001431
reversal_5d,2022-02-25,-0.008007,160,0.01614,0.017395,0.007696,0.026189,0.019358,0.023092,0.010569,0.006987,0.027168,0.013025,5,-0.003115
reversal_5d,2022-02-28,-0.021326,160,0.034197,0.023544,0.030682,0.042133,0.031546,0.033381,0.035806,0.032504,0.024321,0.03781,5,0.003613
reversal_5d,2022-03-01,0.035187,160,0.043537,0.055087,0.040047,0.044647,0.026075,0.037068,0.052974,0.055175,0.05216,0.041637,5,-0.0019
reversal_5d,2022-03-02,0.030663,160,0.021854,0.015529,0.011895,0.020429,0.011788,0.014087,0.016756,0.016585,0.023385,0.025363,5,0.003509
reversal_5d,2022-03-03,-0.00528,160,0.003273,0.013228,-0.006074,-0.007211,-0.01338,-0.015658,0.01463,-0.012806,0.002985,0.00722,5,0.003947
reversal_5d,2022-03-04,-0.087238,160,-0.001931,-0.008793,-0.005458,0.002716,-0.013582,-0.020349,-0.025214,-0.022587,-0.020714,-0.003967,5,-0.002036
reversal_5d,2022-03-07,-0.065088,160,-0.026427,-0.025516,-0.017128,-0.039528,-0.022703,-0.035753,-0.027913,-0.037675,-0.029004,-0.032744,5,-0.006317
reversal_5d,2022-03-08,-0.038512,160,-0.032707,-0.009778,-0.020249,-0.036438,-0.011514,-0.035877,-0.007078,-0.014838,-0.039208,-0.030993,5,0.001714
reversal_5d,2022-03-09,-0.063398,160,-0.012062,-0.032659,-0.011369,-0.013703,-0.013794,-0.03092,-0.031158,-0.005093,-0.019195,-0.031901,5,-0.019839
reversal_5d,2022-03-10,0.033886,160,-0.013067,-0.021838,-0.031741,-0.016632,-0.010537,-0.005461,-0.012402,-0.01094,-0.026001,-0.013207,5,-0.00014
reversal_5d,2022-03-11,0.146212,160,-0.009706,-0.014053,-0.012028,-0.008829,-0.007302,0.000496,0.013129,0.00335,0.005702,-0.003449,5,0.006257
reversal_5d,2022-03-14,0.236628,160,-0.021313,-0.028374,-0.013606,-0.017502,0.003686,-0.010082,0.009673,-0.002141,0.011507,-0.00055,5,0.020763
reversal_5d,2022-03-15,0.20946,160,-0.031033,-0.038746,-0.031905,-0.027239,-0.027989,-0.031848,-0.001332,-0.008116,-0.00187,-0.020453,5,0.01058
reversal_5d,2022-03-16,0.229178,160,-0.021273,-0.019214,-0.014899,-0.011569,-0.01362,0.002923,-0.017472,0.002339,0.011171,0.006621,5,0.027894
reversal_5d,2022-03-17,0.095714,160,-0.005951,-0.010806,-0.001102,0.002796,0.001548,-0.000408,-0.01773,0.009608,-0.002425,0.010297,5,0.016249
reversal_5d,2022-03-18,0.064746,160,0.005219,-0.031799,-0.008157,-0.007843,-0.021765,-0.014607,-0.009868,-0.010158,-0.000658,-0.009958,5,-0.015177
reversal_5d,2022-03-21,0.058447,160,-0.013217,-0.005147,-0.003429,-0.015444,-0.011497,-0.016243,-0.013788,-0.009492,-0.001495,0.003678,5,0.016895
reversal_5d,2022-03-22,0.121449,160,-0.023534,-0.002957,0.012977,-0.000795,-0.004094,0.010114,-0.002889,0.020394,-5.4e-05,0.006111,5,0.029646
reversal_5d,2022-03-23,0.088216,160,0.009776,-0.02533,0.01366,-0.003365,-0.008978,0.011324,0.008429,-0.007767,0.01953,0.005831,5,-0.003945
reversal_5d,2022-03-24,0.080136,160,-0.018508,-0.02986,-0.005915,-0.018609,0.002603,-0.018389,-0.010047,0.011353,-0.016957,-0.017495,5,0.001013
reversal_5d,2022-03-25,-0.032881,160,-0.019178,-0.008719,0.002973,-0.010943,-0.012145,-0.003581,-0.002934,-0.017546,-0.013795,-0.010663,5,0.008515
reversal_5d,2022-03-28,0.075117,160,-0.018221,-0.008205,-0.001414,-0.006478,-0.0191,-0.01612,0.001072,-0.00398,-0.015398,0.011636,5,0.029857
reversal_5d,2022-03-29,0.09066,160,-0.037692,0.000654,-0.035563,-0.011769,-0.029918,-0.026088,-0.013348,-0.006198,-0.03859,0.008127,5,0.045819
reversal_5d,2022-03-30,0.041114,160,-0.021413,-0.021891,-0.026398,-0.02657,-0.008828,-0.024071,-0.029603,-0.028922,-0.012131,-0.010015,5,0.011398
reversal_5d,2022-03-31,-0.006897,160,-0.026948,-0.010646,-0.011958,-0.014353,-0.018321,-0.013343,-0.014491,-0.015008,-0.017227,-0.024085,5,0.002863
reversal_5d,2022-04-01,-0.08318,160,0.001912,0.01179,-0.003693,-0.005001,0.016551,0.009525,0.001045,0.003611,-0.003208,-0.021631,5,-0.023543
reversal_5d,2022-04-04,-0.089573,160,0.011126,-0.011309,-0.000908,0.012159,-0.000999,0.011736,0.004783,-0.002055,-0.014201,-0.005007,5,-0.016133
reversal_5d,2022-04-05,0.038591,160,0.020415,0.018878,-0.000502,0.014949,0.0181,0.014338,0.024167,0.036225,0.010893,0.016234,5,-0.004181
reversal_5d,2022-04-06,-0.022955,160,0.029549,0.014474,0.02725,-0.004726,0.010948,0.04506,0.007367,0.030283,0.016321,0.011536,5,-0.018013
reversal_5d,2022-04-07,-0.077581,160,0.024401,0.014494,0.029,0.001325,0.006241,0.017209,0.010267,0.00015,0.010194,0.021805,5,-0.002596
reversal_5d,2022-04-08,-0.100088,160,-0.004206,-0.022016,0.002155,-0.002237,-0.016082,-0.017935,-0.00427,-0.020888,-0.028435,-0.013699,5,-0.009493
reversal_5d,2022-04-11,-0.121607,160,-0.027075,0.005675,-0.009608,-0.014915,-0.012419,-0.007548,-0.022901,-0.022999,-0.033387,-0.016374,5,0.010701
reversal_5d,2022-04-12,0.006654,160,-0.030892,-0.013227,-0.023072,-0.01239,-0.01078,-0.005628,-0.006783,-0.009409,-0.03222,-0.01852,5,0.012372
reversal_5d,2022-04-13,0.012229,160,-0.019031,-0.036335,-0.018156,-0.010603,-0.026177,-0.015965,-0.014151,-0.040704,-0.025411,-0.014352,5,0.004679
reversal_5d,2022-04-14,-0.088981,160,-0.016233,-0.012196,-0.025662,0.005044,-0.021151,-0.018804,-0.032865,-0.028753,-0.029989,-0.016902,5,-0.000669
reversal_5d,2022-04-15,-0.040006,160,-0.029266,-0.020061,-0.031543,-0.03065,-0.037595,-0.03739,-0.055919,-0.028632,-0.034678,-0.023827,5,0.005439
reversal_5d,2022-04-18,-0.083666,160,-0.019947,-0.019459,-0.038568,-0.032342,-0.029598,-0.040885,-0.029803,-0.037642,-0.029166,-0.038606,5,-0.018659
reversal_5d,2022-04-19,0.041794,160,-0.02092,-0.041719,-0.051494,-0.025918,-0.0452,-0.038597,-0.039345,-0.035138,-0.032735,-0.027811,5,-0.006891
reversal_5d,2022-04-20,0.006372,160,-0.028089,-0.021477,-0.023168,-0.031523,-0.043741,-0.025254,-0.030114,-0.016493,-0.03089,-0.03603,5,-0.00794
reversal_5d,2022-04-21,0.029998,160,-0.009552,-0.027091,-0.016132,-0.024974,-0.016236,-0.00988,-0.021058,-0.013212,-0.011942,-0.017229,5,-0.007677
reversal_5d,2022-04-22,0.027004,160,0.003877,-0.000301,-0.001821,2.7e-05,0.016612,0.008791,0.012487,0.00193,0.005821,0.000862,5,-0.003015
reversal_5d,2022-04-25,0.19083,160,-0.003096,-0.003897,0.003569,-0.003157,0.016859,-0.006209,0.025668,0.007823,0.02374,0.011157,5,0.014253
reversal_5d,2022-04-26,0.241717,160,-0.018768,0.011722,0.006668,-0.005983,0.009183,0.0208,0.027573,0.026094,0.01893,0.022395,5,0.041163
reversal_5d,2022-04-27,0.160817,160,-0.008479,-0.003199,0.001797,0.003095,-0.014549,0.028586,0.004289,0.020011,0.008336,0.005872,5,0.014351
reversal_5d,2022-04-28,0.036564,160,-0.008727,-0.034229,-0.033085,-0.039599,-0.024409,-0.023833,-0.004004,-0.015624,-0.030158,-0.01968,5,-0.010953
reversal_5d,2022-04-29,-0.034961,160,-0.004762,0.003459,-0.012128,-0.01058,-0.00831,-0.025051,-0.007064,-0.005311,-0.01909,0.006099,5,0.010861
reversal_5d,2022-05-02,-0.128941,160,-0.005988,-0.017742,-0.011499,-0.002204,-0.013328,-0.025535,-0.019414,-0.01559,-0.028338,-0.011853,5,-0.005865
reversal_5d,2022-05-03,-0.029758,160,-0.01076,-0.01853,-0.007864,-0.017338,0.013186,-0.012312,0.002204,-0.013016,-0.010457,-0.020202,5,-0.009442
reversal_5d,2022-05-04,-0.00603,160,-0.00299,0.017493,0.009198,-0.003365,0.017288,-0.002393,0.014604,0.011829,0.001273,0.003482,5,0.006472
reversal_5d,2022-05-05,0.123556,160,0.031059,0.033134,0.038936,0.035297,0.043145,0.02932,0.035856,0.035409,0.063722,0.045232,5,0.014173
reversal_5d,2022-05-06,0.097867,160,0.025265,0.042154,0.015738,0.042932,0.029578,0.051957,0.025521,0.041333,0.033073,0.052777,5,0.027512
reversal_5d,2022-05-09,0.0008,160,0.054473,0.053588,0.073759,0.084271,0.071117,0.070497,0.044437,0.07383,0.057119,0.064683,5,0.01021
reversal_5d,2022-05-10,0.088952,160,0.022468,0.05655,0.025693,0.036919,0.05494,0.024129,0.036082,0.039405,0.052292,0.052266,5,0.029798
reversal_5d,2022-05-11,-0.041574,160,0.027923,0.038084,0.021978,0.035314,0.017905,0.024401,0.038641,0.034305,0.022493,0.026087,5,-0.001836
reversal_5d,2022-05-12,-0.031299,160,0.029471,0.017066,0.014616,0.033464,0.018234,0.012387,0.013184,0.037981,0.032631,0.00821,5,-0.021261
reversal_5d,2022-05-13,-0.138383,160,0.007906,0.006362,0.021852,0.010708,0.003114,0.004514,-0.005867,0.009511,-0.004798,0.000456,5,-0.00745
reversal_5d,2022-05-16,-0.111874,160,0.01526,0.005105,0.02423,0.003748,-0.003633,-0.001084,-0.00391,0.010032,0.003686,-0.002687,5,-0.017947
reversal_5d,2022-05-17,-0.169911,160,0.00774,0.033342,0.022648,0.015891,0.013745,-0.006879,0.008127,0.004147,-0.002248,0.003265,5,-0.004475
reversal_5d,2022-05-18,-0.096206,160,0.007765,-0.004689,0.015941,-0.000203,-0.013497,0.015088,-0.001414,-0.004304,-0.027404,0.005133,5,-0.002631
reversal_5d,2022-05-19,-0.077924,160,0.001069,-0.008292,0.012862,0.014085,0.016081,0.006464,-0.000697,-0.010805,-0.017374,0.004987,5,0.003919
reversal_5d,2022-05-20,-0.120848,160,0.028092,0.033679,0.02504,0.02435,0.008388,0.01239,0.001855,0.035316,0.012132,0.018003,5,-0.010089
reversal_5d,2022-05-23,-0.063653,160,0.003646,-0.011693,-0.009312,0.008692,-0.004277,-0.010842,-0.016127,-0.007557,-0.009236,0.004366,5,0.00072
reversal_5d,2022-05-24,-0.104562,160,-0.001593,0.003889,-0.003977,-0.005654,-0.00615,-0.002344,-0.006868,-0.005577,-0.015091,-0.004592,5,-0.002999
reversal_5d,2022-05-25,-0.009996,160,0.001918,-0.006437,0.02601,0.005769,0.013503,0.017514,0.002297,1e-05,0.00527,0.006169,5,0.004251
reversal_5d,2022-05-26,0.035524,160,-0.022983,-0.013627,-0.012353,0.002464,-0.013977,-0.000531,-0.006603,-0.014625,-0.011059,-0.008104,5,0.01488
reversal_5d,2022-05-27,0.112768,160,-0.035818,-0.0304,-0.042688,-0.036524,-0.018816,-0.021968,-0.024865,-0.040407,-0.020877,-0.020051,5,0.015767
reversal_5d,2022-05-30,0.009123,160,-0.021463,-0.033434,-0.052862,-0.022179,-0.027101,-0.034494,-0.027302,-0.036509,-0.031285,-0.025381,5,-0.003918
reversal_5d,2022-05-31,0.023245,160,-0.028998,-0.023901,-0.021497,-0.029786,-0.038111,-0.032557,-0.047278,-0.022562,-0.023432,-0.013323,5,0.015675
reversal_5d,2022-06-01,-0.021809,160,-0.033277,-0.03121,-0.044688,-0.021679,-0.036812,-0.023422,-0.030412,-0.045933,-0.032449,-0.031558,5,0.001719
reversal_5d,2022-06-02,0.007562,160,-0.006169,0.009487,-0.01355,-0.00635,-0.005934,-0.025662,0.003704,-0.005414,-0.011412,-0.003747,5,0.002422
reversal_5d,2022-06-03,-0.109056,160,0.020804,0.008706,0.016305,0.016153,0.011171,0.012317,-0.003777,0.02345,0.00219,-0.002039,5,-0.022843
reversal_5d,2022-06-06,-0.102382,160,0.034568,0.026915,0.016304,0.022752,0.025964,0.015948,0.02174,0.012261,0.013701,0.019648,5,-0.014919
reversal_5d,2022-06-07,-0.020664,160,0.043759,0.018198,0.02476,0.018328,0.020753,0.02774,0.015669,0.014767,0.02382,0.036223,5,-0.007536
reversal_5d,2022-06-08,-0.051676,160,0.040845,0.032977,0.043057,0.028965,0.041728,0.037702,0.031025,0.025273,0.026651,0.038469,5,-0.002377
reversal_5d,2022-06-09,-0.05225,160,0.023186,0.014742,0.053735,0.029386,0.024181,0.012124,0.019245,-0.004935,0.022579,0.035754,5,0.012568
reversal_5d,2022-06-10,-0.030218,160,0.023695,0.026921,0.026339,0.029442,0.026567,0.019653,0.01245,0.012472,0.021636,0.0356,5,0.011906
reversal_5d,2022-06-13,-0.024689,160,0.024319,0.054904,0.033833,0.039121,0.029638,0.033993,0.049925,0.01812,0.033007,0.035567,5,0.011247
reversal_5d,2022-06-14,0.026869,160,0.034387,0.027737,0.02075,0.020444,0.023798,0.009483,0.017518,0.027112,0.041861,0.027133,5,-0.007254
reversal_5d,2022-06-15,0.022937,160,-0.009456,0.00107,-0.002727,0.003864,-0.011277,-0.013699,-0.002035,-0.013725,-0.000961,0.003718,5,0.013174
reversal_5d,2022-06-16,-0.078158,160,-0.007681,-0.004005,-0.009518,0.00016,-0.018702,-0.010884,-0.01497,-0.020677,-0.00835,-0.011529,5,-0.003848
reversal_5d,2022-06-17,-0.1,160,-0.017161,-0.018755,-0.013388,-0.012663,-0.0109,-0.016136,-0.031045,-0.032582,-0.033402,-0.009632,5,0.007528
reversal_5d,2022-06-20,0.008491,160,-0.031867,-0.034594,-0.01541,-0.019756,-0.036573,-0.020417,-0.037062,-0.036676,-0.025667,-0.02262,5,0.009247
reversal_5d,2022-06-21,0.042494,160,-0.028748,-0.017391,-0.031347,-0.012397,-0.0338,-0.029735,-0.013507,-0.012265,-0.022289,-0.027298,5,0.001451
reversal_5d,2022-06-22,0.069243,160,-0.02253,-0.00949,-0.001649,0.001646,0.008236,-0.020763,-0.007053,0.00549,-0.00149,-0.014165,5,0.008365
reversal_5d,2022-06-23,0.007424,160,0.005981,-0.012403,-0.009823,0.018442,0.003009,0.001231,-0.007429,0.016087,0.003413,-0.015505,5,-0.021486
reversal_5d,2022-06-24,0.014977,160,0.014149,-0.021314,0.006026,0.022231,0.02633,-0.005195,0.019278,0.021109,-0.003001,0.001268,5,-0.012881
reversal_5d,2022-06-27,0.06871,160,0.02038,0.01154,-0.012509,0.019552,0.020048,0.022025,0.040067,0.034122,0.010163,-0.000342,5,-0.020722
reversal_5d,2022-06-28,-0.003838,160,0.009208,0.004309,-0.011006,0.00308,-0.005318,0.020024,-0.012802,0.006055,0.000941,0.006541,5,-0.002667
reversal_5d,2022-06-29,0.125762,160,-0.016956,-0.01533,-0.018415,-0.005204,-0.008622,-0.008686,-0.009925,-0.008789,-0.013679,0.006603,5,0.023558
reversal_5d,2022-06-30,0.068267,160,-0.000568,-0.006893,-0.00014,-0.002791,-0.018487,-0.002314,0.014641,0.00348,-0.003082,0.003242,5,0.00381
reversal_5d,2022-07-01,0.182688,160,-0.00064,-0.011273,0.003207,0.001351,-0.008995,-0.009344,0.00152,-0.002257,0.012112,0.017091,5,0.017731
reversal_5d,2022-07-04,0.11116,160,0.000848,-0.00837,-0.020829,-0.012241,0.013596,0.01282,-0.010985,-0.003056,-0.005087,0.008941,5,0.008093
reversal_5d,2022-07-05,0.112305,160,0.01755,0.000574,0.018686,0.014121,0.007218,0.008192,0.002929,0.015958,0.020933,0.027653,5,0.010103
reversal_5d,2022-07-06,0.141723,160,0.014394,0.014659,0.013757,0.029348,0.030831,0.023857,0.02407,0.015404,0.030445,0.034453,5,0.020059
reversal_5d,2022-07-07,0.131935,160,0.004151,0.006109,-0.002402,0.020992,0.00518,0.001353,0.014885,0.021808,0.008691,0.018399,5,0.014247
reversal_5d,2022-07-08,0.082805,160,-0.009302,0.007164,-0.00439,-0.027875,-0.01135,-0.017387,-0.009804,0.002588,-0.004435,0.013285,5,0.022588
reversal_5d,2022-07-11,0.027449,160,-0.02305,-0.037708,-0.02711,-0.044984,-0.039765,-0.018319,-0.036682,-0.027139,-0.033415,-0.020712,5,0.002338
reversal_5d,2022-07-12,-0.040903,160,-0.01359,-0.04205,-0.041649,-0.045613,-0.05466,-0.027769,-0.038716,-0.033692,-0.048309,-0.039665,5,-0.026076
reversal_5d,2022-07-13,-0.039558,160,-0.019412,-0.020414,-0.036372,-0.027529,-0.036524,-0.063336,-0.039456,-0.023669,-0.031707,-0.027287,5,-0.007875
reversal_5d,2022-07-14,0.004313,160,-0.011776,-0.030491,-0.039084,-0.02639,-0.025441,-0.034605,-0.032592,-0.027538,-0.029726,-0.018048,5,-0.006271
reversal_5d,2022-07-15,0.028065,160,0.012139,-0.011104,-0.026299,-0.001247,-0.006745,-0.016122,-0.008959,-0.011522,0.008747,0.002264,5,-0.009876
reversal_5d,2022-07-18,0.027663,160,0.028996,0.008658,0.009272,0.008814,0.015763,0.00101,0.02191,0.024527,0.021089,0.020042,5,-0.008955
reversal_5d,2022-07-19,0.087689,160,0.028927,0.036644,0.021307,0.037661,0.01778,0.025199,0.028974,0.045202,0.029805,0.035039,5,0.006112
reversal_5d,2022-07-20,-0.019556,160,0.046495,0.046932,0.046753,0.042606,0.055594,0.04101,0.042226,0.026574,0.057693,0.046795,5,0.0003
reversal_5d,2022-07-21,-0.045473,160,0.026477,0.045068,0.03218,0.030412,0.041097,0.021258,0.036244,0.02868,0.021285,0.039555,5,0.013078
reversal_5d,2022-07-22,0.01261,160,-0.001279,0.007429,0.022058,0.01474,0.026918,-0.000312,-0.012213,-0.004992,0.021915,0.024881,5,0.02616
reversal_5d,2022-07-25,-0.084261,160,-0.005489,0.005123,-0.014184,0.00691,0.008929,0.007981,0.006403,-0.021755,-0.020168,-0.005564,5,-7.5e-05
reversal_5d,2022-07-26,-0.202139,160,-0.007905,0.000768,0.001844,0.00852,-0.012047,-0.015636,0.010206,-0.026548,-0.031348,-0.01793,5,-0.010025
reversal_5d,2022-07-27,-0.085369,160,-0.009999,0.000431,-0.006484,0.011158,-0.001338,0.011032,0.005987,-0.00867,-0.016041,-0.024688,5,-0.014689
reversal_5d,2022-07-28,0.010911,160,-0.004885,0.002437,-0.002556,0.008433,0.001255,0.010102,0.001775,0.001337,0.009154,-0.019168,5,-0.014283
reversal_5d,2022-07-29,-0.001339,160,0.028743,0.008725,0.027308,0.028651,0.008461,0.015585,0.012709,0.015483,0.043306,0.01133,5,-0.017412
reversal_5d,2022-08-01,-0.10799,160,0.03478,0.040142,0.015217,0.031845,0.022547,0.011624,0.008943,0.018777,0.045138,0.013931,5,-0.02085
reversal_5d,2022-08-02,-0.010767,160,0.0437,0.030199,0.028283,0.035441,0.021185,0.022834,0.027929,0.037625,0.029426,0.031277,5,-0.012423
reversal_5d,2022-08-03,0.047088,160,0.00989,0.037946,0.007211,0.005911,0.023873,0.016924,0.016766,0.016409,0.017075,0.026777,5,0.016887
reversal_5d,2022-08-04,-0.094583,160,0.036974,0.02831,0.042453,0.035798,0.010664,0.037988,0.012038,0.021916,0.017555,0.03815,5,0.001177
reversal_5d,2022-08-05,-0.144313,160,0.037916,0.024279,0.035748,0.026789,0.018688,0.028789,0.020472,0.020009,0.018561,0.018955,5,-0.018961
reversal_5d,2021-01-11,0.026351,160,-0.003648,-0.0014,0.011428,0.01486,-0.005582,0.0185,-0.011127,0.001638,0.012555,0.004398,10,0.008046
reversal_5d,2021-01-12,-0.044981,160,0.009045,0.005844,-2.2e-05,0.004201,0.00554,0.010097,0.006579,0.009509,-0.028749,0.006532,10,-0.002513
reversal_5d,2021-01-13,-0.068077,160,0.016481,0.028275,-0.020345,0.002498,0.028827,-0.003722,0.033995,-0.017881,-0.022688,0.012108,10,-0.004374
reversal_5d,2021-01-14,-0.119559,160,0.010562,0.030032,0.02076,0.005001,0.019679,0.012911,0.003394,-0.001176,-0.00296,0.006426,10,-0.004137
reversal_5d,2021-01-15,-0.089634,160,-0.004475,0.01401,-0.016209,-0.014395,0.001015,-0.001953,0.004344,0.008985,-0.016077,-0.009996,10,-0.005521
reversal_5d,2021-01-18,-0.046347,160,-0.024334,-0.025388,-0.003685,-0.005344,-0.010851,-0.01645,-0.008131,-0.005803,-0.025302,-0.016218,10,0.008116
reversal_5d,2021-01-19,-0.085263,160,-0.025081,-0.019893,0.019227,0.021017,0.00588,-0.025143,0.002475,-0.024491,-0.011958,-0.024285,10,0.000796
reversal_5d,2021-01-20,0.01251,160,-0.023675,-0.008828,0.020715,-0.010537,-0.002443,-0.0058,-0.006839,-0.016134,-0.005683,-0.001251,10,0.022424
reversal_5d,2021-01-21,0.152895,160,-0.027543,-0.014824,-0.000199,-0.00187,-0.0108,-0.026855,-0.006,-0.004456,-0.012016,0.025093,10,0.052636
reversal_5d,2021-01-22,0.196303,160,-0.002055,-0.019977,-0.018145,-4.4e-05,-0.018857,-0.014236,-0.01436,-0.01224,0.010711,0.043573,10,0.045629
reversal_5d,2021-01-25,0.212847,160,-0.002692,-0.004004,-0.001815,0.031733,0.019262,0.005539,0.018362,0.022709,0.015897,0.062564,10,0.065256
reversal_5d,2021-01-26,0.119161,160,0.00056,0.021066,-0.006823,0.002768,0.011068,0.033923,0.002248,0.003732,0.032717,0.033167,10,0.032607
reversal_5d,2021-01-27,0.093408,160,0.022685,0.013994,0.002316,0.030911,0.021662,0.005884,0.02399,0.038085,0.024327,0.03078,10,0.008095
reversal_5d,2021-01-28,0.055306,160,0.017352,0.013794,0.003892,-0.022134,0.005602,0.023434,0.018721,0.000663,0.044502,-0.00229,10,-0.019642
reversal_5d,2021-01-29,0.09361,160,0.03594,0.024545,-0.000169,0.032356,0.002635,0.046836,0.048263,0.004118,0.05544,0.037692,10,0.001752
reversal_5d,2021-02-01,0.074625,160,0.007415,0.025094,0.015193,0.033246,-0.014638,0.035935,0.019713,0.043258,0.008584,0.038323,10,0.030908
reversal_5d,2021-02-02,0.09649,160,0.013249,0.024583,0.023449,0.010643,0.017123,0.042997,0.034863,0.033189,0.033821,0.016175,10,0.002926
reversal_5d,2021-02-03,0.084118,160,0.033484,0.029636,0.012353,0.028359,0.044295,0.019925,0.022205,0.035473,0.034175,0.045504,10,0.012019
reversal_5d,2021-02-04,0.088225,160,0.0432,0.021599,0.049701,0.033841,0.05539,0.014877,0.020046,0.068403,0.049721,0.053063,10,0.009864
reversal_5d,2021-02-05,0.02507,160,0.038183,0.026946,0.031403,0.014053,0.005432,0.021378,0.009934,0.066557,0.033006,0.034806,10,-0.003378
reversal_5d,2021-02-08,0.131079,160,0.010349,0.020751,0.009122,-0.005195,0.022413,0.02115,0.037267,0.009611,0.040289,0.040798,10,0.030449
reversal_5d,2021-02-09,0.107102,160,0.004674,0.004804,0.033122,0.002612,0.031291,0.019123,0.020705,0.010345,0.038924,0.044745,10,0.040071
reversal_5d,2021-02-10,-0.019149,160,0.006454,-0.001594,0.020375,-0.021203,0.008897,-0.006997,0.017746,0.00936,-0.000902,0.006544,10,9e-05
reversal_5d,2021-02-11,-0.025126,160,0.01832,0.048592,0.01263,-0.004658,0.039852,0.000818,0.006862,0.026694,0.016786,0.024497,10,0.006178
reversal_5d,2021-02-12,0.004784,160,0.018863,0.014449,0.048101,0.005661,0.035889,0.016787,0.027769,0.005805,-0.000775,0.04273,10,0.023867
reversal_5d,2021-02-15,-0.006528,160,0.006228,0.046933,0.034472,0.069472,0.03049,0.040418,0.031453,0.025672,0.030684,0.025441,10,0.019213
reversal_5d,2021-02-16,-0.029978,160,0.009648,0.026647,0.047611,0.019059,-0.01088,0.030939,0.010147,0.016458,0.016689,0.018209,10,0.008561
reversal_5d,2021-02-17,-0.065091,160,0.007407,0.001058,0.001204,0.015474,-0.007138,0.014238,-0.003441,0.002034,-0.0097,0.000915,10,-0.006492
reversal_5d,2021-02-18,-0.031035,160,0.001726,0.009946,0.011131,0.023715,0.011306,0.006162,0.005052,-0.005965,0.023439,-0.004966,10,-0.006692
reversal_5d,2021-02-19,-0.061157,160,0.040051,0.022204,0.032172,0.002143,0.011912,0.033709,0.021786,0.025398,-0.016641,0.0404,10,0.000349
reversal_5d,2021-02-22,-0.107787,160,0.052088,-0.004134,0.04163,0.001511,0.030228,0.020113,0.021883,0.022523,-0.003079,0.007431,10,-0.044657
reversal_5d,2021-02-23,-0.098427,160,0.07604,0.034448,0.037779,0.068136,0.035059,0.047549,0.04351,0.059445,0.015091,0.037413,10,-0.038627
reversal_5d,2021-02-24,-0.056325,160,0.035456,0.056089,0.037494,0.048095,0.04002,0.0212,0.045829,0.038726,0.031564,0.039792,10,0.004335
reversal_5d,2021-02-25,-0.039456,160,0.07675,0.035924,0.064334,0.054599,0.084632,0.04708,0.033927,0.057427,0.057642,0.066736,10,-0.010014
reversal_5d,2021-02-26,-0.027719,160,0.087631,0.072117,0.07328,0.098375,0.087175,0.081814,0.041856,0.079894,0.067054,0.095198,10,0.007566
reversal_5d,2021-03-01,-0.037756,160,0.089548,0.097571,0.101606,0.11946,0.050177,0.085378,0.102969,0.06675,0.094238,0.106485,10,0.016937
reversal_5d,2021-03-02,0.033587,160,0.07421,0.124701,0.096163,0.096243,0.105734,0.103301,0.114676,0.113245,0.11948,0.076101,10,0.001891
reversal_5d,2021-03-03,-0.013925,160,0.109235,0.09921,0.105323,0.099753,0.109606,0.142746,0.10894,0.10958,0.107066,0.081263,10,-0.027973
reversal_5d,2021-03-04,-0.046056,160,0.09794,0.100682,0.112436,0.098278,0.101871,0.105842,0.120939,0.113711,0.066451,0.093143,10,-0.004797
reversal_5d,2021-03-05,0.014784,160,0.06173,0.090642,0.09724,0.127745,0.083503,0.097269,0.101903,0.081479,0.080066,0.095716,10,0.033986
reversal_5d,2021-03-08,-0.017286,160,0.080816,0.095047,0.081983,0.071914,0.082761,0.095916,0.079893,0.074199,0.073102,0.093737,10,0.01292
reversal_5d,2021-03-09,0.035594,160,0.061033,0.046796,0.045152,0.057282,0.074718,0.055284,0.069325,0.07392,0.045581,0.055515,10,-0.005519
reversal_5d,2021-03-10,-0.025911,160,0.0738,0.079031,0.082733,0.067987,0.068306,0.07316,0.071758,0.069967,0.04977,0.083337,10,0.009538
reversal_5d,2021-03-11,-0.021979,160,0.062334,0.05796,0.073626,0.050904,0.058492,0.085789,0.061978,0.057826,0.055383,0.051129,10,-0.011205
reversal_5d,2021-03-12,-0.050677,160,0.041147,0.044447,0.024733,0.037513,0.029116,0.043545,0.019432,0.028663,0.030854,0.030248,10,-0.010899
reversal_5d,2021-03-15,0.033532,160,-0.003555,0.027519,0.022896,0.00791,0.002468,0.035079,-0.004733,0.019809,0.003625,0.020401,10,0.023956
reversal_5d,2021-03-16,0.025434,160,-0.028476,8.2e-05,0.02423,0.006524,-0.000494,-0.012624,-0.004948,0.001392,0.009517,-0.00443,10,0.024046
reversal_5d,2021-03-17,0.033734,160,-0.002682,-0.007508,-0.012552,-0.00674,-0.009406,-0.002333,-0.003992,-0.002971,-0.000635,-0.000854,10,0.001828
reversal_5d,2021-03-18,0.069858,160,-0.036033,-0.052508,-0.003071,-0.011484,-0.046582,-0.02597,-0.005655,-0.027985,-0.031514,-0.015752,10,0.020281
reversal_5d,2021-03-19,0.017136,160,-0.018962,-0.031274,-0.062565,-0.02006,-0.038283,-0.018323,-0.041196,-0.004703,-0.052496,-0.018398,10,0.000565
reversal_5d,2021-03-22,-0.071344,160,0.001818,0.000128,-0.012545,-0.03963,-0.020744,-0.01564,-0.020287,-0.015671,-0.020405,-0.015755,10,-0.017573
reversal_5d,2021-03-23,0.013064,160,-0.004267,-0.026101,-0.005006,-0.015683,-0.032482,-0.020071,-0.040541,-0.004391,-0.024518,-0.004401,10,-0.000134
reversal_5d,2021-03-24,-0.088668,160,-0.026004,0.005654,-0.014684,-0.028117,-0.012518,-0.013624,-0.036692,-0.013202,-0.02835,-0.022533,10,0.003471
reversal_5d,2021-03-25,-0.080725,160,-0.053291,-0.023311,-0.034197,-0.044647,-0.040784,-0.058951,-0.03009,-0.044428,-0.051789,-0.043847,10,0.009444
reversal_5d,2021-03-26,0.007119,160,-0.031814,-0.033336,-0.045553,-0.048234,-0.042304,-0.021346,-0.022155,-0.05986,-0.045453,-0.018429,10,0.013385
reversal_5d,2021-03-29,0.042596,160,-0.04159,-0.041822,-0.052571,-0.068565,-0.04818,-0.060935,-0.016122,-0.066989,-0.036549,-0.045215,10,-0.003625
reversal_5d,2021-03-30,0.060691,160,-0.051246,-0.048433,-0.024739,-0.071037,-0.048632,-0.031425,-0.047086,-0.05155,-0.037872,-0.034939,10,0.016307
reversal_5d,2021-03-31,0.106519,160,-0.029844,-0.013659,-0.03067,-0.022694,-0.000198,-0.007421,-0.039914,-0.028504,0.004752,-0.006185,10,0.023659
reversal_5d,2021-04-01,0.108488,160,-0.001003,-0.015634,-0.038233,-0.014092,-0.013343,-0.016692,0.000368,-0.020252,0.005495,0.00097,10,0.001973
reversal_5d,2021-04-02,0.006425,160,-0.012997,0.016411,0.02957,-0.002941,0.012379,-0.011667,0.004876,0.008796,0.009223,0.015484,10,0.028481
reversal_5d,2021-04-05,-0.003179,160,-0.015709,-0.008749,0.00736,0.001784,0.006176,0.009852,-0.014749,0.019945,-0.00565,-0.007649,10,0.00806
reversal_5d,2021-04-06,-0.048066,160,-0.026207,0.018303,-0.008309,0.040395,0.004448,0.010273,-0.010524,0.00854,-0.009768,-0.006081,10,0.020126
reversal_5d,2021-04-07,-0.018941,160,-0.002857,0.001446,-0.036599,-0.001744,-0.004107,-0.006939,0.009756,-0.003189,-0.025671,0.001163,10,0.00402
reversal_5d,2021-04-08,-0.023277,160,-0.000827,0.015161,0.007148,0.028319,0.041809,0.008235,0.015286,0.009762,-0.002832,0.020605,10,0.021432
reversal_5d,2021-04-09,-0.107386,160,0.009598,0.011661,0.028451,0.006056,0.026755,-0.005917,0.033412,-0.027416,-0.017885,0.014701,10,0.005103
reversal_5d,2021-04-12,-0.001632,160,0.027797,0.062082,0.041922,0.048832,0.05284,0.005341,0.01634,0.019693,0.063342,0.045073,10,0.017275
reversal_5d,2021-04-13,0.01474,160,0.038663,0.032175,0.043071,0.030323,0.011107,0.059442,0.059647,0.01783,0.026507,0.040759,10,0.002096
reversal_5d,2021-04-14,-0.053744,160,0.034456,0.03124,0.024654,-0.00889,0.020395,0.006893,0.008809,0.010874,0.023853,0.027291,10,-0.007166
reversal_5d,2021-04-15,-0.151693,160,0.064,0.040878,0.016786,0.021489,0.015684,0.02722,0.027921,0.018167,0.020159,0.019556,10,-0.044444
reversal_5d,2021-04-16,-0.150938,160,0.045279,0.033857,0.027461,0.021945,0.003344,0.027577,-0.00664,0.021788,0.004316,0.009105,10,-0.036174
reversal_5d,2021-04-19,-0.183142,160,0.012658,0.034203,0.017496,-0.013257,-0.012711,-0.003434,-0.008907,-0.005851,-0.015341,-0.0043,10,-0.016959
reversal_5d,2021-04-20,-0.102877,160,0.011576,0.007809,-0.002818,-0.015482,0.005827,0.003021,-0.010499,-0.02059,-0.010967,-0.00733,10,-0.018906
reversal_5d,2021-04-21,0.018285,160,0.008214,0.004778,-0.009889,-0.001868,-0.000267,0.00367,0.00206,-0.004026,0.000878,6.4e-05,10,-0.00815
reversal_5d,2021-04-22,0.026802,160,-0.011355,-0.014592,-0.047866,-0.007034,0.015947,-0.039821,-0.004759,-0.024029,-0.005249,-0.021001,10,-0.009646
reversal_5d,2021-04-23,0.061933,160,-0.009552,-0.006883,-0.016978,-0.002531,-0.008873,-0.01217,-0.000452,-0.013603,0.000621,-0.003131,10,0.00642
reversal_5d,2021-04-26,0.01154,160,-0.020214,-0.006609,-0.030215,0.004521,-0.027636,-0.01225,0.000729,-0.010183,-0.0209,-0.029298,10,-0.009084
reversal_5d,2021-04-27,-0.093496,160,-0.0083,-0.008309,-0.011369,-0.042557,-0.017294,-0.02935,-0.015371,-0.034199,-0.046773,-0.017707,10,-0.009407
reversal_5d,2021-04-28,-0.236924,160,-0.010549,-0.033758,-0.022889,-0.029651,-0.051107,-0.041814,-0.037842,-0.060361,-0.0623,-0.054638,10,-0.044089
reversal_5d,2021-04-29,-0.172999,160,-0.036944,-0.029234,-0.058941,-0.039367,-0.058862,-0.072838,-0.065326,-0.055825,-0.077886,-0.055491,10,-0.018547
reversal_5d,2021-04-30,-0.065396,160,-0.055707,-0.02292,-0.056058,-0.07156,-0.054274,-0.059088,-0.065357,-0.059463,-0.064153,-0.055827,10,-0.00012
reversal_5d,2021-05-03,0.071625,160,-0.031746,-0.019599,-0.045454,-0.004648,-0.051456,-0.031287,-0.014037,-0.020189,-0.030652,-0.027724,10,0.004022
reversal_5d,2021-05-04,0.024839,160,-0.023432,-0.022335,-0.024528,-0.027276,-0.002511,-0.040685,-0.03391,-0.027042,-0.017579,-0.02437,10,-0.000937
reversal_5d,2021-05-05,0.052356,160,-0.029692,-0.012502,0.003495,-0.036277,-0.030644,-0.020875,-0.021697,-0.019141,-0.006646,-0.016844,10,0.012848
reversal_5d,2021-05-06,0.121672,160,-0.022053,-0.011855,-0.053134,-0.021158,-0.034556,-0.021327,-0.012434,-0.045032,-0.005611,0.002439,10,0.024492
reversal_5d,2021-05-07,0.108845,160,-0.033908,-0.040318,-0.037732,-0.045295,-0.052018,-0.046228,-0.047517,-0.050481,-0.00297,-0.011587,10,0.022322
reversal_5d,2021-05-10,0.005048,160,-0.055251,-0.065063,-0.06177,-0.054408,-0.062524,-0.041665,-0.058352,-0.043349,-0.052431,-0.067022,10,-0.01177
reversal_5d,2021-05-11,0.031744,160,-0.049072,-0.044555,-0.032947,-0.068975,-0.034344,-0.049589,-0.030832,-0.050941,-0.010959,-0.05097,10,-0.001898
reversal_5d,2021-05-12,0.108239,160,-0.022401,-0.025894,-0.037459,-0.020981,-0.025584,0.002346,-0.032378,0.004903,-0.008856,-0.006047,10,0.016354
reversal_5d,2021-05-13,0.088334,160,-0.00397,-0.029496,-0.021681,-0.01997,0.017712,-0.013354,-0.005301,0.014567,0.009009,-0.015352,10,-0.011382
reversal_5d,2021-05-14,0.089652,160,-0.001208,-0.005023,-0.004002,0.019909,-0.000905,0.001837,0.011899,0.003475,0.01154,0.012865,10,0.014073
reversal_5d,2021-05-17,0.101503,160,-0.024184,-0.011032,-0.00737,0.010336,-0.030303,-0.014418,-0.010632,-0.009583,0.008929,0.000322,10,0.024506
reversal_5d,2021-05-18,-0.00225,160,-0.022554,-0.00144,0.004269,0.002364,-0.017112,0.020028,0.003233,-0.029017,0.011898,-0.022923,10,-0.000369
reversal_5d,2021-05-19,0.104793,160,-0.009062,-0.029532,-0.008234,0.012092,-0.019404,0.007773,-0.005588,0.007836,0.00246,-0.01152,10,-0.002458
reversal_5d,2021-05-20,0.057234,160,0.012451,-0.001098,0.009873,-0.000599,0.02118,0.000379,-0.010787,0.005779,0.040808,0.006654,10,-0.005796
reversal_5d,2021-05-21,0.025483,160,0.021849,0.053634,0.007877,0.025002,0.037172,0.022879,0.01382,0.017291,0.040883,0.048523,10,0.026674
reversal_5d,2021-05-24,-0.00905,160,0.063743,0.031943,0.034619,0.027941,0.024672,0.045927,0.023468,0.034491,0.054883,0.04215,10,-0.021593
reversal_5d,2021-05-25,-0.012868,160,0.038448,0.007985,0.029362,-0.002888,0.004901,0.010934,0.030825,0.015007,0.029997,0.019277,10,-0.019172
reversal_5d,2021-05-26,0.030253,160,0.016899,-0.018954,0.004308,0.019113,0.001647,0.005424,0.00512,0.026555,0.016103,0.007538,10,-0.009361
reversal_5d,2021-05-27,0.019773,160,-0.006659,0.00336,0.019536,0.007484,0.008731,0.003633,0.0075,0.005946,0.000347,0.019848,10,0.026506
reversal_5d,2021-05-28,-0.001236,160,-0.008362,-0.018342,-0.000473,-0.012052,0.022477,0.003472,-0.01514,-0.025305,-0.010536,0.007383,10,0.015745
reversal_5d,2021-05-31,0.028276,160,0.003938,0.00635,0.007375,0.002798,0.016734,0.005312,0.02297,-0.014427,0.017968,0.017388,10,0.013451
reversal_5d,2021-06-01,-0.002628,160,-0.004788,-0.017256,0.013881,-0.012267,-0.006157,-0.011085,-0.017359,-0.008021,-0.015908,0.019537,10,0.024325
reversal_5d,2021-06-02,-0.007078,160,-0.020549,0.000247,0.014287,-0.006839,0.006988,0.01497,-0.01488,-0.023685,-0.008037,0.012689,10,0.033238
reversal_5d,2021-06-03,0.043352,160,-0.008132,0.007732,0.003893,0.005725,0.004588,-0.022356,0.02208,0.004198,0.031383,-0.010908,10,-0.002776
reversal_5d,2021-06-04,-0.008025,160,0.003121,0.011155,-0.014585,-0.023008,0.005928,-0.013615,-0.012218,0.000659,0.02063,-0.006407,10,-0.009528
reversal_5d,2021-06-07,-0.026899,160,0.027098,0.003148,0.01578,0.03702,0.026771,0.021525,-0.009986,0.000629,0.023617,0.015478,10,-0.01162
reversal_5d,2021-06-08,-0.102139,160,0.050239,0.034238,0.039355,0.029095,0.03789,0.023477,0.042303,0.031609,0.027136,0.021044,10,-0.029195
reversal_5d,2021-06-09,-0.01701,160,0.046601,0.023041,0.022482,0.032528,0.004729,0.024017,0.045503,0.004309,0.019267,0.03489,10,-0.011711
reversal_5d,2021-06-10,-0.066126,160,0.039433,0.057284,0.052895,0.032974,0.023336,0.034285,0.028792,0.026199,0.035894,0.046715,10,0.007282
reversal_5d,2021-06-11,-0.03882,160,0.070678,0.021366,0.060057,0.03199,0.032632,0.06153,0.054758,0.03021,0.058454,0.034119,10,-0.036558
reversal_5d,2021-06-14,-0.050193,160,0.055748,0.038801,0.058967,0.037508,0.021663,0.024772,0.039728,0.049266,0.036731,0.041371,10,-0.014378
reversal_5d,2021-06-15,-0.050012,160,0.058406,0.052662,0.069757,0.029925,0.066347,0.071528,0.057412,0.045155,0.034121,0.06815,10,0.009744
reversal_5d,2021-06-16,0.020342,160,0.065074,0.046992,0.061745,0.059319,0.061356,0.076446,0.082966,0.068483,0.048654,0.058935,10,-0.006139
reversal_5d,2021-06-17,0.08514,160,0.015318,0.038942,0.071794,0.062931,0.046561,0.058511,0.045049,0.066856,0.047557,0.053603,10,0.038285
reversal_5d,2021-06-18,0.069961,160,0.015754,0.052252,0.014468,0.024359,0.038396,0.051676,0.036073,0.050079,0.021308,0.03478,10,0.019026
reversal_5d,2021-06-21,0.038835,160,-0.001724,0.001172,0.002683,0.016242,-0.00223,-0.009371,0.000716,0.038406,-0.00977,0.01174,10,0.013464
reversal_5d,2021-06-22,0.05116,160,-0.006821,-0.004468,-0.013829,0.019748,-0.018211,0.000964,0.008577,-0.00766,0.013509,-0.009017,10,-0.002196
reversal_5d,2021-06-23,0.01551,160,0.021423,-0.003448,0.002287,0.0441,0.005367,0.019135,0.00513,0.011586,0.000356,0.026652,10,0.005229
reversal_5d,2021-06-24,0.043894,160,-0.012698,-0.016565,-0.013428,-0.006393,-0.006616,0.008667,-0.006092,-0.027121,-0.015442,0.002713,10,0.015412
reversal_5d,2021-06-25,0.095497,160,-0.024599,-0.025801,-0.012132,-0.039777,-0.021248,-0.011962,-0.014469,-0.030284,-0.002181,-0.013357,10,0.011242
reversal_5d,2021-06-28,0.150917,160,-0.007319,-0.029212,-0.030485,-0.011737,-0.042818,-0.032156,0.009817,0.024285,-0.00332,-0.013756,10,-0.006437
reversal_5d,2021-06-29,0.110225,160,-0.009991,-0.042395,-0.003997,0.012673,-0.02913,0.000198,-0.002814,-0.000388,-0.010602,-0.005761,10,0.00423
reversal_5d,2021-06-30,0.078536,160,-0.035932,-0.006049,-0.013419,-0.017623,0.007146,0.003949,0.007858,0.003517,0.005266,-0.021527,10,0.014405
reversal_5d,2021-07-01,-0.000422,160,-0.007224,-0.045757,0.00119,0.001728,-0.032203,0.004739,0.007877,-0.011622,-0.021593,-0.027332,10,-0.020108
reversal_5d,2021-07-02,-0.064769,160,-0.003678,-0.006418,-0.049562,-0.016269,-0.024084,-0.0222,-0.016525,-0.037814,-0.016497,-0.03154,10,-0.027863
reversal_5d,2021-07-05,-0.013079,160,0.025646,-0.008658,0.012189,0.018549,-0.010206,0.000361,0.004627,0.006957,0.017155,0.012174,10,-0.013472
reversal_5d,2021-07-06,-0.02957,160,0.005914,-0.012762,0.025386,-0.004972,0.008413,-0.000783,0.012202,-0.004911,0.007971,-0.007986,10,-0.0139
reversal_5d,2021-07-07,0.040833,160,-0.020069,0.019279,0.001641,-0.020382,-0.04081,0.012084,0.015813,0.038702,0.002395,-0.029367,10,-0.009298
reversal_5d,2021-07-08,0.077789,160,-0.002001,0.007661,-0.00858,0.033022,0.025572,0.034976,0.022494,0.016244,-0.007338,0.020048,10,0.022049
reversal_5d,2021-07-09,0.109214,160,-0.010574,-0.000274,0.027266,0.016064,-0.017312,0.019036,0.029736,-0.011611,0.018586,0.023178,10,0.033752
reversal_5d,2021-07-12,0.037528,160,0.00596,0.008246,0.011852,-0.006591,-0.006916,-0.010204,0.01134,0.002137,0.002135,0.01793,10,0.01197
reversal_5d,2021-07-13,0.073017,160,-0.00492,0.010542,0.007111,0.028091,0.001222,0.017972,0.007129,0.012764,0.005362,0.013371,10,0.018291
reversal_5d,2021-07-14,0.018455,160,-0.011664,0.010315,0.017423,0.010922,-0.008936,-0.040458,0.003929,0.011068,0.015853,-0.007284,10,0.00438
reversal_5d,2021-07-15,0.061104,160,0.001686,0.011404,0.016512,-0.005404,0.024968,4.2e-05,0.003596,0.003891,0.020906,0.008681,10,0.006996
reversal_5d,2021-07-16,0.000987,160,0.023962,0.030179,0.018538,0.036323,0.031263,0.055189,0.029693,0.038074,0.022105,0.018929,10,-0.005033
reversal_5d,2021-07-19,0.05554,160,-0.024319,-0.002405,0.032227,0.011781,0.013585,0.009521,0.020742,0.008294,-0.012969,0.004259,10,0.028578
reversal_5d,2021-07-20,0.013539,160,0.005127,0.003282,0.041417,-0.001315,0.04479,0.009734,0.00866,0.042186,-0.003743,0.009763,10,0.004636
reversal_5d,2021-07-21,0.039171,160,0.001736,0.022027,0.004609,0.012631,0.01979,0.018929,-0.003595,0.030126,0.033364,-0.00896,10,-0.010696
reversal_5d,2021-07-22,-0.012759,160,0.004545,0.022097,-0.002835,0.014911,-0.01267,0.001223,-0.00215,-0.006944,0.02295,0.007256,10,0.002711
reversal_5d,2021-07-23,0.052218,160,0.011449,0.015471,0.019216,0.035323,0.013964,0.021299,0.012551,0.008748,0.021771,0.035623,10,0.024175
reversal_5d,2021-07-26,0.046757,160,-0.014672,-0.02265,0.025994,0.002522,-0.030711,-0.029473,-0.009419,0.007342,0.002454,-0.001441,10,0.013231
reversal_5d,2021-07-27,0.071798,160,-0.041769,-0.003738,-0.024676,-0.025999,-0.033184,-0.023159,-0.036459,-0.011101,-0.010728,-0.016552,10,0.025216
reversal_5d,2021-07-28,0.009279,160,-0.057304,-0.027199,-0.053998,-0.05211,-0.065553,-0.07007,-0.038824,-0.052063,-0.059301,-0.039078,10,0.018226
reversal_5d,2021-07-29,-0.064148,160,-0.040534,-0.046462,-0.02419,-0.047984,-0.050676,-0.036379,-0.067966,-0.039247,-0.051537,-0.041643,10,-0.001109
reversal_5d,2021-07-30,-0.016167,160,-0.049173,-0.023331,-0.038747,-0.054891,-0.051935,-0.039201,-0.032179,-0.04357,-0.036658,-0.050491,10,-0.001318
reversal_5d,2021-08-02,-0.020052,160,-0.029766,-0.023158,-0.022867,-0.04257,-0.024759,-0.039005,-0.01513,-0.030861,-0.012377,-0.0483,10,-0.018534
reversal_5d,2021-08-03,-0.10508,160,-0.011035,0.015727,0.008206,-0.008213,-0.000922,0.01039,-0.013031,-0.024353,0.007299,-0.015206,10,-0.00417
reversal_5d,2021-08-04,-0.07904,160,-0.007646,0.009969,0.020753,0.021692,0.01065,-0.010085,0.02081,0.003791,-0.008839,0.00544,10,0.013086
reversal_5d,2021-08-05,0.007228,160,-0.017074,0.012857,-0.002383,0.000151,-0.012351,0.015771,0.007102,0.023294,-0.001839,-0.008424,10,0.00865
reversal_5d,2021-08-06,0.04422,160,0.0019,0.012033,0.031213,0.003006,0.018779,0.027869,0.023937,0.026919,0.031801,0.006122,10,0.004222
reversal_5d,2021-08-09,-0.05721,160,0.027207,0.061308,-0.009462,0.057426,0.000479,0.023711,0.001787,0.032086,0.01953,0.027669,10,0.000461
reversal_5d,2021-08-10,-0.026195,160,0.039443,0.050313,0.036379,0.022909,0.028246,0.028545,0.016177,0.053979,0.046081,0.020839,10,-0.018604
reversal_5d,2021-08-11,0.110547,160,0.059603,0.064107,0.063468,0.052095,0.055152,0.034146,0.058283,0.074075,0.095921,0.06831,10,0.008706
reversal_5d,2021-08-12,0.103457,160,0.037421,0.048972,0.038078,0.048684,0.045892,0.04756,0.040783,0.07253,0.040635,0.042097,10,0.004676
reversal_5d,2021-08-13,-0.019636,160,0.050754,0.053812,0.05104,0.048361,0.052289,0.108355,0.034901,0.059536,0.0468,0.033467,10,-0.017287
reversal_5d,2021-08-16,0.093174,160,0.053136,0.040176,0.055599,0.025629,0.034523,0.048172,0.103531,0.077338,0.052855,0.04242,10,-0.010717
reversal_5d,2021-08-17,0.112707,160,0.044567,0.025661,0.024222,0.0086,0.027778,0.061356,0.043384,0.056007,0.044576,0.034519,10,-0.010049
reversal_5d,2021-08-18,0.026986,160,0.036839,0.006686,0.013737,0.024163,0.022265,0.035998,-0.000482,0.053659,0.040483,0.002289,10,-0.03455
reversal_5d,2021-08-19,-0.036444,160,0.069806,0.041891,0.052422,0.040789,0.050583,0.054369,0.054231,0.040809,0.060078,0.032471,10,-0.037335
reversal_5d,2021-08-20,0.033045,160,0.014959,0.021757,0.021066,0.011331,0.025504,0.015115,0.024851,0.01343,0.038729,0.012134,10,-0.002825
reversal_5d,2021-08-23,0.013843,160,-0.00336,-0.008281,0.023629,0.023466,0.041824,-0.00397,0.022153,0.006612,0.021483,0.00021,10,0.00357
reversal_5d,2021-08-24,0.078431,160,0.000138,0.020047,0.021983,0.030514,-0.00132,0.054784,0.024984,0.032455,0.017342,0.027658,10,0.02752
reversal_5d,2021-08-25,0.03412,160,0.029243,-0.018646,-0.000686,0.03005,0.02277,-0.007782,0.042476,0.036435,0.01056,-0.001204,10,-0.030446
reversal_5d,2021-08-26,-0.037264,160,0.038126,-0.005178,0.023983,0.042572,0.055783,0.011341,0.023676,0.017028,0.02056,0.015979,10,-0.022147
reversal_5d,2021-08-27,-0.020892,160,0.028811,0.02559,0.027808,0.022965,0.059327,0.022762,0.055253,0.022865,0.016358,0.023043,10,-0.005769
reversal_5d,2021-08-30,-0.018176,160,0.037979,0.02422,0.031024,0.064483,0.035814,0.056639,0.027955,0.032304,0.064762,0.01378,10,-0.024198
reversal_5d,2021-08-31,0.000132,160,0.027176,0.052979,0.0382,0.01788,0.031696,0.05382,0.052872,0.03639,0.044146,0.029565,10,0.002389
reversal_5d,2021-09-01,-0.041348,160,0.055162,0.045254,0.053108,0.045519,0.035879,0.055479,0.064688,0.033773,0.056417,0.04374,10,-0.011422
reversal_5d,2021-09-02,-0.028662,160,0.034937,0.028565,0.016053,0.02871,0.014649,0.039881,0.029548,0.006403,0.009402,0.054753,10,0.019816
reversal_5d,2021-09-03,-0.063093,160,0.059006,0.037636,0.025679,0.042462,0.011769,0.067609,0.034207,0.0278,0.045075,0.021006,10,-0.038
reversal_5d,2021-09-06,0.0016,160,0.058406,0.081071,0.068069,0.054752,0.065839,0.079769,0.059025,0.073876,0.06873,0.055226,10,-0.00318
reversal_5d,2021-09-07,0.058722,160,0.053402,0.05274,0.040604,0.050896,0.05394,0.073364,0.061936,0.035776,0.076161,0.060522,10,0.00712
reversal_5d,2021-09-08,0.091507,160,0.062297,0.020482,0.041983,0.068345,0.065769,0.055025,0.100993,0.041224,0.054231,0.059836,10,-0.002462
reversal_5d,2021-09-09,0.024212,160,0.016608,0.023348,0.020941,0.030551,0.034225,0.000956,0.037269,0.013359,0.002125,0.034602,10,0.017994
reversal_5d,2021-09-10,0.054295,160,0.004265,-0.004942,0.009436,-0.000287,0.012286,0.00477,0.045584,0.005871,0.022672,-0.009711,10,-0.013976
reversal_5d,2021-09-13,0.044609,160,0.013609,-0.017825,-0.001762,-0.013146,0.003528,-0.009571,0.008062,-0.000353,0.007933,-0.006425,10,-0.020035
reversal_5d,2021-09-14,0.013336,160,-0.01907,-0.008921,0.013552,-0.003535,-0.030497,-0.02192,-0.003666,-0.004405,-0.007205,-0.010582,10,0.008488
reversal_5d,2021-09-15,0.026614,160,-0.012761,-0.002191,-0.013262,-0.023542,-0.011416,0.008494,0.002719,-0.041344,0.00638,-0.00522,10,0.007541
reversal_5d,2021-09-16,0.000686,160,0.011172,-0.001905,-0.014582,0.006191,-0.002478,0.033455,-0.000408,0.003763,-0.013318,0.004231,10,-0.006941
reversal_5d,2021-09-17,-0.061968,160,0.02743,-0.012039,-0.004524,-0.00514,0.005813,0.008934,0.01334,-0.007464,-0.012821,-0.0033,10,-0.030731
reversal_5d,2021-09-20,0.040815,160,-0.018525,-0.027671,-0.023486,-0.026679,-0.033346,-0.021762,-0.014448,-0.02379,-0.013632,-0.026418,10,-0.007893
reversal_5d,2021-09-21,-0.033353,160,-0.034154,-0.018877,-0.054977,-0.049232,-0.062502,-0.044205,-0.036898,-0.019282,-0.057752,-0.040461,10,-0.006308
reversal_5d,2021-09-22,-0.010703,160,-0.015967,-0.030129,-0.042922,-0.053363,-0.033641,-0.041044,-0.043464,-0.036529,-0.018106,-0.045528,10,-0.029561
reversal_5d,2021-09-23,-0.015505,160,0.022796,-0.000261,-0.000501,-0.036475,-0.011016,-0.014438,0.011922,0.005359,0.011477,-0.021179,10,-0.043976
reversal_5d,2021-09-24,0.032445,160,0.004443,-0.004584,-0.031529,-0.00977,-0.010521,-0.001633,-0.007448,-0.018896,0.002832,-0.001336,10,-0.005779
reversal_5d,2021-09-27,-0.032345,160,0.007174,0.000164,-0.008216,-0.018112,-0.027769,0.003062,0.002548,-0.00342,-0.004256,-0.024871,10,-0.032046
reversal_5d,2021-09-28,-0.01205,160,0.010592,0.010301,-0.011907,0.004838,-0.025111,-0.006685,3.7e-05,0.005373,-0.001357,0.003341,10,-0.007251
reversal_5d,2021-09-29,0.0924,160,-0.006148,0.003006,-0.017125,-0.020849,-0.012804,0.010844,-0.021153,0.01717,-0.004649,0.011648,10,0.017797
reversal_5d,2021-09-30,-0.002654,160,-0.004893,0.017799,-0.033645,-0.033483,0.006346,0.012194,-0.016748,0.007591,0.00932,-0.027494,10,-0.022601
reversal_5d,2021-10-01,-0.031205,160,-0.011603,-0.016256,-0.004533,-0.021149,0.01198,-0.005963,-0.008534,-6.1e-05,-0.012312,-0.028258,10,-0.016655
reversal_5d,2021-10-04,0.030936,160,-0.006135,0.026109,0.008599,-0.000472,0.014241,0.014666,0.025067,0.017676,-0.004004,0.010322,10,0.016457
reversal_5d,2021-10-05,0.023087,160,0.020151,-0.0032,0.021405,0.036713,0.015031,0.014067,0.045074,0.027274,0.022426,0.003584,10,-0.016567
reversal_5d,2021-10-06,-0.02551,160,0.029362,0.021922,0.000969,0.053875,0.031307,0.016146,0.03224,0.0249,0.029401,0.007033,10,-0.022328
reversal_5d,2021-10-07,0.012132,160,0.024463,0.046026,0.015654,0.033749,0.028597,0.030948,0.023032,0.020407,0.037218,0.032136,10,0.007674
reversal_5d,2021-10-08,0.10937,160,0.028304,0.007665,0.014549,0.04931,0.026835,0.053674,0.014272,0.027295,0.052199,0.036469,10,0.008165
reversal_5d,2021-10-11,0.004362,160,0.034406,0.025857,0.009582,0.02068,0.031441,0.023823,0.033912,0.031462,0.011468,0.034429,10,2.3e-05
reversal_5d,2021-10-12,0.032925,160,0.035907,0.011081,0.013193,0.04623,0.023783,0.007052,0.038542,0.020865,0.021974,0.034131,10,-0.001776
reversal_5d,2021-10-13,0.160345,160,0.001533,0.007218,0.05302,0.016088,0.037547,0.034336,0.042489,0.033688,0.030547,0.043453,10,0.041921
reversal_5d,2021-10-14,0.088164,160,0.02014,-0.022242,0.006218,0.034961,0.03644,0.016435,0.011809,0.034893,0.011912,0.012383,10,-0.007756
reversal_5d,2021-10-15,0.171502,160,-0.012241,-0.011082,0.034949,0.012031,0.031708,0.014662,0.022825,0.045084,0.006304,0.021375,10,0.033615
reversal_5d,2021-10-18,0.129655,160,-0.012856,0.010654,-0.001505,0.018325,0.017967,0.01755,-0.003756,0.027262,0.015659,0.025755,10,0.038611
reversal_5d,2021-10-19,0.054779,160,-0.004564,0.016277,0.005788,-0.003057,0.030087,0.017415,0.012839,-0.006403,0.027739,0.00255,10,0.007114
reversal_5d,2021-10-20,-0.011649,160,0.003702,-0.005725,0.00952,-0.013303,-0.008167,-0.000262,-0.016258,0.023203,0.010227,-0.028076,10,-0.031778
reversal_5d,2021-10-21,0.020438,160,-0.033518,-0.010759,-0.020422,-0.044911,-0.015964,-0.00485,-0.018123,-0.002696,-0.043508,-0.016836,10,0.016682
reversal_5d,2021-10-22,-0.021279,160,-0.04268,-0.022067,-0.025003,-0.058604,-0.039528,-0.015847,-0.019747,-0.036493,-0.024435,-0.04975,10,-0.007071
reversal_5d,2021-10-25,0.08388,160,-0.041483,-0.06406,-0.034062,-0.043385,-0.047625,-0.063573,-0.05472,-0.022446,-0.029429,-0.041985,10,-0.000501
reversal_5d,2021-10-26,0.033863,160,-0.068215,-0.050947,-0.057545,-0.039915,-0.071498,-0.048867,-0.041768,-0.060768,-0.052443,-0.060137,10,0.008078
reversal_5d,2021-10-27,0.086713,160,-0.077576,-0.058407,-0.055914,-0.053954,-0.094469,-0.089037,-0.073601,-0.06384,-0.047716,-0.052269,10,0.025307
reversal_5d,2021-10-28,0.005611,160,-0.060232,-0.042934,-0.054265,-0.083948,-0.047167,-0.053287,-0.067304,-0.058148,-0.081351,-0.047141,10,0.01309
reversal_5d,2021-10-29,0.031059,160,-0.03908,-0.074344,-0.071943,-0.070497,-0.066765,-0.052758,-0.052229,-0.035611,-0.063805,-0.063156,10,-0.024077
reversal_5d,2021-11-01,0.048995,160,-0.070553,-0.052713,-0.052237,-0.099276,-0.072167,-0.052019,-0.035788,-0.076405,-0.072271,-0.056307,10,0.014246
reversal_5d,2021-11-02,0.022747,160,-0.049162,-0.061379,-0.072268,-0.09313,-0.053883,-0.070881,-0.065388,-0.069859,-0.055589,-0.065773,10,-0.016611
reversal_5d,2021-11-03,0.06077,160,-0.061791,-0.085244,-0.071016,-0.090932,-0.045781,-0.075715,-0.052192,-0.054183,-0.080358,-0.067961,10,-0.00617
reversal_5d,2021-11-04,0.025475,160,-0.064525,-0.088872,-0.064945,-0.081279,-0.043105,-0.061331,-0.047791,-0.063258,-0.066719,-0.085897,10,-0.021372
reversal_5d,2021-11-05,-0.027256,160,-0.058064,-0.056833,-0.052464,-0.067791,-0.049779,-0.051769,-0.050716,-0.052372,-0.057795,-0.066709,10,-0.008646
reversal_5d,2021-11-08,0.005039,160,-0.057341,-0.042629,-0.048521,-0.024823,-0.031009,-0.066631,-0.047758,-0.035076,-0.032723,-0.046056,10,0.011284
reversal_5d,2021-11-09,-0.011971,160,-0.014054,-0.035075,-0.00322,-0.04228,-0.055772,-0.010014,-0.008934,-0.028021,-0.007542,-0.026823,10,-0.01277
reversal_5d,2021-11-10,0.062812,160,-0.014364,-0.005356,-0.01073,0.005915,-0.006839,-0.011916,-0.001951,-0.006568,0.007314,0.001116,10,0.015479
reversal_5d,2021-11-11,0.060509,160,-0.015939,0.013149,0.025229,0.020453,0.020783,0.004508,0.029212,0.013491,-0.006583,0.040001,10,0.05594
reversal_5d,2021-11-12,0.084358,160,0.026091,0.026201,0.005254,0.050731,0.034222,0.048563,0.025103,0.027353,0.024096,0.055795,10,0.029704
reversal_5d,2021-11-15,0.030745,160,0.0015,0.034359,0.009214,0.019192,0.026378,0.035363,0.022994,0.025889,0.004447,0.027227,10,0.025728
reversal_5d,2021-11-16,0.039716,160,0.009219,0.060121,0.021545,0.014992,0.042409,0.0453,0.032156,0.045779,0.045602,0.018842,10,0.009623
reversal_5d,2021-11-17,-0.034009,160,0.045637,0.057039,0.043408,0.047768,0.05149,0.041975,0.074313,0.054639,0.032348,0.045044,10,-0.000593
reversal_5d,2021-11-18,-0.10104,160,0.070247,0.07542,0.064998,0.078569,0.060715,0.060688,0.068793,0.047754,0.054011,0.063862,10,-0.006384
reversal_5d,2021-11-19,-0.100079,160,0.09039,0.100786,0.093867,0.085056,0.098688,0.087505,0.076201,0.050139,0.062297,0.115912,10,0.025522
reversal_5d,2021-11-22,-0.065669,160,0.109827,0.139083,0.101994,0.106466,0.121338,0.1339,0.062332,0.115882,0.113446,0.105873,10,-0.003954
reversal_5d,2021-11-23,-0.024314,160,0.09694,0.12356,0.116438,0.125968,0.080165,0.115208,0.074204,0.117734,0.116185,0.113943,10,0.017004
reversal_5d,2021-11-24,-0.0158,160,0.081988,0.100661,0.113562,0.08737,0.095494,0.119657,0.108436,0.100057,0.081489,0.101074,10,0.019086
reversal_5d,2021-11-25,-0.038521,160,0.053573,0.086549,0.08488,0.081124,0.074681,0.042425,0.074142,0.085076,0.085721,0.050734,10,-0.002839
reversal_5d,2021-11-26,0.004503,160,0.022645,0.070185,0.029359,0.039862,0.033122,0.045385,0.035998,0.043095,0.045027,0.038929,10,0.016285
reversal_5d,2021-11-29,0.028337,160,0.060565,0.042547,0.079027,0.044855,0.066165,0.062919,0.061018,0.05873,0.067952,0.061631,10,0.001067
reversal_5d,2021-11-30,0.043426,160,0.050368,0.040248,0.061794,0.044268,0.052415,0.057032,0.052529,0.071,0.058316,0.051386,10,0.001018
reversal_5d,2021-12-01,-0.016319,160,0.049327,0.034621,0.024317,0.025689,0.027248,0.017412,0.050915,0.044119,0.034308,0.018546,10,-0.030781
reversal_5d,2021-12-02,-0.011907,160,0.040023,0.028827,0.021602,0.027914,0.008002,0.033108,0.014921,0.03867,0.0411,0.019911,10,-0.020112
reversal_5d,2021-12-03,-0.013448,160,0.01994,0.023381,0.020574,-0.00558,-0.017645,0.013524,0.023512,0.003247,-0.002727,0.025466,10,0.005526
reversal_5d,2021-12-06,-0.021206,160,-0.011103,0.015976,0.005637,-0.001806,-0.020216,-0.014077,-0.008083,-0.001056,0.011189,-0.002995,10,0.008108
reversal_5d,2021-12-07,-0.179099,160,-0.017254,0.00104,0.007171,0.007702,0.00047,-0.028227,-0.012049,-0.043955,-0.014609,-0.026872,10,-0.009618
reversal_5d,2021-12-08,-0.067365,160,-0.00702,-0.030088,-0.001653,-0.004834,-0.016037,-0.046244,-0.02157,-0.02811,-0.008897,-0.028767,10,-0.021747
reversal_5d,2021-12-09,-0.003226,160,-0.005726,-0.002048,0.011371,-0.039027,-0.022578,0.002979,-0.005693,-0.022045,0.001403,-0.005983,10,-0.000258
reversal_5d,2021-12-10,0.080602,160,0.010502,0.01408,0.010426,-0.021423,-0.019597,0.004893,0.027284,0.025343,0.013979,0.000447,10,-0.010055
reversal_5d,2021-12-13,-0.001459,160,-0.006496,-0.009746,-0.029104,0.006068,-0.010165,-0.028513,0.005857,-0.028641,0.000821,-0.020337,10,-0.013841
reversal_5d,2021-12-14,-0.086561,160,-0.01471,0.013887,-0.002528,0.011266,-0.001076,-0.009998,0.003536,-0.017371,-0.022085,-0.011967,10,0.002743
reversal_5d,2021-12-15,-0.026245,160,0.020034,0.027959,0.027869,0.032109,0.042194,0.039127,0.004707,0.002651,0.038232,0.031235,10,0.011201
reversal_5d,2021-12-16,0.019017,160,0.050079,0.053698,0.019764,0.034257,0.035596,0.022865,0.023642,0.031184,0.049693,0.05942,10,0.009341
reversal_5d,2021-12-17,0.062821,160,0.026197,0.014581,0.020476,0.02792,0.006888,0.00469,0.019437,0.012282,0.052005,0.035851,10,0.009654
reversal_5d,2021-12-20,0.117971,160,-0.020949,0.00321,0.033033,0.01179,0.018875,0.000311,-0.003089,0.035851,0.017642,0.013985,10,0.034934
reversal_5d,2021-12-21,0.142488,160,-0.026461,-0.009378,0.009199,-0.015934,-0.01245,-0.002921,-0.002737,-0.002116,0.003616,-0.002865,10,0.023596
reversal_5d,2021-12-22,0.127426,160,-0.026421,-0.020898,-0.015591,-0.034525,-0.033663,-0.035152,-0.028799,-0.008095,-0.01367,-0.001438,10,0.024983
reversal_5d,2021-12-23,0.070298,160,-0.021855,0.001534,-0.054966,-0.019939,-0.021454,0.010667,0.006362,-0.02532,-0.029756,-0.00572,10,0.016135
reversal_5d,2021-12-24,0.054465,160,-0.019735,-0.030406,-0.023437,-0.013947,-0.026198,-0.029728,-0.017068,0.001862,-0.01387,-0.024233,10,-0.004498
reversal_5d,2021-12-27,0.074889,160,-0.015994,-0.020842,-0.012166,-0.021177,-0.031334,-0.020594,-0.000289,0.009553,-0.004004,-0.015043,10,0.000951
reversal_5d,2021-12-28,0.105971,160,-0.044912,-0.057239,-0.055919,-0.042686,-0.029394,-0.025346,-0.021857,-0.02937,-0.05206,-0.033131,10,0.011781
reversal_5d,2021-12-29,-0.013638,160,-0.074058,-0.055779,-0.068956,-0.057717,-0.07275,-0.062481,-0.051172,-0.071651,-0.057197,-0.082019,10,-0.007961
reversal_5d,2021-12-30,0.086171,160,-0.0778,-0.088477,-0.06795,-0.050624,-0.100202,-0.058785,-0.074867,-0.062528,-0.058977,-0.064529,10,0.01327
reversal_5d,2021-12-31,0.086423,160,-0.059028,-0.064036,-0.067173,-0.054392,-0.075384,-0.036693,-0.057109,-0.058285,-0.059896,-0.051745,10,0.007283
reversal_5d,2022-01-03,0.058048,160,-0.051324,-0.033296,-0.065562,-0.07547,-0.041584,-0.033848,-0.05554,-0.040298,-0.051296,-0.035459,10,0.015865
reversal_5d,2022-01-04,0.031592,160,-0.008383,-0.014319,-0.025393,-0.023675,-0.026225,-0.038734,-0.020605,-0.011629,-0.018856,-0.002737,10,0.005646
reversal_5d,2022-01-05,0.03521,160,0.000346,0.007876,-0.021728,-0.023156,-0.012837,0.003509,-0.030345,0.005604,-0.011529,0.017713,10,0.017367
reversal_5d,2022-01-06,0.020602,160,-0.020732,-0.000521,0.002182,-0.013583,-0.012287,-0.025218,-0.002764,-0.016003,-0.007054,-0.00049,10,0.020242
reversal_5d,2022-01-07,0.075938,160,-0.014595,-0.023783,-0.022157,-0.009527,-0.015285,-0.015868,0.002951,-0.010889,0.006954,-0.01798,10,-0.003385
reversal_5d,2022-01-10,0.10276,160,-0.022515,-0.012144,-0.023044,-0.005752,-0.011573,0.002353,-0.014715,0.016413,-0.010695,-0.008243,10,0.014273
reversal_5d,2022-01-11,0.132169,160,-0.019342,0.001834,0.009828,0.00209,0.001792,0.023781,0.022826,0.019408,0.010372,0.018911,10,0.038253
reversal_5d,2022-01-12,0.261376,160,-0.004594,0.008062,0.039894,0.029808,0.021804,0.022239,0.035053,0.049187,0.045066,0.050448,10,0.055042
reversal_5d,2022-01-13,0.237853,160,-0.010665,0.002471,0.003035,0.030677,0.016871,0.014121,0.02758,0.0446,0.027961,0.024105,10,0.034771
reversal_5d,2022-01-14,0.191527,160,-0.008553,0.019657,0.008411,0.049012,0.022566,0.036766,0.020708,0.021427,0.055478,0.039225,10,0.047778
reversal_5d,2022-01-17,0.099443,160,0.013819,0.009098,0.025775,0.053412,0.03961,0.020911,0.020691,0.057632,0.052637,0.010395,10,-0.003424
reversal_5d,2022-01-18,-0.08596,160,0.032157,0.020129,0.008606,0.016387,0.00433,0.022219,0.023741,-0.004549,0.021851,0.000515,10,-0.031642
reversal_5d,2022-01-19,-0.134018,160,0.02525,0.013045,0.054224,0.030617,0.026941,0.009289,0.020432,0.007498,-0.008567,0.021488,10,-0.003763
reversal_5d,2022-01-20,-0.117084,160,-0.000329,0.039297,-0.016386,0.010111,0.014413,0.017903,-0.006924,0.012769,-0.004135,-0.018736,10,-0.018407
reversal_5d,2022-01-21,-0.075176,160,0.031951,0.048638,0.028769,0.018962,0.023814,0.039559,0.021118,0.025362,0.023894,0.017027,10,-0.014924
reversal_5d,2022-01-24,-0.013676,160,0.061443,0.031366,0.053411,0.032286,0.028864,0.054559,0.053931,0.042179,0.039404,0.037103,10,-0.024341
reversal_5d,2022-01-25,-0.012226,160,0.050124,0.053846,0.046926,0.062908,0.007535,0.044998,0.03585,0.049662,0.06233,0.043319,10,-0.006805
reversal_5d,2022-01-26,-0.061004,160,0.039507,0.026342,0.054527,0.028978,0.037268,0.033309,0.051465,0.045266,0.009584,0.029302,10,-0.010205
reversal_5d,2022-01-27,-0.07982,160,0.045738,0.05253,0.06611,0.0477,0.039983,0.069748,0.048461,0.023364,0.044721,0.045444,10,-0.000294
reversal_5d,2022-01-28,-0.089837,160,0.031336,0.044796,0.039542,0.047055,0.023861,0.01054,0.030886,0.030596,0.024884,0.032114,10,0.000778
reversal_5d,2022-01-31,-0.066178,160,0.033715,0.036111,-0.003608,0.038473,0.011755,0.018563,0.043429,0.026882,0.014016,0.017932,10,-0.015783
reversal_5d,2022-02-01,-0.040604,160,0.030253,0.017214,0.036598,-0.009362,0.035417,0.03182,0.01025,0.008174,0.031463,0.016,10,-0.014253
reversal_5d,2022-02-02,0.017567,160,0.041621,0.018415,-0.000406,0.007208,0.033725,0.023446,0.024501,0.024977,0.035982,0.020646,10,-0.020975
reversal_5d,2022-02-03,0.11767,160,0.024169,0.02303,0.015013,0.027368,0.013163,0.029702,0.023281,0.039022,0.040467,0.042259,10,0.01809
reversal_5d,2022-02-04,0.093352,160,0.01448,0.01424,-0.005241,0.017002,0.031334,0.000766,0.035219,0.019673,0.032508,0.003838,10,-0.010642
reversal_5d,2022-02-07,-0.001611,160,-0.011197,0.025326,0.003137,0.000103,-0.006616,0.011839,-0.022661,-0.005484,0.03712,-0.010927,10,0.000271
reversal_5d,2022-02-08,-0.081949,160,8.7e-05,-0.001289,0.025306,0.012208,-0.006302,-0.002156,0.011748,0.00546,0.004042,-0.013648,10,-0.013735
reversal_5d,2022-02-09,-0.008426,160,0.020418,0.034383,0.04438,0.01634,0.036989,0.028636,0.028841,0.036113,0.041198,0.009716,10,-0.010703
reversal_5d,2022-02-10,-0.072806,160,0.024299,0.040851,0.042681,0.03523,0.055028,0.011746,0.031699,0.023213,0.027413,0.02338,10,-0.000919
reversal_5d,2022-02-11,-0.003448,160,0.030225,0.075443,0.043197,0.032941,0.033474,0.040303,0.044235,0.041147,0.059275,0.031411,10,0.001187
reversal_5d,2022-02-14,0.093209,160,0.009445,0.059046,0.046442,0.025617,0.032222,0.032834,0.043724,0.056714,0.039132,0.044353,10,0.034908
reversal_5d,2022-02-15,0.12853,160,0.043471,0.027068,0.013048,0.007437,0.032689,0.052886,0.039747,0.039876,0.048995,0.032324,10,-0.011147
reversal_5d,2022-02-16,0.051746,160,0.039106,0.047164,0.039832,0.026236,0.033329,0.0587,0.010307,0.064345,0.047083,0.042711,10,0.003606
reversal_5d,2022-02-17,-0.027792,160,0.069584,0.066459,0.075557,0.056745,0.059378,0.055635,0.063646,0.062879,0.075809,0.055312,10,-0.014271
reversal_5d,2022-02-18,-0.091129,160,0.068515,0.052441,0.070019,0.028897,0.070068,0.060279,0.069463,0.020853,0.058816,0.044089,10,-0.024425
reversal_5d,2022-02-21,-0.088846,160,0.096309,0.047607,0.080103,0.094113,0.061012,0.075079,0.084256,0.08016,0.055411,0.06026,10,-0.036049
reversal_5d,2022-02-22,-0.04264,160,0.091102,0.077749,0.058609,0.06532,0.07793,0.064274,0.086972,0.071126,0.071285,0.071774,10,-0.019328
reversal_5d,2022-02-23,0.01532,160,0.038787,0.042575,0.029109,0.003475,0.025735,0.024797,0.000558,0.039118,0.036909,0.046384,10,0.007597
reversal_5d,2022-02-24,0.001699,160,0.02681,0.026788,0.024126,0.015761,-0.01036,0.023483,0.021154,0.000646,0.020909,0.038132,10,0.011322
reversal_5d,2022-02-25,-0.009079,160,0.003164,0.007732,-0.009729,0.019745,0.02403,0.019155,-0.008278,-0.015694,-0.001572,0.008708,10,0.005544
reversal_5d,2022-02-28,-0.009059,160,-0.006948,0.000305,0.002793,0.036955,0.002913,-0.033238,0.008774,0.01492,0.001272,-0.005043,10,0.001905
reversal_5d,2022-03-01,-0.076635,160,0.005537,0.068819,0.02189,0.016889,0.00745,0.006163,0.030816,0.014969,0.016013,0.011089,10,0.005553
reversal_5d,2022-03-02,-0.025363,160,0.015976,-0.008238,-0.02118,0.009617,-0.018558,0.008846,-0.011717,-0.000349,0.002676,-0.003762,10,-0.019738
reversal_5d,2022-03-03,0.024188,160,-0.001754,-0.013627,-0.028438,-0.026918,-0.029657,-0.0228,-0.012045,-0.026225,-0.001652,-0.012692,10,-0.010938
reversal_5d,2022-03-04,-0.00194,160,-0.005728,-0.028635,0.011652,-0.009188,-0.033641,-0.019792,-0.027295,-0.022625,-0.013649,-0.005368,10,0.000361
reversal_5d,2022-03-07,-0.003979,160,-0.031235,-0.034762,-0.039279,-0.055876,-0.002507,-0.04976,-0.035159,-0.045292,-0.030641,-0.040415,10,-0.00918
reversal_5d,2022-03-08,0.050771,160,-0.053846,-0.050152,-0.04237,-0.061056,-0.026294,-0.053664,-0.02818,-0.03413,-0.05847,-0.049268,10,0.004579
reversal_5d,2022-03-09,0.043434,160,-0.038675,-0.029308,-0.033354,-0.024926,-0.021416,-0.043401,-0.012793,-0.0176,-0.024508,-0.032905,10,0.005771
reversal_5d,2022-03-10,0.068373,160,-0.030128,-0.02546,-0.02823,-0.015194,0.000239,-0.011433,-0.021873,-0.002102,-0.040732,-0.002178,10,0.02795
reversal_5d,2022-03-11,0.210383,160,-0.025656,-0.033161,-0.032162,-0.010422,-0.026932,-0.014308,0.006153,-0.011617,0.010016,-0.00417,10,0.021486
reversal_5d,2022-03-14,0.317133,160,-0.024369,-0.044855,-0.035209,-0.022654,-0.016517,-0.019393,0.000364,-0.009513,0.008573,0.008565,10,0.032934
reversal_5d,2022-03-15,0.301863,160,-0.040263,-0.039619,-0.022826,-0.016565,-0.044808,-0.031922,-0.014924,-0.000339,0.002404,0.000884,10,0.041146
reversal_5d,2022-03-16,0.288556,160,-0.029953,-0.02592,-0.020021,0.001173,-0.01328,0.012484,-0.016753,-0.006979,0.029808,0.016151,10,0.046104
reversal_5d,2022-03-17,0.200299,160,-0.012821,-0.036425,-0.030534,-0.007046,-0.025663,-0.014304,-0.018417,0.005531,-0.005228,0.007808,10,0.020629
reversal_5d,2022-03-18,0.075987,160,0.003175,-0.040478,-0.030496,-0.028066,-0.026217,-0.020942,-0.024559,-0.027334,-0.005074,-0.005494,10,-0.008668
reversal_5d,2022-03-21,0.031325,160,-0.003748,-0.034765,-0.001827,-0.024863,-0.017551,-0.030818,-0.023093,-0.010426,-0.008395,-0.00805,10,-0.004302
reversal_5d,2022-03-22,0.107462,160,-0.051382,-0.016106,-0.004064,-0.015545,-0.031155,-0.025592,-0.017337,0.011591,-0.030807,0.002528,10,0.053911
reversal_5d,2022-03-23,0.085342,160,-0.020975,-0.042508,-0.002603,-0.027466,-0.026016,-0.018886,-0.023658,-0.021464,-0.006189,0.00193,10,0.022906
reversal_5d,2022-03-24,0.073427,160,-0.040805,-0.034288,-0.035968,-0.024297,-0.020125,-0.03425,-0.022545,-0.018556,-0.039033,-0.016345,10,0.02446
reversal_5d,2022-03-25,0.039725,160,-0.02545,-0.004291,0.002415,-0.019398,-0.007032,-0.000886,-0.010202,-0.010596,-0.006652,-0.001813,10,0.023637
reversal_5d,2022-03-28,0.099373,160,-0.029916,-0.001457,0.002395,-0.017731,-0.014935,-0.011243,-0.003635,0.002784,-0.025803,0.030613,10,0.060529
reversal_5d,2022-03-29,0.075832,160,-0.01705,0.014266,-0.026356,0.011259,-0.010006,-0.003636,-0.003953,0.002979,-0.021059,0.032755,10,0.049806
reversal_5d,2022-03-30,0.071109,160,-0.010327,-0.003459,-0.006098,-0.012256,0.019276,0.006737,-0.025091,-0.014295,0.008804,0.011737,10,0.022064
reversal_5d,2022-03-31,-0.022179,160,-0.028113,0.00542,0.018262,-0.008915,0.004303,0.016252,0.000268,-0.015381,-0.013436,-0.011233,10,0.01688
reversal_5d,2022-04-01,-0.035632,160,-0.022712,0.005414,-0.025255,-0.013012,-0.012996,0.014127,0.002242,-0.007335,-0.01637,-0.039866,10,-0.017154
reversal_5d,2022-04-04,-0.024897,160,-0.009557,-0.02247,-0.034763,0.008129,-0.023066,0.005397,-0.007769,-0.026219,-0.017793,-0.026485,10,-0.016929
reversal_5d,2022-04-05,0.015783,160,0.008399,0.00122,-0.006228,-0.000394,-0.004976,0.006724,-0.020789,0.027634,-0.005165,0.001046,10,-0.007353
reversal_5d,2022-04-06,-0.10443,160,0.006683,0.009984,0.014876,-0.029692,-0.007227,0.005191,-0.028046,0.017678,-0.008917,-0.01729,10,-0.023973
reversal_5d,2022-04-07,-0.095761,160,0.0133,-0.007956,0.02618,-0.021225,-0.013601,-0.019878,0.000973,-0.022332,-0.019867,0.000822,10,-0.012478
reversal_5d,2022-04-08,-0.147387,160,-0.04813,-0.032975,-0.033007,-0.022259,-0.041617,-0.047725,-0.039212,-0.060588,-0.069745,-0.057179,10,-0.009049
reversal_5d,2022-04-11,-0.060662,160,-0.065283,-0.038264,-0.033941,-0.039445,-0.03304,-0.042474,-0.042308,-0.060184,-0.063435,-0.052078,10,0.013205
reversal_5d,2022-04-12,0.068009,160,-0.063659,-0.061092,-0.053519,-0.051511,-0.041055,-0.031384,-0.053403,-0.048807,-0.059167,-0.052555,10,0.011104
reversal_5d,2022-04-13,0.075082,160,-0.059172,-0.058741,-0.051703,-0.027749,-0.052846,-0.058143,-0.03278,-0.068581,-0.0576,-0.033425,10,0.025748
reversal_5d,2022-04-14,0.004357,160,-0.0446,-0.040289,-0.042146,-0.006021,-0.025488,-0.029102,-0.04475,-0.049511,-0.041731,-0.038331,10,0.006269
reversal_5d,2022-04-15,-0.013082,160,-0.0345,-0.018185,-0.031166,-0.00772,-0.031031,-0.031281,-0.045593,-0.024334,-0.036461,-0.023122,10,0.011379
reversal_5d,2022-04-18,-0.090308,160,-0.015493,0.002311,-0.036046,-0.033841,-0.026009,-0.02534,-0.023956,-0.032687,-0.026935,-0.030461,10,-0.014968
reversal_5d,2022-04-19,0.001746,160,-0.004616,-0.036456,-0.042745,-0.01307,-0.032819,-0.018462,-0.033622,-0.027636,-0.015914,-0.023187,10,-0.018571
reversal_5d,2022-04-20,0.016052,160,-0.024376,-0.01842,-0.012677,-0.029267,-0.046412,-0.027038,-0.031969,-0.000665,-0.018372,-0.035151,10,-0.010775
reversal_5d,2022-04-21,0.006513,160,-0.036437,-0.041937,-0.038661,-0.045714,-0.031987,-0.035927,-0.052129,-0.046124,-0.026828,-0.041616,10,-0.005179
reversal_5d,2022-04-22,0.008596,160,-0.006789,-0.011535,0.011528,0.003454,-0.007106,-0.01428,-0.001613,-0.005827,0.003673,-0.005947,10,0.000843
reversal_5d,2022-04-25,0.041518,160,0.005066,-0.031395,-0.006668,-0.022056,0.004939,-0.020563,0.007666,-0.011156,0.00667,-0.010739,10,-0.015805
reversal_5d,2022-04-26,0.146522,160,-0.020415,0.004455,-0.007884,-0.025796,0.016885,0.010499,0.018886,0.01198,0.003045,0.011473,10,0.031888
reversal_5d,2022-04-27,-0.0084,160,-0.002285,0.009152,0.038081,0.01748,-0.002546,0.010666,0.005953,0.021099,0.005945,0.008647,10,0.010932
reversal_5d,2022-04-28,-0.06048,160,0.031021,0.000769,0.011491,0.010345,0.021495,0.021313,0.029948,0.009713,0.001922,0.008032,10,-0.022989
reversal_5d,2022-04-29,-0.067989,160,0.035049,0.044965,0.014863,0.028081,0.032464,0.016811,0.016453,0.024152,0.017897,0.04192,10,0.006871
reversal_5d,2022-05-02,-0.102857,160,0.051267,0.04325,0.056283,0.078785,0.055485,0.047335,0.028728,0.034483,0.031298,0.059188,10,0.007921
reversal_5d,2022-05-03,-0.047463,160,0.027468,0.030561,0.035426,0.029287,0.040378,0.020598,0.04096,0.022644,0.02336,0.029112,10,0.001645
reversal_5d,2022-05-04,-0.020057,160,0.020753,0.047389,0.035875,0.039246,0.040211,0.030439,0.048389,0.03648,0.030669,0.026222,10,0.005468
reversal_5d,2022-05-05,0.036892,160,0.072108,0.041792,0.053216,0.065072,0.06896,0.0583,0.052256,0.068311,0.074343,0.063064,10,-0.009044
reversal_5d,2022-05-06,0.068302,160,0.039534,0.054066,0.006928,0.0371,0.038699,0.058399,0.043551,0.034498,0.033201,0.071556,10,0.032022
reversal_5d,2022-05-09,0.035697,160,0.052874,0.062135,0.084436,0.095847,0.057943,0.062896,0.061634,0.084343,0.058712,0.082276,10,0.029402
reversal_5d,2022-05-10,0.12064,160,0.025722,0.066497,0.032866,0.049508,0.06239,0.038519,0.044464,0.058343,0.073474,0.05543,10,0.029708
reversal_5d,2022-05-11,0.020974,160,0.024526,0.027482,0.028034,0.044405,0.017062,0.006551,0.033559,0.039698,0.034179,0.024891,10,0.000365
reversal_5d,2022-05-12,-0.063152,160,0.023316,0.028024,0.021246,0.049502,0.011192,0.026305,0.012787,0.037121,0.02428,0.003388,10,-0.019928
reversal_5d,2022-05-13,-0.137285,160,0.029195,0.027292,0.052166,0.039496,0.033387,0.015555,0.007317,0.034794,0.00907,0.007834,10,-0.021361
reversal_5d,2022-05-16,-0.114646,160,0.023499,-0.005417,0.019327,-0.00428,-0.013009,0.000972,-0.006514,0.004868,-0.01639,-0.004885,10,-0.028384
reversal_5d,2022-05-17,-0.152646,160,-0.00422,0.03271,0.015008,0.024191,0.011531,-0.010404,-0.000852,0.002728,-0.003812,-0.014497,10,-0.010277
reversal_5d,2022-05-18,-0.060149,160,0.02243,0.009023,0.012124,0.003478,-0.00994,0.03026,0.001534,0.003906,-0.018843,0.010114,10,-0.012316
reversal_5d,2022-05-19,-0.053794,160,-0.001605,-0.017236,-0.001754,-0.003301,0.002999,-0.011065,-0.005811,-0.022133,-0.009505,-0.014726,10,-0.013121
reversal_5d,2022-05-20,-0.089954,160,-0.007816,0.010308,-0.000712,-0.001718,-0.030381,-0.018883,-0.034153,-0.00692,-0.016768,0.006495,10,0.014311
reversal_5d,2022-05-23,0.016653,160,-0.036151,-0.047308,-0.049143,-0.02518,-0.026694,-0.03878,-0.042373,-0.040159,-0.033721,-0.02324,10,0.012912
reversal_5d,2022-05-24,0.023245,160,-0.038791,-0.033726,-0.048527,-0.029316,-0.019306,-0.021308,-0.029282,-0.0462,-0.037978,-0.024409,10,0.014382
reversal_5d,2022-05-25,0.024268,160,-0.044895,-0.041111,-0.005735,-0.023162,-0.009117,-0.013122,-0.02269,-0.037018,-0.040645,-0.024414,10,0.020481
reversal_5d,2022-05-26,0.082594,160,-0.036048,-0.024548,-0.007871,-0.021581,-0.01445,0.00288,-0.022635,-0.007613,-0.026899,-0.00706,10,0.028988
reversal_5d,2022-05-27,0.125867,160,-0.030453,-0.031424,-0.02537,-0.024133,-0.015123,-0.000555,-0.024011,-0.023779,-0.013585,6.8e-05,10,0.030521
reversal_5d,2022-05-30,0.064555,160,-0.000423,-0.024596,-0.031704,-0.010946,0.003005,-0.006461,-0.016105,-0.011613,-0.015854,0.007476,10,0.007899
reversal_5d,2022-05-31,-0.021168,160,0.002246,-0.011424,0.016898,-0.009615,-0.006746,-0.018511,-0.02892,0.007302,0.000942,0.004443,10,0.002198
reversal_5d,2022-06-01,0.012162,160,-0.001474,-0.004942,-0.024804,0.029964,-0.008025,0.02508,0.001895,-0.012859,-0.001605,0.001673,10,0.003146
reversal_5d,2022-06-02,0.023764,160,0.02138,0.025999,0.005272,0.014991,0.024542,-0.012504,0.044576,0.012463,0.010765,0.016337,10,-0.005043
reversal_5d,2022-06-03,-0.01452,160,0.035312,0.044752,0.040835,0.024037,0.029378,0.040942,0.029143,0.049808,0.024449,0.024173,10,-0.011139
reversal_5d,2022-06-06,0.049496,160,0.063333,0.057862,0.048113,0.048477,0.070222,0.059484,0.039386,0.059857,0.054104,0.068465,10,0.005132
reversal_5d,2022-06-07,-0.016492,160,0.069072,0.026452,0.065595,0.047613,0.047493,0.053244,0.053345,0.024848,0.050542,0.061315,10,-0.007756
reversal_5d,2022-06-08,-0.071376,160,0.039177,0.021996,0.027383,0.036562,0.039719,0.034943,0.042793,0.017817,0.019114,0.019904,10,-0.019273
reversal_5d,2022-06-09,-0.109715,160,0.033317,0.001336,0.045608,0.004553,0.014554,-0.010045,0.013202,-0.018309,0.020069,0.017935,10,-0.015381
reversal_5d,2022-06-10,-0.136995,160,0.010015,0.017582,0.011344,0.016762,-0.001138,-0.020676,0.000609,-0.004382,0.00789,-0.003089,10,-0.013104
reversal_5d,2022-06-13,-0.065323,160,0.004408,0.026131,0.015069,0.009857,-0.002231,-0.012124,0.003774,-0.012358,0.017614,0.011653,10,0.007245
reversal_5d,2022-06-14,0.057708,160,0.007071,0.000947,0.000666,-0.00489,-0.010179,-0.015013,0.004669,-0.010627,0.026356,0.01617,10,0.009099
reversal_5d,2022-06-15,0.047592,160,-0.022876,-0.007784,-0.017945,-0.007663,0.004901,-0.01263,-0.013398,-0.013083,-0.013551,-0.003151,10,0.019725
reversal_5d,2022-06-16,-0.025085,160,-0.022711,0.009755,0.004275,-0.010492,-0.018296,0.001845,-0.029236,-0.020003,0.004406,-0.022544,10,0.000167
reversal_5d,2022-06-17,-0.023617,160,-0.019064,-0.008732,-0.018152,0.020567,8.7e-05,-0.017962,-0.033759,-0.012316,-0.026748,-0.00038,10,0.018683
reversal_5d,2022-06-20,0.042863,160,-0.013897,-0.021652,0.011728,-0.022546,-0.020897,-0.013865,-0.020962,-0.024817,-0.002492,0.009176,10,0.023073
reversal_5d,2022-06-21,0.064429,160,-0.027295,-0.027934,-0.010836,-0.030676,-0.033005,-0.033634,-0.006201,0.001303,-0.015087,-0.025025,10,0.00227
reversal_5d,2022-06-22,0.012979,160,-0.021291,-0.014156,-0.008214,-0.032533,-0.011773,-0.029823,-0.016008,0.009186,-0.009577,-0.027498,10,-0.006208
reversal_5d,2022-06-23,0.067254,160,-0.008307,-0.021653,-0.008079,0.019942,-0.005066,0.015172,-0.00944,0.012908,0.003752,-0.010101,10,-0.001793
reversal_5d,2022-06-24,0.095646,160,0.011866,-0.023745,0.021169,0.007792,0.009422,0.00145,0.023753,0.013264,0.006897,0.009755,10,-0.00211
reversal_5d,2022-06-27,0.085474,160,0.0124,-0.004806,0.00012,0.017882,0.024659,0.025987,0.019804,0.024079,0.01144,0.007206,10,-0.005194
reversal_5d,2022-06-28,-0.021552,160,0.01778,0.023988,0.011158,0.008991,0.019874,0.037904,-0.005989,0.015138,0.012132,0.01283,10,-0.00495
reversal_5d,2022-06-29,-0.000639,160,0.004712,0.021954,0.007702,0.039899,0.012977,0.005593,0.002795,0.005889,0.007058,0.019508,10,0.014796
reversal_5d,2022-06-30,0.012554,160,0.018477,0.000679,0.00839,0.019768,-0.017161,0.004371,0.0263,0.017358,-0.008888,0.015481,10,-0.002996
reversal_5d,2022-07-01,0.028519,160,-0.002877,-0.014082,0.010484,-0.008136,-0.018817,-0.013985,-0.012439,0.003812,-0.008819,0.005212,10,0.008089
reversal_5d,2022-07-04,0.083409,160,-0.024139,-0.048587,-0.060815,-0.037723,-0.016889,-0.012258,-0.043789,-0.032208,-0.04657,-0.009642,10,0.014497
reversal_5d,2022-07-05,0.104286,160,-0.019234,-0.050417,-0.012636,-0.032056,-0.048296,-0.030143,-0.014333,-0.018757,-0.023152,-0.006711,10,0.012523
reversal_5d,2022-07-06,0.067239,160,-0.026405,-0.013642,-0.03362,0.015246,0.001206,-0.008937,-0.017116,-0.032406,0.01292,0.002115,10,0.028521
reversal_5d,2022-07-07,0.139924,160,-0.030572,-0.018451,-0.031149,-0.008052,-0.035761,-0.026186,-0.013214,0.009796,-0.014965,-0.010673,10,0.019898
reversal_5d,2022-07-08,0.121223,160,-0.029702,0.002106,0.010248,-0.045698,-0.030249,-0.025825,-0.016493,0.011457,-0.001486,0.005536,10,0.035238
reversal_5d,2022-07-11,0.01285,160,-0.007611,-0.023606,-0.01454,-0.03251,-0.022406,0.004117,-0.014775,-0.013972,-0.016376,-0.012347,10,-0.004736
reversal_5d,2022-07-12,-0.015962,160,0.007388,-0.005068,-0.01257,-0.006747,-0.029714,-0.010078,-0.00298,-0.013965,-0.01806,-0.000155,10,-0.007543
reversal_5d,2022-07-13,-0.093724,160,0.024449,0.035859,0.020876,0.013431,0.004819,-0.026092,-0.005124,0.01815,0.019502,0.006595,10,-0.017853
reversal_5d,2022-07-14,-0.015944,160,0.016749,0.007761,0.003567,0.003309,0.007779,-0.02078,-0.005062,0.015901,-0.007668,0.016476,10,-0.000273
reversal_5d,2022-07-15,-0.061801,160,0.039842,0.003067,-0.023317,0.028013,-0.011475,-0.021764,-0.005421,0.027482,0.028921,-0.02664,10,-0.066481
reversal_5d,2022-07-18,0.015346,160,0.048619,0.007255,0.004111,-0.008748,-0.004754,-0.016118,0.021157,0.031159,0.028315,0.017708,10,-0.030911
reversal_5d,2022-07-19,0.094337,160,0.033737,0.031525,-0.006686,0.023416,-0.012764,0.006056,0.034923,0.032356,0.027804,0.045972,10,0.012235
reversal_5d,2022-07-20,0.056572,160,0.040276,0.050976,0.029174,0.030361,0.043415,0.034174,0.040931,0.021095,0.065326,0.058082,10,0.017805
reversal_5d,2022-07-21,0.034053,160,0.024376,0.045759,0.029181,0.006238,0.046392,0.033242,0.048926,0.017795,0.022993,0.056443,10,0.032067
reversal_5d,2022-07-22,0.057465,160,0.020666,0.01783,0.041468,0.031065,0.041972,0.020828,0.012253,0.022768,0.046661,0.046519,10,0.025853
reversal_5d,2022-07-25,0.013005,160,0.018917,0.02435,-0.01455,0.033882,0.047045,0.014141,0.049712,0.000467,0.026111,0.01237,10,-0.006547
reversal_5d,2022-07-26,-0.107199,160,0.035336,0.023173,0.012249,0.047,0.01909,0.00738,0.048206,0.021756,-0.003422,0.004829,10,-0.030507
reversal_5d,2022-07-27,-0.076333,160,0.002814,0.021997,0.004723,0.04715,0.012663,0.015023,0.035759,0.017962,-0.003963,-0.015204,10,-0.018018
reversal_5d,2022-07-28,-0.078097,160,0.029412,0.03337,0.024363,0.032428,0.033367,0.044126,0.033388,0.030325,0.036742,-0.006253,10,-0.035665
reversal_5d,2022-07-29,-0.052276,160,0.060889,0.03206,0.04492,0.050132,0.0393,0.040563,0.04676,0.039138,0.077354,0.026842,10,-0.034047
reversal_5d,2021-01-11,0.025363,160,0.043192,0.00706,0.003573,0.028188,0.0081,0.024984,0.020123,-0.002746,0.040928,0.030233,20,-0.012959
reversal_5d,2021-01-12,0.024464,160,0.014854,0.025928,0.005712,0.010311,0.019588,0.018703,0.008732,0.027746,-0.01692,0.044203,20,0.029349
reversal_5d,2021-01-13,-0.030997,160,0.035084,0.05777,0.009471,0.035458,0.01238,-0.001289,0.055521,0.000367,-0.005399,0.071131,20,0.036047
reversal_5d,2021-01-14,-0.02011,160,0.00221,0.029416,0.037768,0.014593,0.036547,0.007494,0.011325,0.035769,-0.00439,0.035762,20,0.033552
reversal_5d,2021-01-15,0.002792,160,-7.1e-05,0.043407,0.025744,0.013433,0.044887,-0.004372,0.027592,0.045159,0.01886,0.033938,20,0.034009
reversal_5d,2021-01-18,-0.000445,160,-0.006934,0.000437,0.003117,0.02611,0.022454,-0.022391,0.019128,0.033311,-0.013507,0.002582,20,0.009516
reversal_5d,2021-01-19,0.0228,160,-0.013477,0.002021,0.019197,0.030623,0.032565,0.028515,0.032279,0.015976,0.02082,-0.005854,20,0.007623
reversal_5d,2021-01-20,0.061221,160,-0.001136,0.004619,0.041649,0.023542,0.032467,0.048372,0.007885,0.009304,0.040623,0.033366,20,0.034502
reversal_5d,2021-01-21,0.081577,160,0.015633,0.021188,0.026416,0.058363,0.025369,0.01175,0.060193,0.030384,0.010935,0.062135,20,0.046502
reversal_5d,2021-01-22,0.020696,160,0.024557,0.016591,-0.00132,0.026176,0.0265,0.059133,0.004814,0.014855,0.001672,0.057324,20,0.032767
reversal_5d,2021-01-25,0.052218,160,0.002396,0.047405,0.018888,0.072233,0.041803,0.016007,0.060898,0.023534,0.026274,0.06293,20,0.060534
reversal_5d,2021-01-26,0.11079,160,0.011131,0.0382,0.01286,0.047548,0.027122,0.052635,0.007198,0.037054,0.040787,0.068497,20,0.057366
reversal_5d,2021-01-27,0.17565,160,0.026879,-0.012069,-0.012007,0.046355,0.0295,0.015187,0.023717,0.044158,0.045036,0.046708,20,0.019829
reversal_5d,2021-01-28,0.147105,160,0.02331,-0.007919,0.039653,-0.006005,0.015245,0.061744,0.051778,0.014358,0.073526,0.029381,20,0.006071
reversal_5d,2021-01-29,0.174203,160,0.038253,0.008877,0.035312,0.073513,0.012722,0.081544,0.097678,0.018079,0.076407,0.068278,20,0.030025
reversal_5d,2021-02-01,0.14124,160,0.032451,0.044385,0.055304,0.075447,-0.00185,0.068433,0.081175,0.089933,0.051044,0.065262,20,0.032811
reversal_5d,2021-02-02,0.091082,160,0.034717,0.046165,0.031461,0.019549,0.03349,0.095646,0.028314,0.054094,0.072085,0.026151,20,-0.008567
reversal_5d,2021-02-03,0.036464,160,0.026948,0.048875,0.040305,0.008921,0.043621,0.012838,0.030068,0.052542,0.025682,0.042831,20,0.015883
reversal_5d,2021-02-04,0.025773,160,0.0729,0.022514,0.07818,0.020207,0.030706,0.042376,0.041194,0.090064,0.061226,0.039048,20,-0.033852
reversal_5d,2021-02-05,-0.082963,160,0.090215,0.039303,0.069008,0.037812,0.038764,0.010448,0.024102,0.12405,0.044764,0.022757,20,-0.067458
reversal_5d,2021-02-08,0.003905,160,0.034347,0.053965,0.024047,0.043638,0.031939,0.038672,0.061213,0.031246,0.048361,0.035619,20,0.001271
reversal_5d,2021-02-09,-0.018862,160,0.059891,0.066752,0.093968,0.050072,0.081173,0.05748,0.063018,0.043869,0.08238,0.079499,20,0.019609
reversal_5d,2021-02-10,-0.116738,160,0.082405,0.04845,0.060367,0.036514,0.00719,0.022918,0.068995,0.033415,0.027541,0.048682,20,-0.033723
reversal_5d,2021-02-11,-0.088099,160,0.111802,0.116002,0.053032,0.076418,0.085292,0.051033,0.05132,0.085613,0.08706,0.067802,20,-0.044
reversal_5d,2021-02-12,-0.044061,160,0.109675,0.114529,0.139593,0.080592,0.112194,0.079066,0.120399,0.066324,0.076106,0.121748,20,0.012073
reversal_5d,2021-02-15,-0.081733,160,0.118954,0.135248,0.13359,0.187961,0.113356,0.14382,0.117971,0.120621,0.10457,0.113371,20,-0.005583
reversal_5d,2021-02-16,-0.012156,160,0.101987,0.152853,0.131424,0.132892,0.1058,0.152127,0.103164,0.106151,0.132762,0.111494,20,0.009508
reversal_5d,2021-02-17,-0.022076,160,0.081758,0.139932,0.100596,0.139416,0.098526,0.144236,0.091993,0.100291,0.109803,0.092428,20,0.01067
reversal_5d,2021-02-18,-0.0243,160,0.095926,0.130309,0.100025,0.140296,0.104286,0.113914,0.109694,0.087686,0.128608,0.092337,20,-0.003589
reversal_5d,2021-02-19,-0.040091,160,0.115131,0.125817,0.130182,0.097601,0.130563,0.111017,0.124569,0.125445,0.054024,0.134667,20,0.019536
reversal_5d,2021-02-22,-0.06142,160,0.140227,0.0701,0.12851,0.061999,0.127506,0.131805,0.120371,0.100376,0.067477,0.086794,20,-0.053434
reversal_5d,2021-02-23,-0.111532,160,0.131012,0.079523,0.116527,0.157687,0.084761,0.124641,0.104632,0.108433,0.069502,0.08863,20,-0.042382
reversal_5d,2021-02-24,-0.040135,160,0.105808,0.115053,0.112353,0.12729,0.14257,0.088476,0.1255,0.113747,0.094793,0.1189,20,0.013093
reversal_5d,2021-02-25,-0.033825,160,0.14988,0.086706,0.129557,0.123409,0.146693,0.102514,0.110006,0.121838,0.142875,0.115726,20,-0.034154
reversal_5d,2021-02-26,-0.041653,160,0.114466,0.125962,0.102231,0.143371,0.119993,0.115671,0.071581,0.093676,0.121652,0.129674,20,0.015208
reversal_5d,2021-03-01,3.8e-05,160,0.115558,0.100746,0.103855,0.1368,0.06055,0.09123,0.107755,0.090164,0.108303,0.140528,20,0.02497
reversal_5d,2021-03-02,0.074186,160,0.086755,0.114325,0.083282,0.0929,0.08396,0.098083,0.113849,0.125768,0.110186,0.105906,20,0.019152
reversal_5d,2021-03-03,0.011233,160,0.090032,0.094479,0.112147,0.084984,0.107437,0.12162,0.10971,0.098038,0.111186,0.087208,20,-0.002824
reversal_5d,2021-03-04,-0.030083,160,0.053543,0.081389,0.084558,0.068631,0.0852,0.059479,0.081377,0.101171,0.048996,0.063588,20,0.010045
reversal_5d,2021-03-05,0.035289,160,0.006882,0.059742,0.085781,0.079098,0.066735,0.068918,0.062207,0.049178,0.018555,0.086133,20,0.079251
reversal_5d,2021-03-08,-0.020286,160,0.05501,0.08322,0.073502,0.049894,0.078126,0.08375,0.067481,0.047174,0.042157,0.080283,20,0.025273
reversal_5d,2021-03-09,-0.036081,160,0.045611,0.02424,0.034181,0.057245,0.057285,0.034702,0.044281,0.053883,0.017997,0.029199,20,-0.016412
reversal_5d,2021-03-10,0.01087,160,0.061587,0.033263,0.073884,0.041338,0.06063,0.064528,0.0406,0.037354,0.024264,0.081725,20,0.020138
reversal_5d,2021-03-11,0.004781,160,0.019364,0.032577,0.01338,0.003406,0.004356,0.029038,0.026152,0.008586,0.007477,0.022016,20,0.002652
reversal_5d,2021-03-12,-0.020679,160,-0.006094,0.0086,-0.01593,0.008837,-0.010422,0.010765,-0.023456,0.006519,-0.017213,-0.012021,20,-0.005927
reversal_5d,2021-03-15,0.044366,160,-0.050903,-0.030445,-0.046218,-0.028181,-0.050477,0.002322,-0.063169,-0.008452,-0.040367,-0.036025,20,0.014877
reversal_5d,2021-03-16,0.0478,160,-0.065746,-0.050814,-0.0163,-0.05232,-0.064955,-0.064119,-0.031302,-0.032809,-0.014856,-0.062946,20,0.0028
reversal_5d,2021-03-17,0.004779,160,0.003638,-0.016617,-0.05278,-0.038102,-0.033749,-0.013922,-0.010103,-0.029569,-0.006253,-0.025582,20,-0.029221
reversal_5d,2021-03-18,0.016175,160,-0.032484,-0.056713,-0.022199,-0.009679,-0.083277,-0.037834,-0.014561,-0.025295,-0.052541,-0.031225,20,0.001259
reversal_5d,2021-03-19,0.009674,160,-0.013575,0.002785,-0.088883,0.01165,-0.020325,-0.016481,-0.056566,-0.00705,-0.040041,-0.010094,20,0.003481
reversal_5d,2021-03-22,-0.149156,160,-0.011069,0.020213,0.031617,-0.045855,-0.030477,-0.009413,-0.022939,-0.032292,-0.032946,-0.032016,20,-0.020948
reversal_5d,2021-03-23,-0.122029,160,0.005989,-0.007954,0.011734,-0.022243,-0.007443,-0.020828,-0.03885,-0.023362,-0.039818,-0.014603,20,-0.020591
reversal_5d,2021-03-24,-0.099232,160,-0.031147,0.017781,-0.019919,-0.02989,-0.024296,-0.025824,-0.038818,-0.033169,-0.035261,-0.03485,20,-0.003703
reversal_5d,2021-03-25,-0.118382,160,-0.043394,0.014646,-0.010566,-0.014376,-0.031891,-0.036818,-0.038157,-0.038725,-0.048202,-0.040179,20,0.003216
reversal_5d,2021-03-26,-0.075448,160,-0.023265,-0.007329,-0.056952,-0.00028,-0.002318,-0.023053,-0.037828,-0.081512,-0.027301,-0.02818,20,-0.004915
reversal_5d,2021-03-29,-0.080696,160,0.011573,0.012045,0.006913,-0.023846,-0.044034,-0.040034,0.034284,-0.035413,-0.022926,-0.009391,20,-0.020964
reversal_5d,2021-03-30,-0.00445,160,-0.008434,-0.006523,0.020355,-0.034498,-0.036984,-0.00702,-0.023944,0.000937,-0.006127,0.00049,20,0.008924
reversal_5d,2021-03-31,-0.003328,160,0.000645,0.007774,0.006661,-0.01929,0.026129,-0.00587,-0.037195,0.002269,0.000484,0.023584,20,0.022939
reversal_5d,2021-04-01,0.015551,160,0.027562,0.020586,0.002688,-0.00208,0.020142,-0.018245,0.058655,-0.007643,0.029599,0.03107,20,0.003507
reversal_5d,2021-04-02,-0.089538,160,0.006769,0.071935,0.069444,0.006135,0.034151,0.014077,0.01685,0.013601,-0.002671,0.03518,20,0.028411
reversal_5d,2021-04-05,-0.024933,160,-0.017409,0.003776,0.031769,-0.007959,0.026161,-0.022492,-0.022503,0.031894,-0.012553,-0.009744,20,0.007664
reversal_5d,2021-04-06,-0.063035,160,-0.035213,0.032139,-0.011308,0.059292,0.004354,0.00339,-0.045514,0.02924,-0.024519,-0.02298,20,0.012233
reversal_5d,2021-04-07,-0.062967,160,0.015072,0.015071,-0.021514,-0.006938,-0.019578,-0.01467,0.023343,-0.012435,-0.031392,-0.007411,20,-0.022483
reversal_5d,2021-04-08,0.00731,160,0.016782,-0.00961,-0.032555,-0.002711,0.037999,-0.009089,-0.010827,0.017981,-0.015374,-0.004866,20,-0.021648
reversal_5d,2021-04-09,-0.104913,160,0.018682,-0.009075,0.042803,-0.012326,0.054528,-0.020014,0.001333,-0.056278,-0.004927,-0.006421,20,-0.025103
reversal_5d,2021-04-12,-0.098134,160,0.025779,0.060679,0.026617,0.040077,0.066327,-0.027766,0.003776,-0.02466,0.039867,0.017541,20,-0.008238
reversal_5d,2021-04-13,-0.133646,160,0.04799,0.004124,0.048095,0.016176,-0.008978,0.023294,0.024891,-0.024133,-0.011627,0.002582,20,-0.045407
reversal_5d,2021-04-14,-0.179477,160,0.034089,7.1e-05,-0.006918,-0.037289,-0.018232,-0.048066,-0.050742,-0.049886,-0.029089,-0.023142,20,-0.05723
reversal_5d,2021-04-15,-0.191269,160,0.048445,-0.032093,-0.024226,-0.023323,-0.044236,-0.045691,-0.023265,-0.048675,-0.056349,-0.04226,20,-0.090705
reversal_5d,2021-04-16,-0.127344,160,0.000217,-0.017275,-0.029506,-0.037476,-0.055045,-0.026261,-0.075648,-0.069193,-0.04059,-0.034946,20,-0.035163
reversal_5d,2021-04-19,-0.135594,160,-0.004904,-0.012221,-0.003918,-0.042741,-0.031488,-0.023213,-0.03086,-0.053973,-0.038939,-0.032568,20,-0.027664
reversal_5d,2021-04-20,-0.09472,160,-0.014268,-0.019366,-0.024602,-0.023269,-0.001897,-0.021443,-0.040206,-0.037281,-0.05672,-0.040882,20,-0.026614
reversal_5d,2021-04-21,-0.036362,160,-0.008354,-0.030338,-0.03236,-0.006656,0.001636,-0.00117,-0.002423,-0.031475,-0.048577,-0.02462,20,-0.016266
reversal_5d,2021-04-22,-0.042989,160,-0.0288,-0.039797,-0.047956,-0.044673,0.00891,-0.065535,-0.042729,-0.046302,-0.026923,-0.047301,20,-0.018501
reversal_5d,2021-04-23,-0.01931,160,-0.046042,-0.044347,-0.029285,-0.017887,-0.062913,-0.052656,-0.054296,-0.062145,-0.03135,-0.038238,20,0.007804
reversal_5d,2021-04-26,-0.050993,160,-0.072427,-0.051825,-0.067702,-0.065906,-0.0912,-0.068518,-0.054215,-0.065272,-0.072092,-0.097228,20,-0.024801
reversal_5d,2021-04-27,-0.073989,160,-0.055294,-0.05208,-0.05875,-0.083885,-0.027844,-0.085248,-0.047939,-0.087798,-0.087853,-0.059392,20,-0.004098
reversal_5d,2021-04-28,-0.201796,160,-0.01831,-0.048471,-0.043561,-0.040998,-0.060014,-0.08191,-0.062358,-0.089975,-0.067779,-0.061426,20,-0.043116
reversal_5d,2021-04-29,-0.131753,160,-0.062162,-0.018412,-0.072127,-0.05295,-0.051234,-0.075485,-0.081611,-0.066859,-0.086814,-0.051073,20,0.011089
reversal_5d,2021-04-30,-0.078082,160,-0.037553,-0.029789,-0.05777,-0.07136,-0.06251,-0.018273,-0.066587,-0.056389,-0.065816,-0.054608,20,-0.017055
reversal_5d,2021-05-03,0.046792,160,-0.054678,-0.023219,-0.049403,-0.01615,-0.047622,-0.043527,-0.03521,-0.025249,-0.032357,-0.039403,20,0.015274
reversal_5d,2021-05-04,-0.018209,160,-0.027807,-0.054934,-0.018713,-0.013248,-0.003374,-0.032516,-0.058947,-0.029364,-0.030643,-0.026809,20,0.000999
reversal_5d,2021-05-05,0.018264,160,-0.045492,-0.023909,-0.002991,-0.026287,-0.032369,-0.027719,-0.021205,-0.027238,-0.00691,-0.032746,20,0.012746
reversal_5d,2021-05-06,0.032075,160,-0.018474,-0.001708,-0.034483,-0.017279,-0.038191,0.023801,-0.000355,-0.052243,-0.009933,0.004206,20,0.02268
reversal_5d,2021-05-07,0.021036,160,-0.018367,-0.003802,-0.001844,0.008292,-0.023327,-0.03145,-0.012732,-0.037947,0.01178,0.016439,20,0.034807
reversal_5d,2021-05-10,0.043171,160,-0.030406,-0.034839,-0.033186,-0.025555,-0.035019,0.012118,-0.003503,0.014156,-0.027852,-0.036679,20,-0.006273
reversal_5d,2021-05-11,0.069463,160,-0.043612,-0.02247,-0.022955,-0.054842,-0.022618,-0.011453,-0.009497,-0.036662,0.008249,-0.031975,20,0.011636
reversal_5d,2021-05-12,0.151928,160,-0.022417,-0.053515,-0.023212,-0.003875,-0.001223,-0.000873,-0.019256,0.042715,-0.004984,-0.004298,20,0.018119
reversal_5d,2021-05-13,0.086646,160,-0.004399,-0.044579,0.002391,-0.017566,0.040418,-0.011322,0.00788,0.003904,0.031312,-0.007326,20,-0.002927
reversal_5d,2021-05-14,0.030529,160,-0.007815,-0.003558,-0.006913,0.006293,-0.008922,-0.022529,0.03168,-0.006172,0.00924,0.002194,20,0.01001
reversal_5d,2021-05-17,0.031428,160,0.010348,-0.013936,0.003384,0.007277,-0.036725,-0.002268,-0.006906,0.003082,0.024888,0.005345,20,-0.005003
reversal_5d,2021-05-18,0.016474,160,-0.022766,-0.012882,-0.013284,-0.003048,-0.034527,0.00243,0.010706,-0.014286,0.001685,-0.028575,20,-0.005809
reversal_5d,2021-05-19,0.090988,160,-0.01863,-0.018002,-0.020642,-0.00627,-0.025853,0.008057,0.011999,0.007855,-0.000448,-0.018967,20,-0.000337
reversal_5d,2021-05-20,0.077619,160,-0.003873,-0.029189,0.021007,0.015616,0.042103,0.008976,0.022006,0.010011,0.037282,-0.003545,20,0.000328
reversal_5d,2021-05-21,0.089552,160,0.008466,0.050746,-0.007301,0.01967,0.032497,0.018247,0.026168,0.021902,0.041418,0.044947,20,0.036481
reversal_5d,2021-05-24,0.113542,160,0.055095,0.027435,0.068626,0.023543,0.067268,0.063728,0.045757,0.027469,0.082775,0.08827,20,0.033174
reversal_5d,2021-05-25,0.207351,160,0.071086,0.00788,0.031965,0.022264,0.033828,0.054811,0.066415,0.062235,0.093569,0.083211,20,0.012126
reversal_5d,2021-05-26,0.200914,160,0.039832,-0.023974,0.0166,0.035878,0.028593,0.039031,0.017919,0.048722,0.080161,0.062366,20,0.022533
reversal_5d,2021-05-27,0.091668,160,0.037313,0.040603,0.027442,0.03892,0.034143,0.04537,0.052136,0.043812,0.049188,0.083805,20,0.046493
reversal_5d,2021-05-28,0.069908,160,0.02838,0.037235,0.017012,0.026874,0.065315,0.05473,0.026613,0.029165,0.043735,0.071187,20,0.042807
reversal_5d,2021-05-31,-0.021153,160,0.058581,0.039313,0.055567,0.037383,0.061172,0.047437,0.03715,0.021569,0.07372,0.066399,20,0.007817
reversal_5d,2021-06-01,-0.056651,160,0.070021,0.042271,0.071312,0.040337,0.044123,0.034745,0.03045,0.034951,0.044826,0.080317,20,0.010296
reversal_5d,2021-06-02,-0.056167,160,0.04467,0.06143,0.087513,0.053541,0.072452,0.070812,0.068544,0.035156,0.03297,0.076918,20,0.032248
reversal_5d,2021-06-03,0.01176,160,0.034328,0.06536,0.059241,0.060299,0.068747,0.011239,0.069522,0.058436,0.078141,0.041328,20,0.007
reversal_5d,2021-06-04,-0.077625,160,0.034744,0.04538,0.031802,0.03561,0.03149,0.022571,0.015946,0.030764,0.050618,0.00848,20,-0.026264
reversal_5d,2021-06-07,-0.045588,160,0.022798,0.006341,0.009102,0.052716,0.041624,0.049525,-0.002866,0.00925,0.001889,0.016458,20,-0.00634
reversal_5d,2021-06-08,-0.034302,160,0.033395,0.033822,0.063213,0.028094,0.016273,0.014448,0.018132,0.036491,0.036528,0.033987,20,0.000591
reversal_5d,2021-06-09,-0.001491,160,0.05842,0.03547,0.031426,0.025203,0.021021,0.062201,0.042597,0.026607,0.021938,0.064786,20,0.006366
reversal_5d,2021-06-10,-0.0022,160,0.024079,0.042733,0.043654,0.028358,0.007934,-0.008375,0.034181,0.015261,0.034129,0.054783,20,0.030704
reversal_5d,2021-06-11,0.019785,160,0.02986,-0.002811,0.044836,0.023956,-0.003429,0.070218,-0.007399,-0.00646,0.050932,0.046069,20,0.01621
reversal_5d,2021-06-14,0.022261,160,0.028094,0.003537,0.011971,0.052246,0.02124,0.003052,0.068904,0.02718,0.003865,0.037095,20,0.009001
reversal_5d,2021-06-15,0.061037,160,0.015168,0.020274,0.052824,0.035891,0.040003,0.098899,0.044093,0.042308,0.013825,0.090194,20,0.075025
reversal_5d,2021-06-16,0.144808,160,0.025777,0.025061,0.06056,0.045935,0.064164,0.058688,0.040476,0.092931,0.089718,0.058028,20,0.032252
reversal_5d,2021-06-17,0.079049,160,-0.023249,0.053998,0.044686,0.040572,0.019845,0.050055,0.057363,0.052647,0.043251,0.032952,20,0.0562
reversal_5d,2021-06-18,0.069981,160,-0.018147,0.065153,-0.028037,-0.007984,-0.008764,0.046871,0.020767,-0.000117,0.023635,0.014639,20,0.032786
reversal_5d,2021-06-21,0.008318,160,0.002043,0.019432,0.019762,0.020856,0.013788,-0.012085,-0.005073,0.072392,-0.019151,0.015296,20,0.013253
reversal_5d,2021-06-22,-0.017775,160,-0.015884,-0.021331,0.023793,0.022842,-0.007005,0.006129,0.010482,0.00292,0.020024,-0.030199,20,-0.014315
reversal_5d,2021-06-23,-0.110796,160,0.020406,0.016403,0.015795,0.042686,-0.000484,0.022776,-0.001315,-0.002016,-0.004842,-0.000509,20,-0.020915
reversal_5d,2021-06-24,-0.028976,160,0.01838,-0.023886,0.036211,0.003225,0.001684,0.03288,-0.002172,-0.017123,-0.01082,0.005553,20,-0.012827
reversal_5d,2021-06-25,0.096581,160,-0.014758,-0.00211,-0.032873,-0.029765,-0.004019,-0.013055,-0.02759,-9.6e-05,0.022066,-0.005715,20,0.009043
reversal_5d,2021-06-28,0.138,160,0.000826,-0.018066,-0.033902,-0.019217,-0.033157,-0.059112,0.002093,0.021469,0.016029,0.019251,20,0.018424
reversal_5d,2021-06-29,0.13347,160,0.000577,-0.045966,-0.00031,0.014421,-0.022158,0.015313,0.009851,-0.013642,0.030297,0.014137,20,0.01356
reversal_5d,2021-06-30,0.122264,160,-0.045588,-0.014489,-0.031596,-0.043183,0.035223,0.021228,0.007293,0.027464,0.026862,-0.051524,20,-0.005937
reversal_5d,2021-07-01,0.089479,160,-0.001257,-0.049976,0.000603,-0.002847,-0.048581,0.008718,0.046522,0.029066,-0.018707,-0.009881,20,-0.008624
reversal_5d,2021-07-02,0.036646,160,0.033054,0.002596,-0.036402,0.021267,-8.9e-05,0.008061,-0.01468,0.033408,0.01696,0.008559,20,-0.024495
reversal_5d,2021-07-05,0.069395,160,0.0244,0.005795,0.003324,0.020772,-0.011334,0.017326,-0.005887,0.023303,0.032933,0.02981,20,0.00541
reversal_5d,2021-07-06,-0.001764,160,0.013041,-0.006568,0.05165,0.02187,0.028746,0.017915,0.014521,0.013414,0.006818,0.027133,20,0.014092
reversal_5d,2021-07-07,0.064063,160,-0.015228,0.021635,0.007958,0.014762,-0.00921,0.004626,0.005738,0.067595,0.030201,-0.020184,20,-0.004956
reversal_5d,2021-07-08,0.094697,160,0.007748,0.001614,-0.019574,0.04985,0.027794,0.039441,0.048164,0.016158,0.001298,0.017286,20,0.009538
reversal_5d,2021-07-09,0.072756,160,-0.00608,0.015045,0.054715,0.059623,0.0226,0.03185,0.01991,0.020392,0.043492,0.028211,20,0.034291
reversal_5d,2021-07-12,0.000929,160,0.000521,0.006215,0.004541,-0.023723,-0.015715,-0.024954,0.01585,-0.002701,0.008233,-0.004966,20,-0.005487
reversal_5d,2021-07-13,0.033291,160,-0.015045,-0.000831,-0.037781,-0.007583,-0.008854,-0.015501,-0.022048,-0.012072,-0.010708,-0.001785,20,0.013261
reversal_5d,2021-07-14,-0.000516,160,-0.068582,-0.046585,-0.004197,-0.042963,-0.068324,-0.103563,-0.065118,-0.049101,-0.019548,-0.047233,20,0.021349
reversal_5d,2021-07-15,0.039268,160,-0.054452,-0.044608,-0.013775,-0.04874,-0.039073,-0.02549,-0.023759,-0.05722,-0.028173,-0.028671,20,0.025782
reversal_5d,2021-07-16,0.034516,160,-0.012201,-0.039721,-0.024292,0.006836,-0.004667,0.019385,-0.036041,-0.001476,-0.01275,-0.023723,20,-0.011522
reversal_5d,2021-07-19,0.093487,160,-0.048284,-0.046144,-0.008352,-0.014875,-0.015562,-0.04462,0.022275,-0.02308,-0.031957,-0.019061,20,0.029223
reversal_5d,2021-07-20,-0.009311,160,0.028363,-0.003554,0.024806,-0.027147,0.053872,-0.003019,0.036198,0.015137,-0.00247,0.007137,20,-0.021225
reversal_5d,2021-07-21,0.020432,160,0.001794,0.04188,-0.002166,0.018819,0.036041,0.020976,0.021687,0.038968,0.034065,-0.013827,20,-0.015622
reversal_5d,2021-07-22,-0.027089,160,0.021988,-0.001077,0.011817,0.022106,-0.016106,0.010568,0.01247,-0.019654,0.018107,0.005112,20,-0.016876
reversal_5d,2021-07-23,0.017201,160,0.012962,0.053949,0.027382,0.045106,0.052517,0.059229,0.014048,0.038738,0.016934,0.060205,20,0.047243
reversal_5d,2021-07-26,-0.031665,160,0.006612,0.016498,0.064368,0.036368,-0.016618,-0.002668,0.001875,0.012986,0.025278,0.023332,20,0.01672
reversal_5d,2021-07-27,0.023529,160,0.001527,0.038375,-0.007382,0.002216,0.020712,-0.007311,0.009177,0.025782,-0.006003,0.030258,20,0.028731
reversal_5d,2021-07-28,0.068721,160,-0.00649,0.040771,-0.017347,0.022003,-0.005809,-0.026703,0.009961,0.004682,0.000671,0.053332,20,0.059822
reversal_5d,2021-07-29,0.007398,160,-0.004192,-0.001305,-0.009349,0.015137,0.008032,0.018021,-0.061209,0.012864,0.007986,0.00548,20,0.009673
reversal_5d,2021-07-30,0.017889,160,-0.024502,0.020989,0.028203,0.009324,-0.01354,0.025103,0.03935,-0.008535,0.02625,-0.005962,20,0.018541
reversal_5d,2021-08-02,0.08204,160,-0.006243,0.010263,0.045625,0.009046,0.012026,0.007065,0.053199,0.04049,0.050619,0.006602,20,0.012844
reversal_5d,2021-08-03,-0.035667,160,0.018417,0.034143,0.046668,0.051956,0.004682,0.059198,0.035044,-0.005199,0.079221,0.011554,20,-0.006863
reversal_5d,2021-08-04,-0.037358,160,0.024399,0.003627,0.037478,0.06104,0.061397,0.007357,0.057832,0.00855,0.016751,0.023966,20,-0.000433
reversal_5d,2021-08-05,0.000431,160,0.029343,0.069012,0.053324,0.049258,0.018886,0.07043,0.050792,0.087849,0.054324,0.031335,20,0.001992
reversal_5d,2021-08-06,0.014655,160,0.019164,0.05001,0.05019,0.027812,0.035044,0.005467,0.046696,0.076781,0.058224,0.015723,20,-0.003441
reversal_5d,2021-08-09,-0.051881,160,0.053702,0.051688,0.01065,0.079535,0.021646,0.041539,-0.004138,0.02895,0.027361,0.055998,20,0.002295
reversal_5d,2021-08-10,-0.02541,160,0.065178,0.076782,0.049585,0.06758,0.030292,0.041554,0.056264,0.098967,0.027064,0.060924,20,-0.004254
reversal_5d,2021-08-11,0.130739,160,0.074168,0.069938,0.071374,0.064449,0.073639,0.012656,0.093185,0.102459,0.118738,0.0938,20,0.019632
reversal_5d,2021-08-12,0.182987,160,0.039218,0.064641,0.066108,0.063911,0.062253,0.089484,0.055899,0.111316,0.085584,0.08077,20,0.041552
reversal_5d,2021-08-13,0.09601,160,0.068518,0.054958,0.104095,0.064819,0.088317,0.136388,0.071588,0.082672,0.100642,0.086342,20,0.017825
reversal_5d,2021-08-16,0.063835,160,0.08491,0.11518,0.080776,0.057306,0.054766,0.086789,0.155987,0.112422,0.129008,0.065202,20,-0.019708
reversal_5d,2021-08-17,0.105488,160,0.079424,0.075638,0.074668,0.031979,0.061336,0.086919,0.080681,0.086932,0.120953,0.070631,20,-0.008793
reversal_5d,2021-08-18,0.010114,160,0.08804,0.068824,0.050563,0.073171,0.04823,0.097471,0.069502,0.107203,0.079799,0.052077,20,-0.035964
reversal_5d,2021-08-19,-0.057597,160,0.106096,0.073861,0.056119,0.071413,0.091525,0.081142,0.068507,0.070824,0.086587,0.065727,20,-0.040369
reversal_5d,2021-08-20,-0.024645,160,0.07659,0.05964,0.058991,0.052099,0.039298,0.026445,0.060928,0.054515,0.109032,0.040985,20,-0.035604
reversal_5d,2021-08-23,-0.079134,160,0.090197,0.054305,0.105614,0.080697,0.101641,0.07965,0.041834,0.07907,0.111882,0.051984,20,-0.038214
reversal_5d,2021-08-24,0.012047,160,0.0885,0.063833,0.064664,0.079932,0.05294,0.124179,0.083381,0.078109,0.08694,0.077837,20,-0.010663
reversal_5d,2021-08-25,0.020054,160,0.091905,0.040699,0.05182,0.102839,0.072536,0.045773,0.105863,0.082538,0.083057,0.043698,20,-0.048207
reversal_5d,2021-08-26,-0.000993,160,0.055146,0.015506,0.039718,0.069278,0.071987,0.015503,0.051519,0.041217,0.075854,0.027352,20,-0.027794
reversal_5d,2021-08-27,0.027004,160,0.025287,0.036634,0.051593,0.02253,0.036897,0.036048,0.087529,0.035542,0.04024,0.026346,20,0.001059
reversal_5d,2021-08-30,-0.026269,160,0.019365,0.043498,0.014871,0.056706,0.043595,0.079613,0.037317,0.026784,0.058383,-0.007466,20,-0.02683
reversal_5d,2021-08-31,-0.034824,160,0.021702,0.051681,0.022441,0.008404,0.016764,0.069015,0.047164,0.007498,0.051077,-0.01263,20,-0.034332
reversal_5d,2021-09-01,-0.043024,160,0.044782,0.034977,0.031847,0.056297,0.041972,0.04197,0.056218,0.022477,0.040933,0.018901,20,-0.025881
reversal_5d,2021-09-02,0.040921,160,0.026916,0.024764,0.007352,0.035478,0.014097,0.074219,0.034834,0.008927,0.005107,0.059228,20,0.032312
reversal_5d,2021-09-03,-0.012422,160,0.057287,0.045696,0.032666,0.035216,0.022071,0.072817,0.026472,0.015652,0.053776,0.022816,20,-0.034471
reversal_5d,2021-09-06,0.00075,160,0.018723,0.059835,0.05965,0.010782,0.0688,0.073276,0.002481,0.048355,0.056174,0.020272,20,0.001549
reversal_5d,2021-09-07,0.01014,160,0.000987,0.0079,-0.006715,0.044092,0.025131,0.010812,0.038885,-0.023003,0.021336,-0.002329,20,-0.003316
reversal_5d,2021-09-08,-0.017614,160,0.02485,-0.015319,0.020353,0.047426,0.02652,0.012856,0.04521,0.019333,-0.005149,0.012648,20,-0.012201
reversal_5d,2021-09-09,-0.087824,160,0.025691,0.022488,0.031038,0.027969,0.037372,-0.005799,0.02946,-0.00789,0.013408,0.008077,20,-0.017614
reversal_5d,2021-09-10,-0.005086,160,0.004053,-0.011922,0.008258,-0.010313,-0.010171,-0.003252,0.036054,0.002848,0.007812,-0.01312,20,-0.017173
reversal_5d,2021-09-13,0.054603,160,0.010561,-0.028328,-0.007851,-0.029595,-0.002855,-0.00639,-0.025293,-0.001646,0.008978,-0.005972,20,-0.016532
reversal_5d,2021-09-14,0.048717,160,-0.019186,-0.014857,0.01308,-0.015802,-0.036281,-0.00971,0.00394,-0.011122,-0.022405,0.006611,20,0.025797
reversal_5d,2021-09-15,0.076482,160,-0.026601,0.005759,-0.010401,-0.039976,-0.016724,-0.005227,-0.018253,-0.049867,0.024641,0.005176,20,0.031776
reversal_5d,2021-09-16,0.06895,160,-0.000382,-0.017776,-0.020781,-0.002387,0.000847,0.031531,-0.018268,-0.013562,-0.010355,0.015973,20,0.016354
reversal_5d,2021-09-17,0.029055,160,0.021898,-0.016941,-0.017919,-0.041119,-0.022161,0.007917,0.007856,-0.0115,-0.019497,0.00702,20,-0.014879
reversal_5d,2021-09-20,0.039757,160,-0.011749,-0.027089,-0.008347,-0.02464,-0.009602,-0.008992,-0.002703,0.004766,-0.010487,-0.028762,20,-0.017013
reversal_5d,2021-09-21,0.002013,160,-0.006331,-0.00348,-0.052442,-0.010777,-0.053779,-0.036218,-0.003933,0.01034,-0.033548,-0.034695,20,-0.028364
reversal_5d,2021-09-22,-0.029433,160,0.016778,-0.004913,-0.020069,-0.033983,-0.030766,-0.007475,-0.001143,-0.00442,-0.007211,-0.03038,20,-0.047158
reversal_5d,2021-09-23,0.035243,160,0.041822,0.021565,0.035357,-0.007641,0.030032,0.004559,0.038718,0.044464,0.038793,0.008912,20,-0.03291
reversal_5d,2021-09-24,0.093827,160,0.026232,0.036008,-0.014453,0.014896,0.027756,0.038933,0.020525,-0.017166,0.056415,0.039908,20,0.013676
reversal_5d,2021-09-27,-0.030197,160,0.029875,0.016432,0.030514,0.00681,0.012927,0.031268,0.001518,-0.001221,0.039521,0.011465,20,-0.018409
reversal_5d,2021-09-28,0.027672,160,0.012897,0.047826,0.034602,0.023798,0.004521,0.043883,-0.017466,0.023997,0.028806,0.038234,20,0.025337
reversal_5d,2021-09-29,0.104152,160,0.011942,0.017551,0.031048,0.022048,0.009328,0.042447,0.002654,0.045552,0.010589,0.063806,20,0.051864
reversal_5d,2021-09-30,0.100832,160,0.011812,0.029449,-0.024114,-0.043916,0.028999,0.032906,-0.022511,0.005526,0.057286,0.022829,20,0.011016
reversal_5d,2021-10-01,0.049543,160,-0.009727,0.019775,-0.014224,0.003874,0.030441,-0.002124,0.00646,0.018168,-0.007948,0.018981,20,0.028709
reversal_5d,2021-10-04,0.109264,160,0.01716,0.046103,0.001994,0.023992,-0.010599,0.034069,0.007308,0.02184,0.029541,0.045407,20,0.028247
reversal_5d,2021-10-05,0.061365,160,0.023197,0.019219,0.04662,0.045261,-0.003274,0.043476,0.034541,0.022541,0.040993,0.027296,20,0.004099
reversal_5d,2021-10-06,-0.012953,160,0.023462,0.007952,0.020279,0.039511,0.014842,0.034963,0.048079,0.002352,0.020638,0.005475,20,-0.017987
reversal_5d,2021-10-07,-0.05765,160,0.000535,0.039793,-0.030257,0.021735,0.02175,0.021967,0.006143,-0.004404,-0.013529,0.00756,20,0.007025
reversal_5d,2021-10-08,0.034786,160,-0.00405,-0.023113,-0.005268,0.008858,0.024397,0.01699,-0.043229,-0.021009,0.016416,-0.006846,20,-0.002796
reversal_5d,2021-10-11,0.01481,160,-0.046503,-0.009945,-0.014586,-0.025817,-0.010423,0.000826,-0.006246,-0.01901,-0.045594,-0.022551,20,0.023953
reversal_5d,2021-10-12,0.018472,160,-0.033874,-0.040817,-0.029085,-0.000433,-0.054044,-0.037139,-0.011888,-0.044633,-0.034471,-0.02889,20,0.004983
reversal_5d,2021-10-13,0.1137,160,-0.065223,-0.073684,-0.00815,-0.029665,-0.020042,-0.036718,-0.052605,-0.025454,-0.058362,-0.020139,20,0.045083
reversal_5d,2021-10-14,0.083502,160,-0.047378,-0.065511,-0.055012,-0.040813,-0.028574,-0.04249,-0.067025,-0.013676,-0.042201,-0.040793,20,0.006585
reversal_5d,2021-10-15,0.111224,160,-0.082462,-0.059368,-0.03477,-0.031567,-0.021279,-0.040829,-0.062606,-0.028669,-0.060079,-0.013388,20,0.069073
reversal_5d,2021-10-18,0.066586,160,-0.066034,-0.046654,-0.06467,-0.069159,-0.047588,-0.03997,-0.073477,-0.039748,-0.038701,-0.046498,20,0.019535
reversal_5d,2021-10-19,0.032881,160,-0.047021,-0.051642,-0.083514,-0.065947,-0.073841,-0.041926,-0.050791,-0.064835,-0.021695,-0.064197,20,-0.017176
reversal_5d,2021-10-20,-0.0175,160,-0.043142,-0.082078,-0.074642,-0.088144,-0.107628,-0.071183,-0.06222,-0.043947,-0.037561,-0.099992,20,-0.05685
reversal_5d,2021-10-21,-0.0704,160,-0.084014,-0.072195,-0.095745,-0.096719,-0.093235,-0.067127,-0.087152,-0.077358,-0.116503,-0.076224,20,0.007791
reversal_5d,2021-10-22,-0.047182,160,-0.092845,-0.069546,-0.085186,-0.114602,-0.100253,-0.071116,-0.062018,-0.085376,-0.080525,-0.119956,20,-0.027111
reversal_5d,2021-10-25,0.026644,160,-0.077169,-0.110406,-0.06778,-0.081018,-0.082725,-0.104935,-0.117509,-0.057695,-0.063162,-0.097966,20,-0.020796
reversal_5d,2021-10-26,0.036666,160,-0.083285,-0.078329,-0.085034,-0.070829,-0.087177,-0.073441,-0.042392,-0.096811,-0.077319,-0.080419,20,0.002865
reversal_5d,2021-10-27,0.074974,160,-0.066906,-0.076901,-0.067697,-0.065289,-0.084633,-0.086946,-0.09264,-0.082001,-0.04103,-0.048716,20,0.01819
reversal_5d,2021-10-28,0.080874,160,-0.055086,-0.040888,-0.031763,-0.073637,-0.060095,-0.037675,-0.050923,-0.03044,-0.074303,-0.009319,20,0.045767
reversal_5d,2021-10-29,0.135187,160,-0.014918,-0.068278,-0.03728,-0.058774,-0.036539,-0.02016,-0.009529,-0.017158,-0.018697,-0.006939,20,0.007979
reversal_5d,2021-11-01,0.120254,160,-0.05388,-0.05541,-0.033512,-0.090032,-0.041694,-0.056192,-0.013235,-0.028461,-0.047796,-0.029033,20,0.024847
reversal_5d,2021-11-02,0.102616,160,-0.021659,-0.040613,-0.033781,-0.076251,-0.031222,-0.052766,-0.027439,-0.038778,-0.009435,-0.016036,20,0.005623
reversal_5d,2021-11-03,0.167652,160,-0.023527,-0.040801,-0.03345,-0.056795,-0.02572,-0.033451,-0.003295,0.009595,-0.020822,-0.000111,20,0.023416
reversal_5d,2021-11-04,0.111611,160,-0.013985,-0.0437,0.002405,-0.036151,0.003581,0.009271,0.027539,-0.001369,-0.008668,-0.007793,20,0.006191
reversal_5d,2021-11-05,0.069442,160,-0.007821,0.023825,0.016451,0.030281,0.026631,0.045385,0.034838,0.051378,0.01377,0.010873,20,0.018693
reversal_5d,2021-11-08,0.123488,160,0.027213,0.074879,0.055361,0.066985,0.059829,0.036261,0.06774,0.077464,0.100887,0.061504,20,0.034291
reversal_5d,2021-11-09,0.123556,160,0.077169,0.059805,0.105037,0.049972,0.047098,0.086645,0.103389,0.081187,0.106805,0.103197,20,0.026029
reversal_5d,2021-11-10,0.117722,160,0.075385,0.103034,0.079116,0.108348,0.067481,0.077227,0.087086,0.099007,0.136218,0.107252,20,0.031867
reversal_5d,2021-11-11,0.108851,160,0.053197,0.086345,0.083076,0.093292,0.072381,0.098388,0.127526,0.083198,0.05319,0.12232,20,0.069123
reversal_5d,2021-11-12,0.120989,160,0.044604,0.079598,0.028164,0.081645,0.089831,0.091213,0.094426,0.085928,0.056949,0.086936,20,0.042331
reversal_5d,2021-11-15,0.062953,160,0.048426,0.065289,0.082937,0.103149,0.09594,0.108053,0.070549,0.07977,0.073495,0.094569,20,0.046143
reversal_5d,2021-11-16,0.045755,160,0.055043,0.114073,0.092215,0.05835,0.095558,0.119263,0.089286,0.098675,0.092536,0.074355,20,0.019312
reversal_5d,2021-11-17,-0.029529,160,0.073341,0.092682,0.091431,0.091776,0.062277,0.054511,0.155428,0.085024,0.033686,0.093528,20,0.020187
reversal_5d,2021-11-18,-0.053782,160,0.108519,0.116354,0.080902,0.094005,0.093038,0.074467,0.112018,0.087438,0.048446,0.120941,20,0.012422
reversal_5d,2021-11-19,-0.123433,160,0.100267,0.128595,0.109812,0.114391,0.087087,0.08777,0.097421,0.041861,0.064287,0.143604,20,0.043337
reversal_5d,2021-11-22,-0.039426,160,0.103543,0.126671,0.09874,0.11753,0.107138,0.133161,0.05749,0.119342,0.116853,0.103218,20,-0.000325
reversal_5d,2021-11-23,0.021018,160,0.086408,0.102931,0.094775,0.118193,0.057457,0.100228,0.048106,0.113499,0.121221,0.10213,20,0.015722
reversal_5d,2021-11-24,0.082234,160,0.065644,0.057362,0.062614,0.055833,0.073019,0.1128,0.100877,0.113333,0.058853,0.082207,20,0.016562
reversal_5d,2021-11-25,0.016181,160,0.061562,0.072049,0.041961,0.060596,0.079029,0.02226,0.061803,0.08504,0.108481,0.033225,20,-0.028336
reversal_5d,2021-11-26,-0.017778,160,0.034889,0.095859,0.029791,0.03935,0.010811,0.072398,0.031683,0.075278,0.055391,0.027206,20,-0.007683
reversal_5d,2021-11-29,-0.065267,160,0.081874,0.026971,0.059043,0.032865,0.05209,0.054316,0.045603,0.048914,0.049491,0.02864,20,-0.053233
reversal_5d,2021-11-30,-0.031721,160,0.064651,0.034929,0.060174,0.044863,0.033815,0.063185,0.04744,0.053579,0.055202,0.031003,20,-0.033648
reversal_5d,2021-12-01,-0.103735,160,0.090549,0.069458,0.033246,0.076843,0.066283,0.037405,0.084624,0.07045,0.044758,0.029258,20,-0.061291
reversal_5d,2021-12-02,-0.040997,160,0.079163,0.075826,0.069451,0.075813,0.036974,0.078641,0.053671,0.075963,0.064983,0.056387,20,-0.022775
reversal_5d,2021-12-03,-0.014382,160,0.042071,0.044097,0.058565,0.026898,-0.002821,0.012883,0.033794,0.023802,0.022492,0.064407,20,0.022336
reversal_5d,2021-12-06,0.031065,160,0.012831,0.026317,0.020817,-0.006044,-0.024377,-0.013532,0.007441,-0.006404,0.029466,0.035317,20,0.022486
reversal_5d,2021-12-07,-0.027684,160,-0.025349,-0.043828,0.016696,-0.002126,0.014625,-0.043086,-0.022191,-0.051387,-0.018535,-0.01428,20,0.01107
reversal_5d,2021-12-08,0.053384,160,-0.062107,-0.042985,-0.019519,-0.030958,-0.023535,-0.056315,-0.048929,-0.055412,-0.030599,-0.039894,20,0.022214
reversal_5d,2021-12-09,0.072952,160,-0.04857,-0.020377,-0.003963,-0.049953,-0.039059,-0.001596,-0.007752,-0.021957,-0.020537,-0.035261,20,0.013309
reversal_5d,2021-12-10,0.050161,160,-0.014571,-0.018159,-0.001575,-0.038671,-0.036472,0.008816,-0.00834,-0.019698,0.015605,-0.021156,20,-0.006585
reversal_5d,2021-12-13,0.034153,160,-0.039224,-0.004496,-0.042679,-0.011322,-0.025572,-0.062392,-0.003334,-0.042519,0.001055,-0.021648,20,0.017576
reversal_5d,2021-12-14,0.023711,160,-0.05346,-0.045638,-0.05632,-0.027407,-0.041862,-0.052341,-0.025991,-0.059491,-0.054325,-0.02606,20,0.0274
reversal_5d,2021-12-15,0.037589,160,-0.055606,-0.026419,-0.06484,-0.035048,-0.010853,-0.046778,-0.053637,-0.07397,-0.012425,-0.026935,20,0.02867
reversal_5d,2021-12-16,0.046572,160,-0.030967,-0.015145,-0.062014,-0.051418,-0.020695,-0.057317,-0.037327,-0.040277,-0.023797,-0.014269,20,0.016697
reversal_5d,2021-12-17,0.091999,160,-0.054439,-0.037104,-0.051176,-0.01354,-0.041696,-0.059698,-0.05196,-0.027994,-0.008384,-0.030171,20,0.024268
reversal_5d,2021-12-20,0.120684,160,-0.063886,-0.058979,-0.019213,-0.036014,-0.050937,-0.032388,-0.025714,-0.004359,-0.044722,-0.042496,20,0.021391
reversal_5d,2021-12-21,0.057029,160,-0.046106,-0.024008,0.009795,-0.035133,-0.047459,-0.014576,-0.009916,-0.016888,-0.025328,-0.042394,20,0.003712
reversal_5d,2021-12-22,0.112332,160,-0.029547,-0.009523,-0.029005,-0.041206,-0.056122,-0.028457,-0.05456,-0.001972,-0.018134,-0.014106,20,0.015442
reversal_5d,2021-12-23,0.009677,160,-0.00582,-0.001592,-0.061749,-0.030318,-0.031238,-0.02532,-0.006588,-0.047399,-0.036815,-0.010654,20,-0.004834
reversal_5d,2021-12-24,-0.033086,160,-0.014533,-0.052453,-0.029192,-0.017711,-0.02249,-0.053753,-0.053624,0.005135,-0.036927,-0.041007,20,-0.026474
reversal_5d,2021-12-27,0.028144,160,-0.002696,-0.035511,-0.018797,-0.022708,-0.044565,-0.0476,-0.016442,-0.011993,-0.008874,-0.014396,20,-0.0117
reversal_5d,2021-12-28,0.109487,160,-0.027225,-0.059597,-0.051514,-0.026638,-0.020347,-0.02477,-0.013491,-0.031493,-0.044688,-0.010159,20,0.017067
reversal_5d,2021-12-29,0.038726,160,-0.032329,-0.025011,-0.06312,-0.034529,-0.052589,-0.044371,-0.02178,-0.053253,-0.017962,-0.038614,20,-0.006284
reversal_5d,2021-12-30,0.070081,160,-0.048692,-0.07656,-0.046477,-0.054462,-0.077352,-0.048617,-0.061698,-0.045814,-0.030543,-0.053737,20,-0.005045
reversal_5d,2021-12-31,-0.043639,160,-0.018489,-0.047032,-0.046269,-0.007296,-0.044005,-0.007908,-0.042546,-0.045026,-0.045505,-0.039005,20,-0.020516
reversal_5d,2022-01-03,0.016011,160,-0.007756,-0.006891,-0.029821,-0.040636,-0.03276,0.000347,-0.028641,-0.005939,-0.041212,-0.007863,20,-0.000107
reversal_5d,2022-01-04,0.028516,160,0.019651,-0.014533,0.002786,-0.01923,-0.013119,-0.020472,-0.006506,-0.002263,-0.015422,0.019011,20,-0.00064
reversal_5d,2022-01-05,-0.019718,160,0.011737,0.025869,0.010672,0.025224,0.014764,0.012778,-0.026187,0.011282,-0.002589,0.048607,20,0.03687
reversal_5d,2022-01-06,0.022328,160,-0.036944,0.016643,0.012324,-0.026727,0.010931,-0.027261,0.008142,-0.027037,0.001948,0.019044,20,0.055988
reversal_5d,2022-01-07,0.191955,160,-0.003951,-0.005277,-0.017352,0.009778,0.017449,0.025118,0.004817,0.044047,0.050072,0.032514,20,0.036465
reversal_5d,2022-01-10,0.237742,160,0.004665,0.008147,0.0117,0.030891,0.014251,0.039043,0.042079,0.095962,0.043588,0.053358,20,0.048693
reversal_5d,2022-01-11,0.237165,160,0.017069,0.024357,0.054155,0.02677,0.053561,0.069736,0.088117,0.068818,0.078716,0.074289,20,0.05722
reversal_5d,2022-01-12,0.286564,160,0.027253,0.025392,0.050321,0.060229,0.071862,0.061818,0.082237,0.10292,0.105294,0.079855,20,0.052601
reversal_5d,2022-01-13,0.182978,160,0.024329,0.055187,0.034445,0.102377,0.079389,0.076549,0.038995,0.106096,0.087445,0.073029,20,0.0487
reversal_5d,2022-01-14,0.171704,160,0.031487,0.053817,0.011495,0.088352,0.074003,0.069383,0.021976,0.066629,0.104858,0.071619,20,0.040132
reversal_5d,2022-01-17,0.049821,160,0.054938,0.011389,0.055658,0.083065,0.051608,0.054302,0.052443,0.072966,0.093524,0.020414,20,-0.034524
reversal_5d,2022-01-18,-0.006513,160,0.034459,0.029467,0.027558,0.051534,0.020315,0.048482,0.054648,0.020265,0.041158,0.030007,20,-0.004452
reversal_5d,2022-01-19,-0.092825,160,0.041947,0.045144,0.08965,0.051189,0.025073,0.050486,0.052276,0.03103,-0.016398,0.064689,20,0.022742
reversal_5d,2022-01-20,-0.100542,160,0.038347,0.085153,0.013174,0.006459,0.03215,0.031176,0.024943,0.048547,0.053067,-0.010548,20,-0.048895
reversal_5d,2022-01-21,-0.073992,160,0.052091,0.068319,0.032282,0.037955,0.035874,0.044578,0.050483,0.057386,0.04581,0.021474,20,-0.030616
reversal_5d,2022-01-24,0.006797,160,0.057518,0.032409,0.050346,0.021598,0.022549,0.060896,0.069926,0.074013,0.038457,0.028147,20,-0.029371
reversal_5d,2022-01-25,0.00864,160,0.017017,0.063228,0.059226,0.087918,0.019583,0.03739,0.042817,0.080521,0.069018,0.019372,20,0.002354
reversal_5d,2022-01-26,-0.054339,160,0.035537,0.072263,0.100556,0.081955,0.083973,0.062462,0.082887,0.055994,0.033795,0.052996,20,0.017459
reversal_5d,2022-01-27,-0.023506,160,0.05847,0.110115,0.093157,0.068541,0.087845,0.112012,0.084168,0.055692,0.058174,0.085147,20,0.026677
reversal_5d,2022-01-28,-0.059747,160,0.083628,0.085712,0.088682,0.101859,0.037325,0.048364,0.076253,0.099679,0.068916,0.068402,20,-0.015226
reversal_5d,2022-01-31,-0.02769,160,0.066556,0.068393,0.037083,0.075128,0.045542,0.076902,0.076675,0.078837,0.042848,0.064754,20,-0.001802
reversal_5d,2022-02-01,0.040962,160,0.045598,0.045539,0.062351,0.032344,0.080827,0.053648,0.053354,0.070771,0.055966,0.049674,20,0.004075
reversal_5d,2022-02-02,0.083948,160,0.075696,0.045986,0.043364,0.036476,0.073181,0.078334,0.082682,0.077008,0.049789,0.08367,20,0.007974
reversal_5d,2022-02-03,0.115839,160,0.094355,0.079729,0.063335,0.069819,0.088515,0.116347,0.105672,0.091408,0.107553,0.120236,20,0.025881
reversal_5d,2022-02-04,-0.000287,160,0.079366,0.07126,0.037106,0.065672,0.111989,0.063403,0.079105,0.076909,0.090819,0.043334,20,-0.036032
reversal_5d,2022-02-07,-0.053762,160,0.068752,0.118395,0.082122,0.056835,0.079899,0.082384,0.027159,0.07024,0.106,0.066686,20,-0.002067
reversal_5d,2022-02-08,-0.08659,160,0.07808,0.073194,0.104533,0.074575,0.073817,0.086467,0.078175,0.088218,0.078109,0.040807,20,-0.037272
reversal_5d,2022-02-09,-0.056317,160,0.058449,0.083368,0.083571,0.04275,0.052565,0.035024,0.053288,0.080959,0.068097,0.037511,20,-0.020938
reversal_5d,2022-02-10,-0.099742,160,0.063937,0.078541,0.060097,0.054273,0.05284,0.019672,0.046235,0.041238,0.046258,0.046634,20,-0.017304
reversal_5d,2022-02-11,0.016797,160,0.018195,0.127244,0.036698,0.019869,0.040474,0.030471,0.053088,0.056106,0.077925,0.023746,20,0.005551
reversal_5d,2022-02-14,0.064819,160,-0.004682,0.110477,0.025129,0.035718,0.030547,0.043644,0.037721,0.048598,0.044421,0.044073,20,0.048755
reversal_5d,2022-02-15,0.038093,160,0.073845,0.04452,0.06348,0.024708,0.058354,0.07975,0.035345,0.043205,0.056129,0.067851,20,-0.005994
reversal_5d,2022-02-16,0.023069,160,0.045912,0.05642,0.024778,0.035057,0.041634,0.042822,0.00252,0.055524,0.025456,0.049831,20,0.003918
reversal_5d,2022-02-17,0.020884,160,0.058421,0.025899,0.068241,0.014038,0.058803,0.032239,0.060457,0.037314,0.053007,0.043992,20,-0.014429
reversal_5d,2022-02-18,-0.045805,160,0.055676,0.048751,0.045157,0.005515,0.038981,0.031493,0.069078,0.017376,0.045702,0.02249,20,-0.033186
reversal_5d,2022-02-21,-0.003208,160,0.037913,0.010457,0.030991,0.062404,0.033423,0.041888,0.049833,0.035026,0.0079,0.031745,20,-0.006168
reversal_5d,2022-02-22,0.075618,160,0.040168,0.016962,0.002096,0.009839,0.039015,0.010819,0.050108,0.026844,0.021616,0.026414,20,-0.013754
reversal_5d,2022-02-23,0.132998,160,-0.007879,0.020454,-0.010151,-0.027921,-0.004678,-0.011362,-0.022932,0.017514,0.014642,0.030694,20,0.038573
reversal_5d,2022-02-24,0.094923,160,-0.003819,-0.006797,0.000242,0.020537,-0.0299,-0.000659,0.00658,-0.009565,-0.000192,0.026221,20,0.03004
reversal_5d,2022-02-25,0.095339,160,-0.021567,-0.010324,-0.019091,0.000405,-0.013153,-0.005774,0.000772,-0.03738,-0.005874,0.008947,20,0.030514
reversal_5d,2022-02-28,0.174827,160,-0.043729,-0.037835,-0.018024,-0.003944,-0.00836,-0.023794,-0.00282,0.010754,-0.002792,-0.009683,20,0.034046
reversal_5d,2022-03-01,0.084328,160,-0.040251,0.034089,-0.005908,-0.012449,-0.016141,0.002703,0.016046,0.013835,-0.014778,0.003254,20,0.043506
reversal_5d,2022-03-02,0.081173,160,-0.002016,-0.035357,-0.03409,0.011462,-0.010338,0.005028,-0.018707,-0.000611,-0.002355,-0.000437,20,0.001579
reversal_5d,2022-03-03,0.03284,160,-0.040254,-0.013676,-0.039943,-0.046376,-0.029302,-0.044701,-0.019934,-0.040207,-0.015329,-0.024503,20,0.015751
reversal_5d,2022-03-04,0.011388,160,-0.022217,-0.063838,-0.020746,-0.028641,-0.052756,-0.047076,-0.053896,-0.007119,-0.035297,-0.027796,20,-0.005579
reversal_5d,2022-03-07,-0.047841,160,-0.043841,-0.0627,-0.061277,-0.065439,0.005212,-0.068725,-0.059518,-0.055146,-0.068636,-0.044795,20,-0.000954
reversal_5d,2022-03-08,0.082445,160,-0.070018,-0.089241,-0.051306,-0.094401,-0.032629,-0.053171,-0.049182,-0.056209,-0.071844,-0.064002,20,0.006016
reversal_5d,2022-03-09,0.047475,160,-0.061544,-0.04473,-0.043711,-0.055146,-0.030561,-0.043735,-0.030102,-0.05871,-0.058117,-0.037995,20,0.023548
reversal_5d,2022-03-10,0.047047,160,-0.046171,-0.052529,-0.057753,-0.048326,-0.043706,-0.035386,-0.042721,-0.031864,-0.05929,-0.043465,20,0.002707
reversal_5d,2022-03-11,0.152004,160,-0.035756,-0.047614,-0.037274,-0.010314,-0.035645,-0.01965,0.008608,-0.028146,-0.017087,-0.00304,20,0.032716
reversal_5d,2022-03-14,0.133977,160,-0.030155,-0.044351,-0.007426,-0.044174,-0.027135,-0.022663,-0.023303,-0.00754,-0.002866,-0.016322,20,0.013833
reversal_5d,2022-03-15,0.170312,160,-0.036972,-0.040794,-0.030565,-0.02242,-0.033085,-0.034006,0.002641,-0.004464,-0.017634,-0.014879,20,0.022093
reversal_5d,2022-03-16,0.108303,160,-0.012422,-0.028584,-0.048279,0.033193,-0.008799,-0.002099,-0.015487,-0.025222,0.012615,0.014494,20,0.026916
reversal_5d,2022-03-17,0.136743,160,0.00415,-0.052443,-0.046406,-0.032562,-0.02656,-0.020382,-0.007447,0.010673,-0.008542,0.010444,20,0.006294
reversal_5d,2022-03-18,0.06348,160,-0.01122,-0.035289,-0.053357,-0.052446,-0.031082,-0.036235,-0.048059,-0.032959,-0.013101,-0.004495,20,0.006726
reversal_5d,2022-03-21,0.011872,160,0.000795,-0.063283,-0.018583,-0.068067,-0.010597,-0.04385,-0.033365,-0.044956,-0.006922,-0.025682,20,-0.026477
reversal_5d,2022-03-22,0.113556,160,-0.045456,-0.010475,-0.011898,-0.029826,-0.026374,-0.043791,0.012051,0.012223,-0.023544,-0.002923,20,0.042532
reversal_5d,2022-03-23,0.127027,160,-0.032521,-0.06925,-0.011264,-0.000953,-0.041735,-0.020959,-0.021682,-0.017619,0.007813,-0.012776,20,0.019745
reversal_5d,2022-03-24,0.117049,160,-0.037736,-0.051296,-0.058901,-0.049857,-0.016369,-0.030476,-0.022937,-0.043907,-0.018076,-0.016138,20,0.021598
reversal_5d,2022-03-25,0.062841,160,-0.061391,-0.067408,-0.044962,-0.074421,-0.029165,-0.053904,-0.060947,-0.051887,-0.030074,-0.05798,20,0.003411
reversal_5d,2022-03-28,0.109554,160,-0.054514,-0.064385,-0.049785,-0.074206,-0.057217,-0.064535,-0.056687,-0.048944,-0.065924,9.7e-05,20,0.054612
reversal_5d,2022-03-29,0.056361,160,-0.062761,-0.048646,-0.074141,-0.044539,-0.072675,-0.056133,-0.029549,-0.052962,-0.085502,-0.009435,20,0.053325
reversal_5d,2022-03-30,0.037358,160,-0.053684,-0.064306,-0.046996,-0.07706,-0.03845,-0.038536,-0.078651,-0.047374,-0.039218,-0.039587,20,0.014098
reversal_5d,2022-03-31,-0.000771,160,-0.077629,-0.02663,0.002068,-0.052698,-0.042938,-0.029564,-0.049951,-0.034388,-0.045524,-0.034012,20,0.043616
reversal_5d,2022-04-01,0.012938,160,-0.049638,-0.024671,-0.061455,-0.048452,-0.043036,-0.019232,-0.022595,-0.025832,-0.039838,-0.059941,20,-0.010303
reversal_5d,2022-04-04,-0.065783,160,-0.014625,-0.032056,-0.069736,-0.040743,-0.062636,-0.001118,-0.036337,-0.040605,-0.047981,-0.050575,20,-0.035951
reversal_5d,2022-04-05,-0.023567,160,-0.01637,-0.021586,-0.046183,-0.013634,-0.016336,-0.016789,-0.058504,0.017161,-0.040614,-0.02701,20,-0.010641
reversal_5d,2022-04-06,-0.051049,160,-0.010366,-0.015793,-0.013032,-0.063307,-0.053225,-0.008069,-0.048182,-0.014602,-0.014296,-0.038503,20,-0.028137
reversal_5d,2022-04-07,-0.145031,160,-0.000301,-0.041604,-0.014302,-0.077423,-0.063703,-0.048509,-0.053628,-0.063773,-0.047885,-0.047288,20,-0.046988
reversal_5d,2022-04-08,-0.12241,160,-0.072808,-0.016149,-0.022972,-0.03744,-0.040219,-0.057012,-0.042901,-0.055976,-0.079474,-0.05933,20,0.013478
reversal_5d,2022-04-11,-0.100454,160,-0.058572,-0.041904,-0.056279,-0.045381,-0.047677,-0.055166,-0.05751,-0.057302,-0.049381,-0.076745,20,-0.018173
reversal_5d,2022-04-12,-0.039221,160,-0.045111,-0.061895,-0.057272,-0.063775,-0.02806,-0.007115,-0.057728,-0.051238,-0.057015,-0.068991,20,-0.023879
reversal_5d,2022-04-13,-0.009396,160,-0.044763,-0.045963,-0.033825,-0.019563,-0.050282,-0.05197,-0.02317,-0.054043,-0.044941,-0.027355,20,0.017408
reversal_5d,2022-04-14,-0.028287,160,-0.026255,-0.028411,-0.025614,-0.002412,-0.029231,0.003262,-0.007168,-0.026306,-0.038342,-0.041671,20,-0.015416
reversal_5d,2022-04-15,-0.017878,160,-0.011544,0.006415,-0.016727,0.031624,0.020243,0.014959,-0.026892,-0.020026,-0.011946,-0.006064,20,0.00548
reversal_5d,2022-04-18,0.019211,160,0.009111,0.049319,0.013078,-0.000565,0.049295,0.024732,0.025901,0.016864,0.017061,0.022491,20,0.01338
reversal_5d,2022-04-19,0.136801,160,0.01206,-0.028387,-0.01065,0.002613,0.000896,0.016681,0.000834,0.002909,0.016014,0.032337,20,0.020277
reversal_5d,2022-04-20,0.126321,160,-0.003425,0.011765,0.016565,-0.001604,-0.006631,-0.004591,0.011993,0.037151,0.013325,0.029924,20,0.03335
reversal_5d,2022-04-21,0.097179,160,0.009724,0.009745,0.003034,0.017795,0.015841,0.050429,0.011943,0.009149,0.032307,0.03607,20,0.026347
reversal_5d,2022-04-22,0.063339,160,0.003867,0.017814,0.062712,0.058773,0.039921,0.049742,0.028584,0.028188,0.038725,0.052209,20,0.048341
reversal_5d,2022-04-25,0.04896,160,0.063359,0.021119,0.064467,0.067669,0.092681,0.028854,0.099157,0.048997,0.068709,0.063967,20,0.000608
reversal_5d,2022-04-26,0.115329,160,-0.002217,0.057968,0.065068,0.019632,0.054229,0.081166,0.061362,0.078105,0.063213,0.051205,20,0.053422
reversal_5d,2022-04-27,0.01522,160,0.01118,0.042035,0.064572,0.053636,0.016622,0.046667,0.013492,0.06531,0.029462,0.052952,20,0.041772
reversal_5d,2022-04-28,-0.013202,160,0.041516,0.012235,0.043025,0.035644,0.058448,0.047474,0.064539,0.038003,0.005974,0.043756,20,0.00224
reversal_5d,2022-04-29,0.005845,160,0.056222,0.057484,0.05706,0.055287,0.037204,0.052628,0.046648,0.055225,0.052029,0.069369,20,0.013148
reversal_5d,2022-05-02,-0.085398,160,0.05159,0.043613,0.065404,0.067985,0.063979,0.065702,0.024854,0.030266,0.004211,0.067809,20,0.016219
reversal_5d,2022-05-03,-0.082401,160,0.044139,0.027906,0.058269,0.021052,0.053155,0.030734,0.050557,0.027468,0.030207,0.013384,20,-0.030755
reversal_5d,2022-05-04,-0.094674,160,0.033388,0.038507,0.071797,0.059862,0.048749,0.014487,0.067445,0.042618,0.048476,-0.001071,20,-0.034459
reversal_5d,2022-05-05,0.000363,160,0.057346,0.028318,0.063503,0.054969,0.063974,0.043592,0.036316,0.062907,0.078504,0.041645,20,-0.015701
reversal_5d,2022-05-06,0.037238,160,0.017054,0.050274,-0.006291,0.049778,0.004743,0.068571,0.030418,0.047684,0.003442,0.050214,20,0.03316
reversal_5d,2022-05-09,0.00065,160,0.000442,0.021639,0.051839,0.068695,0.031575,0.030204,0.021527,0.041791,0.013807,0.032722,20,0.03228
reversal_5d,2022-05-10,-0.015795,160,0.015126,0.032732,0.015984,-0.001504,0.032264,-0.017173,0.017908,0.015402,0.044944,0.004316,20,-0.010809
reversal_5d,2022-05-11,-0.069709,160,0.017593,-0.016904,-0.00186,0.016295,0.006106,-0.006565,0.011685,0.005902,0.000859,-0.02517,20,-0.042763
reversal_5d,2022-05-12,-0.081991,160,-0.00584,0.032626,-0.003154,0.021463,0.013328,0.026141,-0.008,0.015626,-0.010707,-0.017264,20,-0.011424
reversal_5d,2022-05-13,-0.139183,160,-0.00127,0.001829,0.051984,-0.005322,0.036865,0.003149,0.002377,0.012697,0.000291,-0.04508,20,-0.043809
reversal_5d,2022-05-16,-0.064837,160,-0.007628,-0.030012,0.035261,-0.025999,-0.006233,0.000572,0.004145,-0.022383,-0.024351,-0.037297,20,-0.029669
reversal_5d,2022-05-17,-0.094243,160,-0.023946,0.021056,0.009287,0.035361,0.01618,-0.027706,4.1e-05,0.017915,-0.020847,-0.022257,20,0.00169
reversal_5d,2022-05-18,0.125706,160,-0.018923,-0.00932,0.003033,-0.00299,-0.000249,0.05965,-0.005937,0.0301,-0.015871,0.027995,20,0.046918
reversal_5d,2022-05-19,0.105282,160,-0.024328,-0.011778,0.019322,-0.007247,0.027008,0.018649,0.011499,0.018529,0.022126,0.00158,20,0.025908
reversal_5d,2022-05-20,0.017005,160,0.014374,0.019987,0.014842,0.060992,0.01504,0.021912,-0.010647,0.039143,0.009023,0.053673,20,0.039299
reversal_5d,2022-05-23,0.080619,160,0.014525,0.000873,-0.017575,0.045382,0.031816,0.018067,0.009738,0.000181,0.043245,0.038214,20,0.023689
reversal_5d,2022-05-24,0.031487,160,0.021613,-0.010271,-0.008496,0.015187,0.036095,0.04994,0.01128,0.01504,0.014995,0.010311,20,-0.011302
reversal_5d,2022-05-25,-0.087252,160,0.003806,-0.024458,0.043726,0.010137,0.026573,-0.002758,0.007236,-0.005862,-0.031348,0.003267,20,-0.000539
reversal_5d,2022-05-26,0.009838,160,-0.044306,-0.014607,0.005916,0.002762,0.027034,0.011548,0.000561,0.01165,-0.031514,-0.013872,20,0.030434
reversal_5d,2022-05-27,0.047044,160,-0.047146,-0.036575,-0.021267,0.011586,-0.003747,0.013285,-0.012246,-0.021218,-0.023886,-0.011471,20,0.035675
reversal_5d,2022-05-30,-0.018701,160,0.026872,-0.047558,-0.028509,0.006514,0.021199,0.009669,0.004577,-0.008712,-0.041417,0.01075,20,-0.016121
reversal_5d,2022-05-31,-0.063506,160,0.001634,-0.009125,0.027698,-0.008427,0.00682,-0.026682,-0.023936,0.003805,-0.006,0.004047,20,0.002412
reversal_5d,2022-06-01,-0.011201,160,-0.023908,-0.015083,-0.009799,0.017326,-0.012738,0.003713,-0.015152,-0.024024,-0.02796,0.004823,20,0.028731
reversal_5d,2022-06-02,0.007483,160,0.001493,0.021448,0.031955,-0.013615,0.006778,-0.044078,0.045711,-0.00422,-0.012307,0.027441,20,0.025948
reversal_5d,2022-06-03,-0.040047,160,0.020107,0.033584,0.04277,-0.002379,0.040142,0.020572,-0.003053,0.04174,0.00181,0.029065,20,0.008958
reversal_5d,2022-06-06,-0.013123,160,0.068633,0.025275,0.053543,0.032007,0.081116,0.027741,0.026691,0.031353,0.033998,0.061714,20,-0.006919
reversal_5d,2022-06-07,0.00295,160,0.035632,0.018296,0.043183,0.019066,0.039078,0.025992,0.014809,0.008762,0.026259,0.047658,20,0.012026
reversal_5d,2022-06-08,-0.023887,160,0.013448,0.016355,0.010338,0.021501,0.012689,0.026958,0.012643,0.013092,-0.00242,0.004462,20,-0.008986
reversal_5d,2022-06-09,-0.078419,160,0.024238,-0.001147,0.039653,0.007785,0.024777,-0.006459,0.002426,-0.02474,0.016071,0.025118,20,0.000879
reversal_5d,2022-06-10,-0.033095,160,-0.015264,0.039499,0.002607,0.062594,-0.002842,-0.001968,0.010223,-0.006245,0.011034,0.013948,20,0.029212
reversal_5d,2022-06-13,-0.04238,160,-0.020653,0.060173,0.025506,0.036134,0.041485,-0.009264,0.032173,-0.002203,0.021138,0.012521,20,0.033174
reversal_5d,2022-06-14,-0.006935,160,0.00902,0.0211,0.028895,0.021143,0.029374,0.001788,0.018271,-0.022768,0.026698,0.033505,20,0.024485
reversal_5d,2022-06-15,0.10528,160,-0.025399,-0.002198,-0.005351,0.010848,0.020012,0.000776,0.013447,0.011635,-0.019044,0.01378,20,0.039179
reversal_5d,2022-06-16,-0.006949,160,-0.025641,0.026506,0.018981,-0.026891,0.002624,0.013735,-0.021066,0.004508,-0.001443,-0.012489,20,0.013153
reversal_5d,2022-06-17,0.055616,160,-0.036428,-0.030306,-0.010263,0.016131,-0.026882,-0.034312,-0.035681,0.00091,-0.013597,-0.006848,20,0.02958
reversal_5d,2022-06-20,0.161959,160,-0.056348,-0.067572,-0.031377,-0.061984,-0.080666,-0.027694,-0.053595,-0.042274,-0.023345,-0.004385,20,0.051963
reversal_5d,2022-06-21,0.129565,160,-0.054916,-0.051244,-0.055475,-0.075455,-0.055094,-0.076899,-0.028443,-0.002464,-0.019593,-0.040193,20,0.014722
reversal_5d,2022-06-22,0.074007,160,-0.024733,-0.045719,-0.013587,-0.056832,-0.053562,-0.043512,-0.006434,0.034269,-0.009458,-0.042292,20,-0.017559
reversal_5d,2022-06-23,0.101219,160,-0.02472,-0.047407,-0.041478,-0.001256,-0.02319,0.006247,-0.022439,0.007566,-0.022081,-0.022269,20,0.002451
reversal_5d,2022-06-24,0.050858,160,0.010096,-0.048501,0.023938,-0.015933,-0.008871,-0.007275,0.007579,0.023739,-0.006371,-0.019956,20,-0.030053
reversal_5d,2022-06-27,-0.062472,160,0.003848,-0.009309,-0.012407,0.009,0.016259,0.015392,0.005306,0.000927,-0.035667,-0.012108,20,-0.015956
reversal_5d,2022-06-28,-0.038829,160,0.013896,0.017094,-0.003485,0.026327,0.006615,0.00649,-0.019404,-0.013156,0.012102,0.012738,20,-0.001158
reversal_5d,2022-06-29,0.020992,160,0.015301,0.027791,0.024865,0.051885,-0.004097,0.012585,0.039862,0.035433,0.014264,0.02455,20,0.009248
reversal_5d,2022-06-30,-0.037935,160,0.026893,0.002647,0.018082,0.040291,-0.028905,0.003448,0.027229,0.006971,-0.00841,0.03372,20,0.006827
reversal_5d,2022-07-01,-0.013052,160,0.004627,-0.016446,0.026289,0.002396,-0.017342,-0.02165,0.000459,-0.004328,-0.010723,0.013843,20,0.009216
reversal_5d,2022-07-04,0.06723,160,-0.003906,-0.053357,-0.058333,-0.018007,-0.004854,-0.005075,-0.019047,-0.012685,-0.036958,0.005185,20,0.009091
reversal_5d,2022-07-05,0.16488,160,-0.004599,-0.045087,0.012227,-0.030664,-0.027271,-0.002059,0.009626,0.009349,-0.008825,0.040849,20,0.045448
reversal_5d,2022-07-06,0.113817,160,0.007635,0.011777,0.013667,0.056758,0.046309,0.021756,0.01087,0.02561,0.057747,0.056248,20,0.048613
reversal_5d,2022-07-07,0.11595,160,-0.010231,0.005057,0.000953,0.03207,0.008204,0.012197,0.03165,0.024877,0.004059,0.036772,20,0.047003
reversal_5d,2022-07-08,0.128826,160,-0.015937,0.038859,0.032201,-0.022856,0.000602,0.013148,0.021813,0.045571,0.024277,0.039479,20,0.055416
reversal_5d,2022-07-11,-0.031683,160,0.017856,-0.004091,0.014248,-0.028051,0.027738,0.014736,0.012024,0.007747,-0.002572,-0.005113,20,-0.022969
reversal_5d,2022-07-12,-0.095652,160,0.019792,0.026233,0.01005,0.02725,0.013688,0.01862,0.019201,-0.029985,0.003024,0.015312,20,-0.00448
reversal_5d,2022-07-13,-0.105945,160,0.005014,0.077604,0.037358,0.054476,0.004892,-0.00624,0.017966,0.025639,0.028881,0.009706,20,0.004692
reversal_5d,2022-07-14,-0.009255,160,0.025264,0.041558,0.03671,0.037934,0.051094,0.020501,0.014918,0.041173,0.028846,0.0345,20,0.009236
reversal_5d,2022-07-15,0.052628,160,0.061046,0.014878,0.039057,0.089562,0.043488,0.004357,0.06459,0.066497,0.098548,0.016687,20,-0.044359
volatility_20d,2021-02-01,0.128926,160,0.003648,0.000754,0.005334,0.011113,0.010052,0.00652,0.010734,0.011625,0.007334,0.010096,1,0.006449
volatility_20d,2021-02-02,0.106079,160,-0.003805,0.001262,-0.000345,0.004213,-0.002543,0.00105,0.007152,-1.7e-05,-0.000611,0.007218,1,0.011023
volatility_20d,2021-02-03,0.251424,160,-0.005521,-0.009838,-0.002045,-0.002707,-0.007657,0.002973,0.005483,0.002929,0.001102,0.003333,1,0.008854
volatility_20d,2021-02-04,-0.080221,160,0.009037,0.010022,0.002202,0.002111,0.007339,0.006929,0.006156,0.004501,0.006347,0.002986,1,-0.006051
volatility_20d,2021-02-05,-0.107371,160,0.017876,0.008924,0.025362,0.021529,0.013926,0.02146,0.010047,0.014776,0.01175,0.013972,1,-0.003904
volatility_20d,2021-02-08,-0.106431,160,-0.007638,0.001217,-0.000486,0.000598,-0.006885,-0.009412,-0.010663,-0.007493,-0.001188,-0.008312,1,-0.000674
volatility_20d,2021-02-09,-0.1976,160,0.017967,0.0176,0.018614,0.021414,0.009383,0.017871,0.010842,0.008418,0.008907,0.009001,1,-0.008966
volatility_20d,2021-02-10,0.026778,160,-0.018384,-0.005992,-0.005502,-0.011451,-0.010677,-0.012411,-0.00797,-0.006657,-0.01916,-0.003313,1,0.01507
volatility_20d,2021-02-11,0.095526,160,0.003872,-0.005541,0.004825,3.5e-05,0.003658,0.00146,0.009461,0.012756,0.009183,-0.002118,1,-0.005991
volatility_20d,2021-02-12,0.07299,160,-0.01208,-0.013083,-0.013187,-0.012183,-0.010002,-0.00081,-0.014293,-0.007139,-0.012244,-0.010194,1,0.001886
volatility_20d,2021-02-15,-0.169011,160,0.020747,0.014185,0.013375,0.013537,0.000313,0.015859,0.008711,0.012142,0.009757,0.00475,1,-0.015996
volatility_20d,2021-02-16,-0.054152,160,0.005185,0.008937,0.01457,0.010338,-0.002421,0.008738,0.001846,0.005677,0.008598,0.005494,1,0.000309
volatility_20d,2021-02-17,-0.017236,160,0.010008,0.008235,0.006967,0.013017,0.013109,0.005427,0.007064,0.003011,0.01173,0.010213,1,0.000205
volatility_20d,2021-02-18,0.050483,160,-0.009256,-0.01035,-0.010229,0.000289,-0.00069,-0.013395,-0.004033,-0.005125,-0.00159,-0.010929,1,-0.001673
volatility_20d,2021-02-19,0.073438,160,0.004395,0.005112,0.009301,0.01101,0.009313,0.010902,0.007156,0.003171,0.010674,0.013737,1,0.009343
volatility_20d,2021-02-22,-0.038032,160,-0.00151,-0.004618,-0.004302,-0.004093,-0.008271,-0.005494,-0.003382,-0.004087,-0.009373,-0.002376,1,-0.000866
volatility_20d,2021-02-23,-0.005066,160,-8.8e-05,-0.008032,-0.004392,0.005251,-0.004269,-0.001954,-0.010794,-0.001971,-0.008373,0.004169,1,0.004257
volatility_20d,2021-02-24,-0.060427,160,0.009382,0.003026,0.002507,0.009359,0.003485,0.000317,0.009973,0.007343,0.004291,-0.002296,1,-0.011678
volatility_20d,2021-02-25,0.063937,160,0.005766,0.007243,0.003174,0.000138,0.011869,0.00894,0.004481,0.002552,0.006881,0.011428,1,0.005662
volatility_20d,2021-02-26,0.137422,160,0.002986,0.000361,-0.00356,-0.007886,0.004319,-7.8e-05,0.003858,0.005769,0.002124,0.009083,1,0.006096
volatility_20d,2021-03-01,-0.07616,160,-0.003756,-0.004419,0.01067,-0.005327,-0.008292,-0.004504,-0.011055,0.000648,-0.002106,-0.010981,1,-0.007224
volatility_20d,2021-03-02,0.090806,160,-0.017917,-0.007617,-0.006389,-0.005632,-0.012228,-0.014729,-0.005589,-0.010219,-0.004216,-0.009973,1,0.007944
volatility_20d,2021-03-03,-0.039593,160,0.013998,0.015146,0.017405,0.010848,0.017217,0.015091,0.017286,0.014937,0.012113,0.013258,1,-0.00074
volatility_20d,2021-03-04,0.129699,160,0.008487,0.00173,0.001243,0.008013,0.009575,0.001033,0.006831,0.007511,0.005557,0.013805,1,0.005318
volatility_20d,2021-03-05,0.042072,160,0.00507,0.008104,0.008966,0.006469,0.002504,0.000256,0.004419,0.006441,0.007533,0.012782,1,0.007712
volatility_20d,2021-03-08,0.126942,160,0.016913,0.02144,0.01643,0.027598,0.016311,0.019931,0.019476,0.018396,0.023186,0.031023,1,0.01411
volatility_20d,2021-03-09,0.049877,160,-0.005509,-0.012489,-0.011992,-0.007617,-0.013952,-0.000893,-0.01906,-0.009796,0.000524,-0.007515,1,-0.002006
volatility_20d,2021-03-10,0.044331,160,0.016545,0.016996,0.026215,0.030416,0.023293,0.020081,0.022201,0.020774,0.029827,0.021384,1,0.00484
volatility_20d,2021-03-11,-0.001175,160,0.034341,0.018607,0.023026,0.023027,0.028162,0.028678,0.025015,0.025329,0.030872,0.02059,1,-0.013751
volatility_20d,2021-03-12,0.058051,160,0.010678,0.012108,0.014754,0.018204,0.004902,0.013046,0.01941,0.019208,0.013559,0.011279,1,0.000602
volatility_20d,2021-03-15,-0.091111,160,0.010084,0.002419,0.009009,0.011664,0.006183,0.012702,-0.002599,-0.002574,0.012021,0.002811,1,-0.007273
volatility_20d,2021-03-16,-0.121174,160,-0.000554,-0.006101,-0.003862,-0.001492,-0.006778,-0.008095,-0.007209,-0.00467,-5.5e-05,-0.012153,1,-0.011599
volatility_20d,2021-03-17,-0.105901,160,0.016462,0.008153,0.003481,0.011431,0.013719,0.012972,0.004761,0.003303,0.015613,0.00208,1,-0.014382
volatility_20d,2021-03-18,-0.156009,160,-0.001393,0.004651,-0.00059,-0.001109,-0.004676,-0.006227,0.001548,-0.001722,-0.005493,-0.007359,1,-0.005966
volatility_20d,2021-03-19,0.001125,160,-0.000972,0.00075,-0.003748,-0.001605,0.006579,-0.005438,-0.002541,-0.008304,0.00508,-0.005687,1,-0.004715
volatility_20d,2021-03-22,-0.134179,160,0.00133,-0.001553,-0.005082,0.003632,-0.002473,0.002327,0.009151,-0.013749,-0.00276,-0.010865,1,-0.012195
volatility_20d,2021-03-23,-0.075735,160,0.00763,0.00364,0.002739,0.001778,0.006686,0.012404,0.00299,-0.001742,-0.000975,0.004588,1,-0.003041
volatility_20d,2021-03-24,0.011458,160,0.014474,0.015653,0.010605,0.008105,0.013209,0.008659,0.014405,0.013632,0.016968,0.010821,1,-0.003653
volatility_20d,2021-03-25,-0.007494,160,-0.00149,-0.004612,0.00069,-0.00344,0.001395,-0.007015,0.002974,-0.00642,-0.002238,0.000398,1,0.001887
volatility_20d,2021-03-26,0.05428,160,-0.015875,-0.006227,0.000708,-0.011083,-0.000832,-0.00647,0.004353,-0.00711,-0.007484,-0.007296,1,0.008579
volatility_20d,2021-03-29,0.027786,160,-0.005982,-0.011628,-0.007236,-0.009978,-0.012775,-0.008617,0.002486,-0.010539,-0.006017,-0.007669,1,-0.001687
volatility_20d,2021-03-30,-0.039781,160,-0.012815,-0.00834,-0.009128,-0.003373,-0.010651,-0.002534,-0.015364,-0.006866,-0.00857,-0.013278,1,-0.000463
volatility_20d,2021-03-31,-0.087976,160,-0.010082,-0.006248,-0.010358,-0.018257,-0.010736,-0.00853,-0.016382,-0.011343,-0.013512,-0.013649,1,-0.003567
volatility_20d,2021-04-01,0.01181,160,-0.008864,-0.006519,-0.009561,-0.004617,-0.011159,-0.000792,-0.012206,-0.003838,-0.007804,-0.008396,1,0.000468
volatility_20d,2021-04-02,0.009241,160,0.010399,0.021688,0.010516,0.011569,0.011831,0.013009,0.020846,0.004261,0.014399,0.017508,1,0.007109
volatility_20d,2021-04-05,0.053079,160,-0.005989,-0.003401,-0.004214,-0.006153,-0.004243,-0.000444,-0.002983,-0.008411,-0.003339,0.000709,1,0.006698
volatility_20d,2021-04-06,0.022196,160,0.000274,-0.001321,0.004263,-0.001037,0.011396,0.000466,0.007608,0.005375,0.007269,-0.005887,1,-0.006161
volatility_20d,2021-04-07,-0.029239,160,-0.009285,-0.012111,-0.01121,-0.017518,-0.006366,-0.01009,-0.011433,-0.007354,-0.01786,-0.012062,1,-0.002776
volatility_20d,2021-04-08,0.058658,160,0.001411,0.007656,0.000898,0.004219,0.005919,0.00138,-0.003498,0.009489,0.004923,0.006606,1,0.005196
volatility_20d,2021-04-09,0.039728,160,-0.016644,-0.023159,-0.013066,-0.022563,-0.012285,-0.015396,-0.015004,-0.015177,-0.022894,-0.015746,1,0.000898
volatility_20d,2021-04-12,-0.002338,160,-0.000603,-0.00428,-0.016615,-0.00342,-0.002989,-0.001793,-0.004895,-0.004369,-0.001008,-0.006622,1,-0.006019
volatility_20d,2021-04-13,0.062501,160,0.016112,0.014785,0.021085,0.018733,0.023526,0.024383,0.012571,0.018158,0.022235,0.01976,1,0.003648
volatility_20d,2021-04-14,-0.06723,160,0.000459,-0.015748,-6.5e-05,-0.008455,-0.007327,-0.001822,0.000508,-0.006212,-0.008297,-0.009765,1,-0.010224
volatility_20d,2021-04-15,0.022349,160,0.010488,0.007405,0.012709,0.003155,0.015127,0.015087,0.016592,0.01074,0.006831,0.010407,1,-8.1e-05
volatility_20d,2021-04-16,-0.048318,160,0.007349,0.001692,0.008908,0.008102,-0.003337,0.0161,0.008729,0.004022,0.002491,0.003935,1,-0.003414
volatility_20d,2021-04-19,0.033669,160,-0.000678,-0.005948,0.00431,-0.00536,0.001899,-0.004533,-0.001553,-0.004155,0.001058,0.003917,1,0.004595
volatility_20d,2021-04-20,0.064151,160,-0.008219,-0.004395,-0.009446,-0.007079,-0.010026,0.000484,-0.013181,-0.008871,-0.002112,0.000668,1,0.008888
volatility_20d,2021-04-21,0.037088,160,0.006679,0.009641,0.007557,0.009574,0.007902,0.013256,0.009224,0.011604,0.005085,0.013026,1,0.006346
volatility_20d,2021-04-22,0.038723,160,0.000321,-0.008761,-0.005885,-0.000979,-0.00153,-0.001545,-0.002341,0.007375,-0.002917,-0.006286,1,-0.006607
volatility_20d,2021-04-23,-0.047861,160,0.009395,0.020898,0.012778,0.017823,0.008338,0.003721,0.006236,0.016845,0.012758,0.016077,1,0.006682
volatility_20d,2021-04-26,0.17016,160,-0.012725,-0.006527,-0.007999,-0.009502,-0.006759,-0.009104,0.001038,-0.007908,-0.00678,-0.003655,1,0.00907
volatility_20d,2021-04-27,0.009094,160,0.00341,0.001004,0.000276,0.000229,-0.005195,-0.004244,-4.9e-05,0.013733,0.00563,0.001119,1,-0.002291
volatility_20d,2021-04-28,-0.084967,160,0.009872,0.00696,0.003145,-0.003092,0.001247,-0.000922,0.004657,0.001441,0.00423,0.004239,1,-0.005633
volatility_20d,2021-04-29,-0.136385,160,0.01456,0.006134,-0.005408,0.009142,0.002587,-0.003872,-0.002265,-0.001009,0.002595,0.002851,1,-0.011709
volatility_20d,2021-04-30,0.069404,160,-0.005457,-0.01839,-0.01524,-0.012903,-0.018575,-0.015897,-0.011226,-0.007879,-0.014786,-0.005451,1,5e-06
volatility_20d,2021-05-03,0.181252,160,-0.009885,-0.006606,-0.006545,-0.009094,-0.006539,-0.003488,-0.007095,-0.002741,0.005533,-0.005663,1,0.004222
volatility_20d,2021-05-04,-0.028088,160,0.004028,0.003329,-0.004908,-0.005562,0.000915,-0.006164,0.003227,-0.00903,-0.004175,0.001462,1,-0.002565
volatility_20d,2021-05-05,0.100437,160,-0.010809,-0.011099,-0.006963,-0.010943,-0.003864,-0.01064,-0.006613,-0.001483,-0.006865,-0.003162,1,0.007647
volatility_20d,2021-05-06,0.113583,160,0.00487,0.000371,-0.001641,0.007975,0.014473,0.006072,0.016236,-0.000522,0.010152,0.007833,1,0.002963
volatility_20d,2021-05-07,-0.152171,160,0.017902,0.000196,0.004076,0.010723,0.002266,0.004829,-6e-06,-0.000401,0.003638,0.001804,1,-0.016098
volatility_20d,2021-05-10,0.104491,160,-0.019659,-0.014006,-0.018722,-0.011009,-0.014729,-0.014769,-0.023137,-0.008495,-0.012736,-0.012054,1,0.007605
volatility_20d,2021-05-11,0.089968,160,-0.019534,-0.019954,-0.019404,-0.015953,-0.013683,-0.012852,-0.007166,-0.014262,-0.022103,-0.01659,1,0.002944
volatility_20d,2021-05-12,-0.051418,160,-0.011184,-0.010633,-0.012594,-0.006973,-0.012235,-0.01658,-0.017174,-0.0059,-0.014202,-0.012447,1,-0.001263
volatility_20d,2021-05-13,-0.041832,160,-0.000411,0.005764,0.001757,0.002717,-0.001653,-0.001642,0.00476,0.001432,-0.002445,0.000371,1,0.000782
volatility_20d,2021-05-14,0.057325,160,0.015297,0.012815,0.01557,0.021409,0.017909,0.019697,0.016557,0.022738,0.020732,0.012019,1,-0.003277
volatility_20d,2021-05-17,0.070687,160,-0.002765,-0.006077,-0.003323,0.003065,-0.006212,-0.002406,0.001663,-0.001073,0.001931,-0.001755,1,0.00101
volatility_20d,2021-05-18,-0.147135,160,0.012996,0.003309,0.005381,0.007457,0.001425,-3.8e-05,0.003448,-0.001493,-0.003989,0.008274,1,-0.004722
volatility_20d,2021-05-19,-0.108086,160,-0.005008,-0.007763,-0.015274,-0.008251,-0.014635,-0.007359,-0.005809,-0.012432,-0.010268,-0.018908,1,-0.013901
volatility_20d,2021-05-20,-0.026591,160,-0.012232,-0.006659,-0.006249,-0.007705,-0.001142,-0.015051,-0.005583,-0.012138,-0.007563,-0.007698,1,0.004534
volatility_20d,2021-05-21,-0.032533,160,-0.011881,-0.016639,-0.016892,-0.014969,-0.01557,-0.018392,-0.016775,-0.015152,-0.012656,-0.01705,1,-0.005169
volatility_20d,2021-05-24,0.03013,160,-0.003342,0.002029,-0.004025,0.005343,-0.000765,0.001523,-0.001184,-0.004539,-0.002104,0.001648,1,0.00499
volatility_20d,2021-05-25,0.114957,160,0.007076,0.007299,0.005713,0.005042,0.008826,0.010605,0.014638,0.021088,0.007124,0.008154,1,0.001078
volatility_20d,2021-05-26,-0.144504,160,0.00393,-0.002,0.000728,0.003971,-0.002424,-0.004282,0.0032,-0.005157,-0.009243,-0.002292,1,-0.006222
volatility_20d,2021-05-27,-0.045072,160,0.007432,0.019072,0.019109,0.013853,0.005864,0.010446,0.017348,0.016823,0.009858,0.010633,1,0.0032
volatility_20d,2021-05-28,-0.102364,160,0.008897,0.006222,0.001928,-0.000583,0.002561,0.006721,0.004498,0.005927,-0.000318,-0.002304,1,-0.011201
volatility_20d,2021-05-31,-0.000229,160,0.003827,-0.00313,0.006513,0.003615,0.001686,0.003483,-0.000972,-0.003959,0.006505,0.003065,1,-0.000763
volatility_20d,2021-06-01,0.094363,160,0.005068,-0.00361,0.001675,0.001966,0.003837,-0.000177,0.011504,0.003703,0.007952,0.003002,1,-0.002065
volatility_20d,2021-06-02,-0.063462,160,0.000787,0.00472,0.008775,-0.003081,0.003109,0.014047,-0.000678,0.005487,-0.00308,0.001917,1,0.00113
volatility_20d,2021-06-03,0.123342,160,0.005333,0.004761,0.011993,0.007526,0.016057,0.015146,0.012801,0.017755,0.013814,0.011211,1,0.005878
volatility_20d,2021-06-04,0.00269,160,-0.006424,-0.006086,-0.009406,-0.006268,-0.008261,-0.002675,-0.004456,-0.009455,-0.007079,-0.004721,1,0.001704
volatility_20d,2021-06-07,0.046039,160,-0.018948,-0.017253,-0.029166,-0.017669,-0.016896,-0.027047,-0.011879,-0.022717,-0.016729,-0.019344,1,-0.000396
volatility_20d,2021-06-08,0.03921,160,0.001272,-0.006243,-0.0032,-0.004158,0.006069,0.001834,-0.00461,0.006199,0.008921,-0.009205,1,-0.010477
volatility_20d,2021-06-09,0.096672,160,-0.002842,-0.00888,-0.003193,-0.008379,-0.005388,0.001671,0.004427,0.00261,-0.007987,0.000165,1,0.003006
volatility_20d,2021-06-10,0.072559,160,-0.005053,0.000712,-0.00568,0.005142,0.003545,0.001814,-0.000957,6e-06,-0.004009,0.007572,1,0.012625
volatility_20d,2021-06-11,0.062071,160,0.012601,0.024203,0.021191,0.018638,0.007373,0.009151,0.019531,0.025699,0.011516,0.027205,1,0.014605
volatility_20d,2021-06-14,-0.117157,160,-0.01111,-0.008765,-0.006603,-0.015997,-0.011693,-0.013525,-0.008337,-0.011001,-0.022323,-0.015749,1,-0.004639
volatility_20d,2021-06-15,0.056668,160,-0.000456,0.012241,0.009222,0.007739,0.003793,0.003417,0.011335,0.005782,0.00849,0.008733,1,0.009189
volatility_20d,2021-06-16,0.004122,160,0.006011,0.014989,0.006931,0.013885,0.006108,0.004945,0.011537,0.010305,0.010145,0.009484,1,0.003472
volatility_20d,2021-06-17,-0.070034,160,0.007822,0.000689,0.004729,0.004399,0.010255,0.002358,0.010658,0.002765,0.008828,-0.00342,1,-0.011242
volatility_20d,2021-06-18,-0.129776,160,0.016135,0.025421,0.010357,0.004184,0.010892,0.010666,0.010716,0.012802,0.013911,0.007719,1,-0.008415
volatility_20d,2021-06-21,-0.123617,160,0.004232,0.001409,-0.001282,-0.004935,-0.003442,-0.001445,-0.007782,0.001644,-0.004162,-0.009861,1,-0.014093
volatility_20d,2021-06-22,0.074604,160,-0.009009,-0.009733,-0.014285,-0.008206,-0.003857,-0.004943,-0.007283,-0.012932,-0.003046,-0.006183,1,0.002826
volatility_20d,2021-06-23,-0.134337,160,0.011016,0.00889,0.007374,0.015142,0.009853,0.014146,0.001846,0.012189,0.003684,0.005085,1,-0.005931
volatility_20d,2021-06-24,-0.019014,160,0.004745,0.005743,0.012529,0.008882,0.006947,0.015141,-0.001168,0.011697,0.010829,0.002914,1,-0.001832
volatility_20d,2021-06-25,-0.204187,160,0.014745,0.01799,0.019104,0.015805,0.014816,0.006483,0.015147,0.011956,0.00379,0.007226,1,-0.007519
volatility_20d,2021-06-28,0.105622,160,0.002202,0.000989,-0.000877,0.001262,-0.005095,0.000764,0.003468,0.000483,0.005108,0.009374,1,0.007173
volatility_20d,2021-06-29,-0.020655,160,0.021511,0.010356,0.01376,0.016199,0.011381,0.017888,0.009186,0.010546,0.018502,0.015339,1,-0.006172
volatility_20d,2021-06-30,-0.052994,160,-0.000173,-0.010044,-0.000241,-0.002145,0.001207,0.004123,0.001262,-0.008194,-0.001941,-0.007753,1,-0.00758
volatility_20d,2021-07-01,0.024862,160,-0.013574,-0.010275,-0.011354,-0.014707,-0.01055,-0.006715,-0.002469,-0.019548,-0.015654,-0.00548,1,0.008094
volatility_20d,2021-07-02,-0.081138,160,-0.013413,-0.012376,-0.012354,-0.019221,-0.013784,-0.0189,-0.016621,-0.024861,-0.015906,-0.015083,1,-0.00167
volatility_20d,2021-07-05,-0.07575,160,-0.004974,-0.007112,-0.017102,-0.002516,-0.006019,-0.005527,-0.008506,-0.014189,-0.014431,-0.010641,1,-0.005667
volatility_20d,2021-07-06,0.073324,160,0.008012,0.009882,0.002045,0.002033,0.006977,0.006844,0.008741,0.005157,0.009846,0.009976,1,0.001964
volatility_20d,2021-07-07,-0.072466,160,-0.012035,-0.013182,-0.016264,-0.010898,-0.013101,-0.013715,-0.01224,-0.015954,-0.013549,-0.016894,1,-0.00486
volatility_20d,2021-07-08,-0.045854,160,-0.006092,-0.006261,-0.001322,0.00015,0.000541,0.000255,0.001244,-0.000832,-0.007008,-0.01005,1,-0.003958
volatility_20d,2021-07-09,0.141788,160,0.01748,0.018721,0.014919,0.011421,0.019798,0.017847,0.017032,0.027141,0.019427,0.023414,1,0.005934
volatility_20d,2021-07-12,0.09695,160,0.006254,0.007593,0.005609,-0.002205,0.004453,0.011419,0.006738,0.008004,0.00853,0.007244,1,0.000989
volatility_20d,2021-07-13,0.14436,160,0.011927,0.012111,0.020359,0.015872,0.011423,0.018444,0.021391,0.014436,0.019878,0.024151,1,0.012224
volatility_20d,2021-07-14,0.037197,160,-0.007295,-0.014357,-0.001545,-0.014601,-0.010963,-0.010844,-0.004217,-0.00587,-0.004486,-0.01105,1,-0.003756
volatility_20d,2021-07-15,-0.034586,160,-0.027214,-0.014346,-0.020715,-0.014835,-0.018013,-0.022632,-0.029385,-0.016011,-0.019789,-0.021336,1,0.005877
volatility_20d,2021-07-16,-0.035143,160,0.020471,0.015225,0.009938,0.0064,0.013832,0.013326,0.01885,0.009411,0.020096,0.016065,1,-0.004406
volatility_20d,2021-07-19,0.081366,160,-0.019652,-0.012187,-0.019016,-0.011165,-0.015998,-0.013223,-0.008815,-0.017877,-0.011495,-0.01018,1,0.009472
volatility_20d,2021-07-20,-0.007037,160,-0.001523,-0.003005,0.009011,0.000126,0.001682,0.000261,0.010863,0.005128,-0.000753,-0.00241,1,-0.000887
volatility_20d,2021-07-21,-0.077191,160,0.00523,0.006047,-0.000663,0.005167,-0.001532,0.003586,0.000978,0.006618,0.003982,-0.006643,1,-0.011874
volatility_20d,2021-07-22,0.007199,160,-0.006329,-0.00982,-0.011322,-0.011837,-0.002416,-0.00819,-0.004,-0.014154,-0.002564,-0.006005,1,0.000323
volatility_20d,2021-07-23,0.06905,160,0.017308,0.011145,0.006882,0.013844,0.016725,0.013183,0.006959,0.00079,0.023991,0.018967,1,0.001658
volatility_20d,2021-07-26,0.064497,160,0.006966,0.020761,0.013083,0.012487,0.01119,0.010965,0.01432,0.010372,0.014172,0.012942,1,0.005975
volatility_20d,2021-07-27,-0.109411,160,0.012797,0.001899,0.013774,0.003997,0.019823,0.00286,0.004135,0.00174,0.000198,0.009849,1,-0.002948
volatility_20d,2021-07-28,-0.037191,160,0.003686,-0.001805,0.003377,0.007368,-0.008614,-0.00405,0.003816,-0.004895,5.6e-05,0.000571,1,-0.003114
volatility_20d,2021-07-29,0.026028,160,0.004212,-0.004231,0.006306,-0.007929,0.000649,0.001482,0.000774,0.002995,-0.000428,0.003495,1,-0.000717
volatility_20d,2021-07-30,-0.018912,160,-0.010081,-0.009554,-0.012867,-0.004992,-0.011729,-0.004538,-0.016504,-0.008195,-0.011323,-0.006565,1,0.003516
volatility_20d,2021-08-02,0.071645,160,-0.012551,-0.007608,-0.001971,-0.003875,-0.003611,-0.003865,-0.000332,0.000876,-0.002403,-0.006115,1,0.006436
volatility_20d,2021-08-03,-0.080435,160,-0.004912,0.006528,-0.000869,-2.5e-05,0.005063,6.6e-05,-0.010638,0.001257,-0.002055,-0.004845,1,6.7e-05
volatility_20d,2021-08-04,0.067298,160,-0.004282,-0.005675,-0.008422,-0.01338,-0.002478,-0.002143,-0.012082,-0.00418,-0.001719,-0.003587,1,0.000695
volatility_20d,2021-08-05,0.037317,160,0.009528,0.007174,0.003453,0.005334,0.00379,0.006884,0.007127,0.010542,0.008758,0.005343,1,-0.004185
volatility_20d,2021-08-06,0.056689,160,-0.018203,-0.020556,-0.009554,-0.017002,-0.007267,-0.011311,-0.00959,-0.005931,-0.0171,-0.018489,1,-0.000286
volatility_20d,2021-08-09,-0.159589,160,-0.001712,0.004092,0.000393,-0.002149,-0.003966,-0.00369,-0.007822,-0.008356,-0.003655,-0.006719,1,-0.005007
volatility_20d,2021-08-10,0.076843,160,-0.023044,-0.021057,-0.031206,-0.02014,-0.025039,-0.018627,-0.022231,-0.021964,-0.027181,-0.015261,1,0.007783
volatility_20d,2021-08-11,-0.108874,160,0.010313,0.003626,0.015301,0.009097,0.011977,0.004829,0.000583,0.004937,0.004213,0.008066,1,-0.002247
volatility_20d,2021-08-12,0.087302,160,0.005379,-0.00104,0.002888,-0.00201,0.007771,0.007257,0.00317,0.002115,0.001664,0.009211,1,0.003831
volatility_20d,2021-08-13,0.059498,160,-0.006068,0.004449,-0.000898,0.012214,0.002271,0.004368,0.010052,0.007147,0.006427,-0.002279,1,0.003788
volatility_20d,2021-08-16,0.063049,160,0.020512,0.018716,0.021544,0.019954,0.02425,0.024251,0.022342,0.020288,0.02474,0.025766,1,0.005254
volatility_20d,2021-08-17,0.116375,160,0.005971,0.003806,0.007405,0.00415,0.007066,0.011346,0.019006,0.006769,0.014113,0.008851,1,0.00288
volatility_20d,2021-08-18,0.013987,160,-0.008414,-0.008848,-0.011016,-0.006125,-0.017734,-0.013512,-0.014174,-0.014667,-0.004085,-0.008621,1,-0.000207
volatility_20d,2021-08-19,-0.097287,160,0.031851,0.026421,0.023139,0.019712,0.020205,0.024282,0.02931,0.020609,0.011089,0.02856,1,-0.00329
volatility_20d,2021-08-20,0.049833,160,-0.007021,-0.00459,-0.014445,-0.010437,-0.014056,-0.004642,-0.008413,-0.00237,-0.004299,-0.008658,1,-0.001637
volatility_20d,2021-08-23,0.035468,160,0.004962,0.005468,0.004701,0.008603,0.000523,0.014499,0.008364,0.006817,0.001673,0.008374,1,0.003412
volatility_20d,2021-08-24,0.004658,160,0.004896,0.003186,0.008514,0.003732,0.003747,-0.00627,0.007302,0.003895,0.006638,0.00556,1,0.000664
volatility_20d,2021-08-25,-0.050038,160,-0.002727,-0.015399,-0.009139,0.000538,-0.006866,-0.010122,-0.011707,-0.006634,-0.013028,-0.005654,1,-0.002928
volatility_20d,2021-08-26,0.028024,160,0.016923,0.004812,0.010352,0.012203,0.008384,0.018372,-0.000819,0.01028,0.009456,0.020546,1,0.003623
volatility_20d,2021-08-27,-0.016876,160,-0.00736,0.001431,0.008421,0.012123,0.006901,0.009781,-0.000196,0.001582,0.001303,-0.002095,1,0.005265
volatility_20d,2021-08-30,-0.099581,160,0.01422,0.006493,0.006798,0.006787,0.001577,0.008917,2.3e-05,0.002651,0.003996,0.012051,1,-0.002169
volatility_20d,2021-08-31,-0.036842,160,-0.001344,-0.002996,0.001199,-0.011816,-0.005318,-0.004696,-0.006343,-0.005374,-0.001674,-0.004047,1,-0.002703
volatility_20d,2021-09-01,0.027877,160,0.01781,0.014199,0.01691,0.008863,0.015827,0.011674,0.012744,0.015669,0.017958,0.013772,1,-0.004038
volatility_20d,2021-09-02,0.042251,160,-0.006533,-0.003087,-0.010828,-0.007907,-0.003913,-0.009919,-0.001099,-0.006827,-0.003434,-0.002995,1,0.003538
volatility_20d,2021-09-03,-0.035079,160,-0.012464,-0.01837,-0.016906,-0.008549,-0.012744,-0.013418,-0.022514,-0.015698,-0.01229,-0.017801,1,-0.005337
volatility_20d,2021-09-06,-0.035515,160,0.024191,0.016191,0.010378,0.016423,0.018767,0.01627,0.021401,0.010988,0.014779,0.017766,1,-0.006425
volatility_20d,2021-09-07,0.029163,160,-0.00199,-0.007729,-0.004463,-0.000409,-0.006478,-0.008471,-0.005111,-0.00212,-0.005443,-0.000548,1,0.001442
volatility_20d,2021-09-08,-0.04601,160,0.007242,-0.00211,-0.001566,0.004754,0.007624,0.000476,0.007447,-0.002902,0.002967,-0.003686,1,-0.010928
volatility_20d,2021-09-09,-0.135864,160,0.017906,0.015126,0.022894,0.023876,0.017849,0.01166,0.024128,0.011309,0.02142,0.003094,1,-0.014813
volatility_20d,2021-09-10,0.153062,160,0.004257,0.00742,0.010267,0.009924,0.013734,0.013031,0.005763,0.014732,0.02008,0.015815,1,0.011558
volatility_20d,2021-09-13,-0.144638,160,0.011959,0.008632,0.004631,0.008874,0.011797,0.003373,0.006883,-0.006443,0.006585,0.004571,1,-0.007388
volatility_20d,2021-09-14,-0.035855,160,0.010623,0.00132,0.012416,-0.002904,0.009912,0.000764,0.009598,0.008521,0.007226,-0.000595,1,-0.011218
volatility_20d,2021-09-15,0.097017,160,-0.008404,-0.014537,-0.006999,-0.006548,-0.011,-0.003787,-0.003968,-0.003956,-0.003731,-0.00995,1,-0.001546
volatility_20d,2021-09-16,-0.182802,160,0.009187,0.005441,0.007374,0.014135,0.006691,0.001991,0.003399,0.004777,-0.006169,0.002649,1,-0.006537
volatility_20d,2021-09-17,0.00242,160,0.014305,0.015243,0.005653,0.015634,0.01218,0.010602,0.01429,0.012934,0.010122,0.01558,1,0.001275
volatility_20d,2021-09-20,0.114066,160,0.004261,0.002755,0.002315,0.011708,0.005183,0.000881,0.008717,0.009425,0.009587,0.010297,1,0.006036
volatility_20d,2021-09-21,0.093009,160,-0.00551,-0.002469,-0.004994,-0.002812,-0.006009,-0.003718,-0.010178,0.004221,-0.000489,-0.000559,1,0.004951
volatility_20d,2021-09-22,-0.09037,160,-0.029255,-0.034389,-0.027757,-0.034904,-0.027138,-0.027151,-0.032306,-0.034544,-0.039636,-0.030119,1,-0.000864
volatility_20d,2021-09-23,-0.008502,160,0.007603,0.004565,0.000578,0.003341,0.000419,0.006835,0.00758,0.005394,0.010203,-0.002311,1,-0.009914
volatility_20d,2021-09-24,-0.013615,160,-0.001705,0.000426,0.00637,0.004173,0.002586,0.001213,-0.006078,0.005554,0.001753,-0.003696,1,-0.001991
volatility_20d,2021-09-27,-0.051301,160,-0.006872,0.001671,-0.003719,0.004609,0.001457,-0.001769,-0.004943,-0.00954,-0.005366,0.002192,1,0.009064
volatility_20d,2021-09-28,-0.064482,160,0.010562,0.009225,0.010645,0.00147,0.00123,0.003326,0.009891,0.001597,0.008522,0.004873,1,-0.005689
volatility_20d,2021-09-29,-0.005291,160,0.003947,0.006387,0.008726,0.004823,0.005274,-0.000676,0.005332,0.00213,-0.002669,0.012708,1,0.008761
volatility_20d,2021-09-30,-0.010788,160,0.006892,0.00566,0.007881,0.001795,4.5e-05,-0.002423,0.001075,0.003016,0.006415,0.006003,1,-0.000889
volatility_20d,2021-10-01,0.02043,160,-0.006664,-0.015864,-0.010001,-0.009505,-0.014593,-0.01202,-0.019348,-0.011719,-0.007229,-0.010523,1,-0.003859
volatility_20d,2021-10-04,0.045283,160,-0.014731,-0.01591,-0.01177,-0.009933,-0.008663,-0.016401,-0.017666,-0.013023,-0.008183,-0.011876,1,0.002855
volatility_20d,2021-10-05,0.077036,160,0.00283,-0.00197,0.000659,0.001122,0.003752,0.005443,0.003671,0.004085,0.004759,0.003555,1,0.000725
volatility_20d,2021-10-06,0.026857,160,0.001175,3.9e-05,-0.004688,0.006382,0.001413,0.006107,-0.004072,-0.00123,-0.001819,0.008609,1,0.007434
volatility_20d,2021-10-07,0.128276,160,-0.007641,0.003233,-0.003289,-0.001829,-0.00249,0.000132,0.002641,0.003039,-0.000231,0.004435,1,0.012075
volatility_20d,2021-10-08,-0.056249,160,0.002128,0.006327,0.001287,0.002393,0.002485,-0.00154,0.008822,-0.009686,0.003424,-0.000419,1,-0.002548
volatility_20d,2021-10-11,0.028864,160,0.005221,0.002957,0.004596,0.007084,-0.001728,0.004603,-1.2e-05,0.002235,0.015272,0.001596,1,-0.003626
volatility_20d,2021-10-12,-0.031947,160,0.000327,0.009842,0.008801,0.008838,-0.004903,0.000641,-0.003971,0.001928,0.000582,0.008523,1,0.008196
volatility_20d,2021-10-13,0.09359,160,0.00685,0.001569,-0.005969,0.002213,-0.001017,0.00094,0.005776,0.001892,0.00783,0.002686,1,-0.004164
volatility_20d,2021-10-14,0.026825,160,-0.000648,0.002685,-0.005206,-0.003152,-0.000174,0.006751,0.002986,-0.00113,0.005781,-0.004434,1,-0.003786
volatility_20d,2021-10-15,-0.086412,160,0.014163,0.004861,0.010721,0.010847,0.005852,0.007146,0.005848,0.006844,0.008418,0.008961,1,-0.005201
volatility_20d,2021-10-18,-0.053352,160,0.0026,-0.008265,0.000963,-0.001294,-0.001761,-0.008469,-0.009623,0.000751,-0.005799,-0.002138,1,-0.004738
volatility_20d,2021-10-19,-0.01421,160,0.008321,0.00642,0.006525,0.006507,0.00921,0.006502,0.010329,-0.000152,0.01012,0.008173,1,-0.000148
volatility_20d,2021-10-20,0.040182,160,0.002998,0.008202,0.000782,0.004353,0.003227,0.005603,0.002281,0.011958,0.008652,0.008441,1,0.005443
volatility_20d,2021-10-21,-0.105851,160,0.006539,0.005397,0.007379,-0.001227,-0.00306,0.00113,-0.005164,-0.001736,0.000227,0.006087,1,-0.000452
volatility_20d,2021-10-22,-0.061664,160,0.003277,-0.007983,-0.001128,-0.004464,-0.009874,0.001259,-0.004568,-0.002539,-0.005504,-0.005898,1,-0.009175
volatility_20d,2021-10-25,0.121139,160,0.002379,0.003041,-0.001845,0.004175,0.005944,-0.000754,0.008238,0.003548,0.00823,0.003301,1,0.000922
volatility_20d,2021-10-26,-0.081812,160,0.013556,0.005434,0.005105,0.005407,0.009637,0.009629,0.01499,0.005212,0.004264,0.002866,1,-0.01069
volatility_20d,2021-10-27,5.6e-05,160,-0.010531,-0.015736,-0.012859,-0.007502,-0.008149,-0.009991,-0.012455,-0.008978,-0.00699,-0.016958,1,-0.006426
volatility_20d,2021-10-28,-0.21123,160,0.009072,0.00827,0.004061,-0.002464,-0.007271,0.004752,-0.001253,-0.00469,-0.003802,-0.002025,1,-0.011097
volatility_20d,2021-10-29,-0.070409,160,0.00894,0.003738,-0.004077,0.008281,0.00127,0.005246,0.008195,0.000367,0.001136,0.000188,1,-0.008752
volatility_20d,2021-11-01,0.11321,160,-0.006336,-0.003837,-0.014838,-0.001626,-0.005455,-0.003008,-0.012976,-0.001257,0.00419,-0.001595,1,0.004741
volatility_20d,2021-11-02,-0.196432,160,0.005676,-0.007276,-0.00144,-0.007497,0.002383,-0.013125,-0.005232,-0.008912,-0.011252,-0.004877,1,-0.010553
volatility_20d,2021-11-03,-0.088864,160,-0.009611,-0.013959,-0.004496,-0.017587,-0.012812,-0.010704,-0.017474,-0.017455,-0.01293,-0.014578,1,-0.004967
volatility_20d,2021-11-04,0.069114,160,-0.014071,-0.010447,-0.015523,-0.004284,-0.017036,-0.00928,-0.005455,-0.014726,-0.015086,-0.004663,1,0.009408
volatility_20d,2021-11-05,-0.046256,160,-0.016541,-0.016069,-0.013275,-0.017222,-0.010295,-0.014497,-0.015039,-0.010828,-0.014476,-0.021216,1,-0.004674
volatility_20d,2021-11-08,-0.006343,160,-0.00602,-0.010061,-0.011645,-0.0081,-0.005062,-0.007176,-0.001868,-0.01306,-0.009647,-0.005615,1,0.000405
volatility_20d,2021-11-09,-0.071584,160,-0.0118,-0.00202,0.000734,0.000175,-0.00588,0.004135,-0.007784,-0.004599,-0.01122,-0.009075,1,0.002725
volatility_20d,2021-11-10,0.041779,160,-0.002041,-0.004263,-0.006085,-0.006793,0.000473,-0.007977,-0.007627,0.000639,0.000745,-0.000564,1,0.001477
volatility_20d,2021-11-11,0.015918,160,0.002811,-0.004143,-0.002961,0.001183,0.002441,0.001707,0.00517,0.004901,0.001195,-0.00164,1,-0.00445
volatility_20d,2021-11-12,0.05632,160,-0.007598,-0.004322,0.003118,0.002201,-0.004565,-0.006557,-0.00307,-0.000884,0.004094,-0.001637,1,0.005961
volatility_20d,2021-11-15,-0.019041,160,-0.005215,-0.003114,-0.009704,-0.008342,-0.009401,-0.002551,-0.003057,-0.003361,-0.011173,-0.008751,1,-0.003536
volatility_20d,2021-11-16,0.02241,160,-0.011278,-0.008399,-0.003114,-0.013798,-0.004707,-0.005561,-0.007915,-0.005723,-0.009838,-0.010588,1,0.00069
volatility_20d,2021-11-17,0.012698,160,-0.013381,-0.013314,-0.011961,-0.006532,-0.008625,-0.01325,-0.014083,-0.009747,-0.008016,-0.013746,1,-0.000365
volatility_20d,2021-11-18,0.077649,160,-0.002103,0.001651,-0.001344,-0.004416,-0.002888,0.008721,-0.003238,0.003928,-0.005047,0.004763,1,0.006866
volatility_20d,2021-11-19,-0.018279,160,0.006963,-0.005749,0.004219,-0.010772,-0.005557,-0.00025,0.000116,-0.000625,-0.004912,0.003237,1,-0.003726
volatility_20d,2021-11-22,-0.050788,160,0.011332,0.009975,0.019426,0.019098,0.012215,0.010614,0.01029,0.012462,0.0106,0.013024,1,0.001692
volatility_20d,2021-11-23,0.093549,160,0.017913,0.007724,0.009797,0.009072,0.008804,0.027305,0.017511,0.022328,0.006473,0.017132,1,-0.000781
volatility_20d,2021-11-24,0.060688,160,0.014642,0.013643,0.009561,0.017955,0.014513,0.018103,0.021175,0.005488,0.015257,0.023704,1,0.009062
volatility_20d,2021-11-25,-0.060615,160,0.021073,0.024319,0.014687,0.018408,0.017998,0.01919,0.019332,0.018411,0.01207,0.022009,1,0.000936
volatility_20d,2021-11-26,0.070585,160,-0.016368,-0.007805,-0.020199,-0.015392,-0.015774,-0.016181,-0.00303,-0.01436,-0.007344,-0.015848,1,0.00052
volatility_20d,2021-11-29,-0.002651,160,0.005824,0.006858,0.002209,0.002375,0.010176,0.011013,0.00174,0.013891,0.004074,0.002007,1,-0.003816
volatility_20d,2021-11-30,-0.057283,160,0.010979,0.007296,0.013701,0.002867,-4.1e-05,0.011118,0.003525,0.011789,0.005122,0.004469,1,-0.006511
volatility_20d,2021-12-01,0.048163,160,0.004044,0.004321,0.001191,-0.006572,0.007195,0.001543,0.006033,0.004323,0.002804,0.005491,1,0.001447
volatility_20d,2021-12-02,0.064737,160,0.021924,0.016116,0.019467,0.017707,0.023109,0.017776,0.017367,0.023128,0.02519,0.021177,1,-0.000747
volatility_20d,2021-12-03,0.052991,160,0.018132,0.020095,0.026446,0.024702,0.014712,0.021496,0.022474,0.019764,0.027684,0.021191,1,0.003059
volatility_20d,2021-12-06,-0.022671,160,0.011135,0.015154,0.011905,0.006758,0.010613,0.011201,-0.000492,0.01446,0.007348,0.013157,1,0.002021
volatility_20d,2021-12-07,0.054688,160,0.002313,0.007976,0.005463,0.003058,0.007521,0.005245,0.012218,0.006657,0.000865,0.009648,1,0.007335
volatility_20d,2021-12-08,0.027625,160,-0.008814,-0.019582,-0.007747,-0.008717,-0.003024,-0.007038,-0.008531,-0.005832,-0.01973,-0.007702,1,0.001112
volatility_20d,2021-12-09,0.021306,160,-0.008096,-0.016043,-0.014841,-0.006001,-0.008751,-0.017091,-0.008865,-0.005582,-0.013116,-0.013553,1,-0.005457
volatility_20d,2021-12-10,0.005306,160,0.008266,0.006324,0.001117,0.004922,0.009494,0.004056,0.004753,0.007516,0.008321,0.005363,1,-0.002904
volatility_20d,2021-12-13,0.136769,160,-0.000606,-0.007133,-0.010948,0.003954,0.006128,-0.00287,-0.005287,0.006831,-0.000646,0.008727,1,0.009333
volatility_20d,2021-12-14,0.064031,160,-0.017669,-0.012468,-0.01041,-0.012272,-0.01517,-0.016948,-0.018732,-0.009862,-0.008171,-0.010664,1,0.007005
volatility_20d,2021-12-15,-0.006604,160,-0.000358,-0.001301,-0.000901,-0.004621,-0.001012,-0.00781,-0.004519,0.001278,0.002723,-0.004286,1,-0.003928
volatility_20d,2021-12-16,-0.03531,160,0.002936,0.004592,0.002178,0.003341,0.007348,0.003742,0.006479,0.006604,-0.003679,0.000156,1,-0.00278
volatility_20d,2021-12-17,-0.022275,160,0.010155,0.005054,0.010632,0.008644,0.008217,0.014846,0.003597,0.009634,0.008263,0.006379,1,-0.003776
volatility_20d,2021-12-20,0.081689,160,-0.00356,0.00093,0.000886,-0.001192,-0.003101,0.004519,-0.003404,-0.003362,0.01043,-0.001235,1,0.002325
volatility_20d,2021-12-21,0.023222,160,-0.006762,0.000433,-0.000266,0.001357,-8e-06,-0.002939,0.001303,0.001846,0.003589,-0.005815,1,0.000946
volatility_20d,2021-12-22,0.128882,160,-0.001543,0.001037,0.001375,-0.003869,-0.00583,0.006238,0.000367,-0.001261,0.003935,0.010196,1,0.011739
volatility_20d,2021-12-23,0.197419,160,0.004031,-0.003394,-0.005491,0.006347,0.004836,0.009376,0.005918,0.003874,0.004822,0.009899,1,0.005868
volatility_20d,2021-12-24,-0.119407,160,-0.002208,-0.010366,-0.022706,-0.010066,-0.011297,-0.011666,-0.010655,-0.017771,-0.015629,-0.012967,1,-0.010759
volatility_20d,2021-12-27,0.079594,160,0.007529,0.005575,0.000824,0.007744,0.008757,0.010262,0.00125,0.007382,0.008256,0.009656,1,0.002127
volatility_20d,2021-12-28,0.044539,160,0.009131,0.017855,0.025475,0.023413,0.017001,0.017868,0.015015,0.019231,0.019677,0.018471,1,0.00934
volatility_20d,2021-12-29,-0.057005,160,0.010272,0.012158,0.010108,0.00524,0.003899,0.009964,0.010051,0.013785,0.010779,0.003994,1,-0.006278
volatility_20d,2021-12-30,-0.033608,160,-0.009767,-0.012633,-0.007588,-0.013156,-0.017295,-0.013089,-0.007642,-0.019719,-0.008364,-0.011498,1,-0.00173
volatility_20d,2021-12-31,-0.094422,160,-0.004435,0.003661,-0.004234,-4.3e-05,-0.001568,0.000111,0.000406,-0.000743,-0.007434,-0.009134,1,-0.0047
volatility_20d,2022-01-03,0.073312,160,-0.01756,-0.018902,-0.01907,-0.013062,-0.023323,-0.018651,-0.014052,-0.014938,-0.012264,-0.018452,1,-0.000891
volatility_20d,2022-01-04,-0.001981,160,-0.019519,-0.016414,-0.014915,-0.017487,-0.016122,-0.020874,-0.010511,-0.015144,-0.017308,-0.01696,1,0.002559
volatility_20d,2022-01-05,0.006328,160,0.013591,0.001307,0.010133,-0.000409,0.008908,0.004865,0.005493,0.007548,0.01113,0.00768,1,-0.005911
volatility_20d,2022-01-06,0.048307,160,-0.001633,0.001133,-0.001084,0.000334,0.003147,-0.008146,0.003259,0.001979,0.001246,0.002899,1,0.004532
volatility_20d,2022-01-07,0.046616,160,-0.006624,-0.005115,-0.004728,-0.008332,-0.006344,-0.005601,-0.011499,-0.005979,-0.000708,-0.006015,1,0.000609
volatility_20d,2022-01-10,0.208306,160,-0.021557,-0.027102,-0.02203,-0.021748,-0.022216,-0.016728,-0.021998,-0.016446,-0.016836,-0.011996,1,0.009561
volatility_20d,2022-01-11,0.121783,160,-0.01212,-0.018361,-0.007537,-0.014153,-0.005734,-0.008242,-4.8e-05,-0.007437,-0.011091,-0.007978,1,0.004142
volatility_20d,2022-01-12,-0.057732,160,0.006082,-0.009897,0.01517,-8.2e-05,0.010298,0.013178,-0.002758,0.002554,0.006876,-0.007074,1,-0.013156
volatility_20d,2022-01-13,-0.111163,160,0.008806,0.004572,0.002181,0.008623,-0.011108,-0.01026,0.003641,0.002278,-0.004823,0.003921,1,-0.004884
volatility_20d,2022-01-14,0.006323,160,0.005124,0.008428,0.010834,0.009856,0.006335,0.011961,0.003743,0.012998,0.00386,0.01089,1,0.005766
volatility_20d,2022-01-17,-0.00726,160,0.006751,0.015513,0.017866,0.019468,0.017835,0.005132,0.016051,0.013968,0.009202,0.014479,1,0.007728
volatility_20d,2022-01-18,0.048934,160,-0.001056,-0.009637,-0.006997,-0.003273,-0.003023,0.002262,-0.004428,-0.009504,-0.006517,0.002561,1,0.003617
volatility_20d,2022-01-19,-0.050967,160,0.004852,0.003764,0.005215,0.004851,0.000406,0.005043,0.001557,0.005711,0.00734,-0.002767,1,-0.007619
volatility_20d,2022-01-20,0.085969,160,-0.006999,-0.00368,-0.001995,-0.00263,-0.004432,0.004627,-0.007442,0.004096,0.000368,-0.002692,1,0.004307
volatility_20d,2022-01-21,-0.069996,160,-0.002047,-0.013851,0.001964,-0.000496,0.002329,0.003129,-0.004362,-0.003914,-0.006807,-0.006653,1,-0.004606
volatility_20d,2022-01-24,-0.085401,160,0.000799,-0.001331,0.002515,-0.005601,-0.001152,-0.002185,-0.00322,-0.003387,-0.003517,-0.003901,1,-0.0047
volatility_20d,2022-01-25,0.033874,160,0.006937,0.001739,0.017075,0.020432,0.015015,0.010118,0.00402,0.012024,0.011429,0.009736,1,0.0028
volatility_20d,2022-01-26,0.00225,160,-0.009808,-0.004344,-0.006213,-0.011481,-0.00951,-0.004309,-0.00444,-0.007835,-0.01619,-0.004213,1,0.005595
volatility_20d,2022-01-27,0.050524,160,0.00936,0.009083,0.003456,0.00328,0.009156,0.010903,0.013989,0.002241,0.016834,0.010029,1,0.000669
volatility_20d,2022-01-28,0.062642,160,0.002271,0.006318,0.021872,0.016562,0.018414,0.008448,0.015651,0.008722,0.013356,0.010345,1,0.008074
volatility_20d,2022-01-31,-0.158678,160,-0.002638,0.007603,-0.000394,-0.003634,-0.002994,-0.001882,-0.002852,-0.002367,3.1e-05,-0.011157,1,-0.008519
volatility_20d,2022-02-01,-0.161376,160,0.004907,-0.000135,0.009263,0.005255,0.005972,0.000768,-0.001168,-0.003127,-0.000961,-0.006777,1,-0.011683
volatility_20d,2022-02-02,0.030435,160,-0.021551,-0.004472,-0.012622,-0.008796,-0.008451,-0.011797,-0.015326,-0.008176,-0.008498,-0.013639,1,0.007912
volatility_20d,2022-02-03,0.059021,160,0.023661,0.020731,0.015598,0.020051,0.022611,0.015501,0.019806,0.027109,0.022509,0.022347,1,-0.001314
volatility_20d,2022-02-04,-0.021965,160,0.010694,0.00863,0.016409,0.014093,0.015177,0.016343,0.006289,0.010319,0.009343,0.011935,1,0.001241
volatility_20d,2022-02-07,0.043291,160,0.00355,-0.001902,0.002002,-0.000487,-0.008189,0.000109,-0.000611,0.00112,0.007677,-0.000692,1,-0.004241
volatility_20d,2022-02-08,0.042356,160,0.000156,0.001881,0.001527,0.000214,0.0013,-0.003837,-0.001313,0.002162,0.000966,0.005838,1,0.005682
volatility_20d,2022-02-09,-0.073107,160,0.003903,0.00629,0.003528,0.010378,0.007705,0.004617,0.00464,0.002003,0.003317,-0.001344,1,-0.005247
volatility_20d,2022-02-10,-0.089898,160,-0.000297,-0.008904,-0.002568,-0.003128,-0.009827,-0.013651,-0.008263,-0.008323,-0.009025,-0.008302,1,-0.008005
volatility_20d,2022-02-11,0.037537,160,0.000362,0.003284,0.0025,0.007,0.00575,0.0059,0.006992,0.007982,-0.001277,0.005846,1,0.005483
volatility_20d,2022-02-14,0.086825,160,-0.008164,-0.002162,-0.01028,-0.004169,-0.006088,-0.00925,-0.000154,-0.003077,-0.005476,0.000294,1,0.008458
volatility_20d,2022-02-15,-0.082585,160,0.005782,0.005478,0.008615,0.003993,-0.000185,-8.8e-05,0.003164,0.005085,-0.000196,0.002743,1,-0.003039
volatility_20d,2022-02-16,0.090736,160,-0.007106,-0.012419,-0.01052,0.000103,-0.011706,-0.005245,-0.006247,-0.01029,-0.001998,-0.00268,1,0.004426
volatility_20d,2022-02-17,-0.045224,160,0.010487,0.01293,0.008342,0.011696,0.009992,0.00869,0.012218,0.010599,0.013674,0.000865,1,-0.009622
volatility_20d,2022-02-18,0.028,160,-0.006694,0.003037,-0.00666,0.004276,0.001711,-0.008335,-0.000469,-0.012501,-0.001544,0.005292,1,0.011986
volatility_20d,2022-02-21,-0.017295,160,-0.002921,0.012595,0.000732,0.000568,-0.001487,-0.007006,0.004824,0.000431,0.003563,0.005378,1,0.0083
volatility_20d,2022-02-22,0.061617,160,0.02621,0.026489,0.020974,0.022794,0.027776,0.026246,0.030644,0.029346,0.034431,0.026192,1,-1.7e-05
volatility_20d,2022-02-23,-0.046144,160,0.005233,0.010583,0.010671,0.001514,0.00456,0.004117,0.004406,0.004146,0.014547,0.00174,1,-0.003493
volatility_20d,2022-02-24,0.059745,160,0.003858,0.000673,0.01145,-0.004486,0.001933,0.009067,0.001523,0.003971,-0.000494,0.012005,1,0.008147
volatility_20d,2022-02-25,0.035454,160,0.000306,-0.00231,0.00446,0.006404,6.3e-05,-0.010486,-0.006669,0.00335,0.001463,0.006981,1,0.006675
volatility_20d,2022-02-28,-0.017043,160,-0.01365,-0.008748,-0.01218,-0.00463,-0.003076,-0.017741,-0.007191,-0.008519,-0.009337,-0.013158,1,0.000493
volatility_20d,2022-03-01,-0.019088,160,0.012177,0.007391,0.015262,0.01035,0.005756,0.012865,0.011135,0.00532,0.008125,0.014584,1,0.002407
volatility_20d,2022-03-02,0.103378,160,0.018924,0.008804,0.011642,0.003712,0.012855,0.021912,0.023021,0.02488,0.008805,0.018836,1,-8.8e-05
volatility_20d,2022-03-03,-0.05433,160,-0.00069,0.00018,-0.000572,0.00758,0.005002,0.000509,-0.004311,-0.000476,-0.000115,0.000204,1,0.000894
volatility_20d,2022-03-04,0.189734,160,0.012462,0.01122,0.016334,0.011797,0.013824,0.017224,0.01247,0.021615,0.022146,0.01937,1,0.006908
volatility_20d,2022-03-07,-0.036473,160,0.001211,0.00122,0.002794,0.00584,0.004615,0.004102,-0.003953,0.002696,-0.002662,0.003506,1,0.002295
volatility_20d,2022-03-08,0.071809,160,-0.016867,-0.019252,-0.015128,-0.014299,-0.016833,-0.013874,-0.011834,-0.025114,-0.013611,-0.011833,1,0.005034
volatility_20d,2022-03-09,0.082415,160,-0.00931,-0.007546,-0.00275,-0.002392,0.001595,-0.002768,-0.007307,-0.009678,0.00562,-0.002677,1,0.006633
volatility_20d,2022-03-10,-0.075662,160,-0.009535,0.000167,-0.010922,-0.012077,-0.01414,-0.007062,-0.006244,-0.016241,-0.011823,-0.012012,1,-0.002478
volatility_20d,2022-03-11,-0.047923,160,-0.000438,0.000782,-0.005845,-0.001305,0.003427,-0.000508,-0.007727,-0.008536,0.004385,-0.004546,1,-0.004108
volatility_20d,2022-03-14,0.030889,160,0.01117,0.003856,0.00914,0.001956,0.009789,0.008509,0.010767,0.007094,0.006155,0.008562,1,-0.002608
volatility_20d,2022-03-15,-0.082629,160,-0.006177,-0.007885,-0.014309,-0.018059,-0.017028,-0.004618,-0.010039,-0.007811,-0.01581,-0.018756,1,-0.012579
volatility_20d,2022-03-16,0.058426,160,0.001257,0.00213,-0.008276,0.001247,0.001592,-0.000383,0.00316,0.003156,-0.00526,0.0057,1,0.004443
volatility_20d,2022-03-17,0.034472,160,0.004209,-0.000525,0.00328,-0.002643,0.005697,0.005238,0.004387,0.00728,0.006645,-0.004012,1,-0.008221
volatility_20d,2022-03-18,0.067526,160,-0.009744,0.000187,-0.01182,-0.010664,0.001836,-0.005943,-0.006664,-0.006057,-0.009726,0.000346,1,0.01009
volatility_20d,2022-03-21,-0.128293,160,-0.000232,-0.00705,-0.00929,-0.005326,-0.008099,-0.001822,-0.015008,-0.006034,-0.011654,-0.013179,1,-0.012947
volatility_20d,2022-03-22,0.014242,160,0.005736,0.003148,0.004178,-0.003307,0.000634,0.003984,0.002173,0.000145,0.006392,0.003283,1,-0.002454
volatility_20d,2022-03-23,0.022949,160,0.009447,0.008437,0.004019,-0.004707,0.009171,0.008452,0.007869,0.007632,0.010061,0.006048,1,-0.003399
volatility_20d,2022-03-24,0.127162,160,-0.001065,-0.013963,-0.015466,-0.000729,-0.00338,-0.009779,-0.013519,-0.00394,-0.004564,0.000869,1,0.001933
volatility_20d,2022-03-25,0.044694,160,-0.001382,-0.007716,-0.000544,0.002937,-0.004568,-0.008916,-0.008263,-0.005171,-0.001699,0.000611,1,0.001993
volatility_20d,2022-03-28,-0.037967,160,0.003612,0.003956,-0.000565,0.006164,-0.000875,0.003153,0.002062,-0.000272,0.003076,0.003178,1,-0.000434
volatility_20d,2022-03-29,0.000407,160,0.009768,0.002172,-0.003453,0.003704,0.007139,0.005374,-0.0021,0.00317,0.008301,0.001015,1,-0.008753
volatility_20d,2022-03-30,-0.042034,160,-0.012413,-0.002669,-0.006794,-0.006994,-0.003929,-0.004853,-0.007132,-0.01643,-0.013129,-0.004836,1,0.007577
volatility_20d,2022-03-31,-0.082354,160,0.002527,0.001214,-0.012128,-0.002273,0.000676,-0.005475,0.000523,-0.003782,-0.0093,-0.011698,1,-0.014226
volatility_20d,2022-04-01,-0.013711,160,-0.005355,0.002525,-0.004518,0.005121,-0.00566,-0.006511,0.000418,0.003985,-0.00253,-0.003463,1,0.001892
volatility_20d,2022-04-04,-0.092069,160,-0.01026,0.002049,-0.009457,-0.011061,-0.007818,-0.008124,-0.016266,-0.016262,-0.012745,-0.002729,1,0.007531
volatility_20d,2022-04-05,0.136171,160,-0.002228,0.00465,-0.004143,-0.000425,-0.00292,0.000201,0.007811,0.006218,0.009597,-0.002266,1,-3.7e-05
volatility_20d,2022-04-06,-0.156369,160,-0.003822,0.001776,0.004243,-0.002785,-0.006032,-0.000462,-0.005472,-0.005749,-0.006907,-0.009772,1,-0.00595
volatility_20d,2022-04-07,-0.008045,160,0.013173,0.010771,0.013157,0.013867,0.015678,0.018251,0.018037,0.015755,0.009281,0.011887,1,-0.001286
volatility_20d,2022-04-08,-0.065792,160,-0.002586,-0.003234,-0.00168,0.001549,-0.001188,-0.003074,-0.005072,0.005244,0.002227,-0.013554,1,-0.010969
volatility_20d,2022-04-11,-0.053741,160,0.003919,0.010658,0.010774,0.005199,0.012944,0.009309,-0.000759,0.005256,0.008675,0.005487,1,0.001567
volatility_20d,2022-04-12,-0.083798,160,0.003705,0.012198,-0.004128,0.000959,0.00822,0.004475,0.003359,0.002177,0.001711,-0.001988,1,-0.005693
volatility_20d,2022-04-13,0.029521,160,-0.005897,-0.009459,-0.007101,-0.00891,-0.011088,-0.01019,-0.009533,-0.008406,-0.005796,-0.008487,1,-0.00259
volatility_20d,2022-04-14,0.0567,160,-0.014511,-0.012555,-0.012315,-0.014501,-0.016131,-0.010901,-0.009223,-0.016051,-0.009881,-0.008012,1,0.006499
volatility_20d,2022-04-15,-0.003762,160,-0.004116,-0.008484,0.000747,-0.011628,0.000147,-0.010938,-0.010089,-0.000285,-0.008787,-0.000681,1,0.003435
volatility_20d,2022-04-18,-0.042588,160,0.007869,0.011301,0.007853,0.006214,0.003012,0.004514,0.006848,0.006451,0.011576,0.003674,1,-0.004195
volatility_20d,2022-04-19,0.046259,160,0.001631,-0.008562,0.000921,-0.011448,-0.012571,0.009472,-0.006149,0.002594,0.002287,-0.006042,1,-0.007673
volatility_20d,2022-04-20,0.010878,160,0.000225,-0.011445,-0.003808,-0.012197,-0.006021,-0.006143,-0.008679,-0.007141,-0.001452,-0.004756,1,-0.004981
volatility_20d,2022-04-21,0.205236,160,-0.033574,-0.027008,-0.02707,-0.028103,-0.024734,-0.03371,-0.018361,-0.02347,-0.024166,-0.01639,1,0.017183
volatility_20d,2022-04-22,-0.010606,160,0.001697,-0.007664,-0.006794,-0.002453,0.002841,-0.010632,-0.002599,-0.010205,-0.001759,-0.002631,1,-0.004327
volatility_20d,2022-04-25,-0.021634,160,-2e-06,0.005376,0.002558,-0.000851,0.00666,0.005619,0.002208,-0.000415,0.000319,0.002025,1,0.002027
volatility_20d,2022-04-26,-0.17444,160,0.007106,0.015363,0.007708,0.005318,0.006957,-0.000285,-0.005046,0.004845,0.002498,0.003512,1,-0.003594
volatility_20d,2022-04-27,-0.035269,160,0.002091,0.016571,0.006802,0.003545,0.001809,0.012844,0.005506,-5.4e-05,0.00734,0.004456,1,0.002365
volatility_20d,2022-04-28,-0.018165,160,-0.001374,-0.003177,-0.007197,-0.005686,-0.007327,-0.005281,-0.003917,-0.00255,-3.6e-05,-0.006327,1,-0.004954
volatility_20d,2022-04-29,0.119299,160,-0.001804,-0.008017,-2.7e-05,-0.003299,-0.002915,-0.002437,-0.003328,0.000901,-0.00311,0.007369,1,0.009174
volatility_20d,2022-05-02,0.025149,160,0.009952,0.010498,0.001089,0.003875,0.009826,0.009411,-0.003651,0.004645,0.011023,0.011263,1,0.001311
volatility_20d,2022-05-03,0.107954,160,-0.00828,-0.001886,-0.007848,0.005257,-0.003685,-0.003996,-0.002126,-0.004365,-0.000612,0.003488,1,0.011768
volatility_20d,2022-05-04,-0.128656,160,-0.025274,-0.015129,-0.024158,-0.016775,-0.017257,-0.022911,-0.016348,-0.027965,-0.031342,-0.021851,1,0.003423
volatility_20d,2022-05-05,0.025653,160,0.0146,0.01137,0.009725,0.00588,0.009464,0.009354,0.00096,0.022104,0.014821,0.013018,1,-0.001583
volatility_20d,2022-05-06,-0.030353,160,-0.00662,-0.005436,-0.003503,-0.006152,-0.017707,-0.011527,-0.008522,-0.004863,-0.015736,-0.004464,1,0.002156
volatility_20d,2022-05-09,-0.051222,160,0.012257,0.013466,0.008105,0.020057,0.009978,0.010712,0.023356,0.010459,0.00708,0.01034,1,-0.001917
volatility_20d,2022-05-10,-0.004573,160,0.009952,0.012623,0.018377,0.017326,0.013472,0.013508,0.012557,0.013733,0.005669,0.021392,1,0.01144
volatility_20d,2022-05-11,-0.09908,160,0.007134,0.012024,0.016141,0.011351,0.010796,0.007577,0.010869,0.007751,0.008363,0.004486,1,-0.002648
volatility_20d,2022-05-12,-0.070482,160,0.005186,0.013068,0.009653,0.012677,0.006515,0.006591,0.008094,0.009377,-0.00174,0.012338,1,0.007152
volatility_20d,2022-05-13,0.042939,160,0.011901,0.016643,0.020388,0.023027,0.024045,0.018184,0.016657,0.024022,0.012758,0.021936,1,0.010035
volatility_20d,2022-05-16,0.003976,160,-0.013155,-0.009862,-0.012045,-0.011684,-0.006468,-0.011689,-0.016372,-0.018369,-0.000979,-0.009133,1,0.004021
volatility_20d,2022-05-17,-0.026553,160,-0.001021,0.003254,0.004928,0.004294,0.001661,0.006787,-0.000178,0.002634,0.00416,0.001152,1,0.002173
volatility_20d,2022-05-18,0.073561,160,0.002389,0.002234,-0.001355,0.000811,0.006025,-0.000668,-0.00076,0.005359,0.003266,0.010246,1,0.007857
volatility_20d,2022-05-19,-0.028867,160,-0.007265,-0.005283,-0.010871,-0.002817,-0.010313,-0.005147,-0.009711,-0.004474,-0.010205,-0.013149,1,-0.005885
volatility_20d,2022-05-20,0.036406,160,0.016955,0.024577,0.013725,0.015862,0.023927,0.014331,0.015794,0.020984,0.019088,0.021906,1,0.00495
volatility_20d,2022-05-23,0.054699,160,-0.010177,-0.006205,-0.010608,-0.000521,-0.008422,-0.010126,-0.002672,-0.007944,-0.002811,-0.001576,1,0.008601
volatility_20d,2022-05-24,-0.054623,160,-0.003878,-0.005995,-0.004278,-0.003243,-0.013296,-0.015515,-0.011005,-0.014609,-0.003019,-0.004296,1,-0.000419
volatility_20d,2022-05-25,0.052736,160,0.008262,0.004791,0.002851,0.000855,0.001419,0.005442,0.008104,0.004924,0.014863,0.002782,1,-0.00548
volatility_20d,2022-05-26,0.073148,160,0.006601,0.008615,0.009524,0.007868,0.011726,0.011711,0.009716,0.006868,0.01615,0.011399,1,0.004798
volatility_20d,2022-05-27,0.017049,160,-0.006546,-0.008667,-0.007532,-0.004445,-0.007815,-0.003949,-0.0066,-0.003347,-0.002258,-0.013143,1,-0.006597
volatility_20d,2022-05-30,-0.145011,160,-0.001905,0.001682,-0.009514,-0.010634,-0.001193,-0.003359,-0.005881,-0.004683,-0.011178,-0.009913,1,-0.008009
volatility_20d,2022-05-31,0.057286,160,0.003377,0.001168,0.002654,0.001253,0.005691,0.00736,0.007427,0.004082,0.001836,0.004696,1,0.001319
volatility_20d,2022-06-01,-0.026931,160,-0.01193,-0.011158,-0.007835,-0.012856,-0.012739,-0.01544,-0.010128,-0.012381,-0.015869,-0.009818,1,0.002112
volatility_20d,2022-06-02,0.031888,160,-0.00746,-0.006747,-0.013922,-0.014454,-0.009657,-0.009229,-0.010925,-0.004674,-0.007632,-0.008983,1,-0.001524
volatility_20d,2022-06-03,-0.057966,160,-0.005471,-0.007425,-0.008757,-0.006472,-0.007739,-0.011683,-0.004808,-0.015138,-0.012396,-0.005094,1,0.000377
volatility_20d,2022-06-06,-0.04175,160,-0.001227,0.002707,-0.000899,-0.002872,-0.005613,-0.00692,-0.01116,0.010001,-0.005043,-0.003784,1,-0.002557
volatility_20d,2022-06-07,0.053958,160,-0.001126,0.001254,-0.004223,-0.005154,0.000852,1.2e-05,0.000638,-0.001764,-0.000775,-0.001006,1,0.00012
volatility_20d,2022-06-08,-0.035383,160,0.02182,0.02074,0.013149,0.012795,0.006765,0.008578,0.016875,0.021066,0.010243,0.019431,1,-0.002389
volatility_20d,2022-06-09,-0.084838,160,0.012671,0.006483,0.003791,0.009527,0.015977,0.006511,0.000794,0.01209,-0.000826,0.009636,1,-0.003035
volatility_20d,2022-06-10,0.00511,160,0.004396,-0.002939,0.006908,0.005494,-0.000751,-0.005295,0.002098,-0.000337,0.005407,0.001835,1,-0.002561
volatility_20d,2022-06-13,-0.152344,160,0.005433,0.006285,-0.000894,0.01026,-0.00542,-0.002022,-0.00303,0.002469,-0.000363,-0.003696,1,-0.009129
volatility_20d,2022-06-14,-0.005221,160,0.010763,0.008169,0.011068,0.006988,0.002551,0.001252,0.016233,0.010258,0.019212,0.00192,1,-0.008843
volatility_20d,2022-06-15,0.002704,160,-0.00359,-0.001538,0.021173,0.00031,0.003944,0.00478,0.005193,0.007405,0.002112,-0.002002,1,0.001588
volatility_20d,2022-06-16,0.041082,160,0.007251,0.005586,0.013782,0.010215,0.004646,0.005606,0.00644,0.013074,0.003901,0.011042,1,0.003791
volatility_20d,2022-06-17,0.035199,160,0.013063,0.013242,0.011742,0.009592,0.017828,0.01806,0.0131,0.008056,0.010929,0.015985,1,0.002922
volatility_20d,2022-06-20,0.094261,160,-0.015076,-0.008278,-0.006892,-0.012375,-0.00618,-0.013529,-0.011503,-0.001452,-0.010907,-0.00411,1,0.010966
volatility_20d,2022-06-21,-0.139303,160,-0.018797,-0.014978,-0.013982,-0.021246,-0.021544,-0.025074,-0.017571,-0.023378,-0.025744,-0.019188,1,-0.000391
volatility_20d,2022-06-22,0.007975,160,-0.001389,0.001665,-0.001747,-0.003965,-0.006905,-0.002898,-0.008382,-0.001049,-0.002425,0.003371,1,0.004761
volatility_20d,2022-06-23,0.000923,160,0.001142,-0.004624,0.000636,-0.005961,0.001888,0.001473,0.004843,-0.002384,-0.004936,-0.00136,1,-0.002502
volatility_20d,2022-06-24,0.106633,160,0.003425,-0.00171,0.002278,0.013113,0.003166,-0.003391,-0.006567,0.015792,0.006949,0.01079,1,0.007366
volatility_20d,2022-06-27,0.06723,160,-0.000337,-0.008722,-0.009918,-0.008758,0.003349,0.00197,-0.001507,-0.004791,-0.0011,-0.007934,1,-0.007597
volatility_20d,2022-06-28,0.00801,160,-0.001505,-0.005486,-0.009886,0.001952,-0.004407,-0.00143,0.003903,-0.01386,-0.001216,-0.002796,1,-0.00129
volatility_20d,2022-06-29,-0.025117,160,0.009403,-0.001987,0.001983,0.002104,0.010127,0.00969,0.010824,-0.002139,-0.006092,0.007129,1,-0.002274
volatility_20d,2022-06-30,-0.116952,160,0.012356,0.006712,0.010107,0.004597,0.006465,0.009687,0.005495,0.009379,-0.002721,0.006494,1,-0.005863
volatility_20d,2022-07-01,0.058095,160,0.006278,0.015594,0.008171,0.0124,0.015523,0.014303,0.018425,0.01513,0.017005,0.004607,1,-0.001671
volatility_20d,2022-07-04,-0.067157,160,-0.012428,-0.019152,-0.019569,-0.022066,-0.013949,-0.017945,-0.011496,-0.018074,-0.022789,-0.021014,1,-0.008586
volatility_20d,2022-07-05,-0.034996,160,-0.016167,-0.0129,-0.020695,-0.016466,-0.003897,-0.016507,-0.016649,-0.01072,-0.0226,-0.017565,1,-0.001398
volatility_20d,2022-07-06,0.090856,160,0.015293,0.010417,0.012282,0.006868,0.01207,0.008925,0.014868,0.013609,0.018071,0.016842,1,0.001549
volatility_20d,2022-07-07,0.079647,160,0.008771,0.010344,0.00528,0.010596,0.000635,0.00544,0.008431,0.006685,0.018132,0.010534,1,0.001763
volatility_20d,2022-07-08,-0.084575,160,0.007578,0.015617,0.020521,0.005416,0.004938,0.003622,0.014478,0.009857,0.007416,0.009862,1,0.002283
volatility_20d,2022-07-11,-0.057752,160,-0.000303,0.001599,-0.003256,-0.000767,-0.002521,-0.004815,-0.003745,-0.000586,-0.00526,-0.002585,1,-0.002282
volatility_20d,2022-07-12,-0.107052,160,-0.002246,-0.004944,-0.000831,-0.002783,-0.009777,-0.0057,-0.002357,-0.01081,-0.013526,-0.006144,1,-0.003898
volatility_20d,2022-07-13,0.154014,160,-0.002762,-0.010792,-0.003527,0.004225,-0.001781,0.002069,0.003289,0.000209,0.00228,0.004372,1,0.007134
volatility_20d,2022-07-14,0.095664,160,-0.011179,-0.010358,-0.015072,-0.005096,-0.007834,-0.006362,-0.007105,0.003545,-0.010955,-0.00591,1,0.005269
volatility_20d,2022-07-15,-0.000856,160,-0.018666,-0.012491,-0.012594,-0.009471,-0.019345,-0.013017,-0.022515,-0.017706,-0.010152,-0.015277,1,0.003389
volatility_20d,2022-07-18,-0.028949,160,-0.009463,-0.006182,-0.010101,-0.010799,-0.017428,-0.008147,-0.010755,-0.006504,-0.009592,-0.01255,1,-0.003088
volatility_20d,2022-07-19,0.14322,160,0.000378,-0.011282,0.00014,-0.000976,-0.002092,0.000597,0.006445,0.007579,0.001401,0.001151,1,0.000773
volatility_20d,2022-07-20,0.144053,160,-0.001077,0.005321,-0.003398,0.013732,0.004884,0.001029,0.005061,0.007949,0.007547,0.007954,1,0.009031
volatility_20d,2022-07-21,0.014728,160,0.018587,0.010259,0.01885,0.011755,0.00993,0.018997,0.016024,0.012242,0.008465,0.019581,1,0.000994
volatility_20d,2022-07-22,-0.193206,160,0.010204,0.011127,0.015408,0.002723,0.00824,0.009609,0.006397,-0.003875,0.004768,0.002054,1,-0.00815
volatility_20d,2022-07-25,0.105136,160,-3.5e-05,0.009528,-0.001274,0.006073,-0.0041,0.000131,0.009771,-0.001468,0.008725,0.013186,1,0.01322
volatility_20d,2022-07-26,0.16624,160,0.010765,0.01086,0.012088,0.009489,0.016931,0.016738,0.015672,0.015778,0.01438,0.021379,1,0.010614
volatility_20d,2022-07-27,0.006123,160,-0.005085,-0.008638,-0.009937,-0.010741,-0.003424,-0.01274,-0.00664,-0.008328,-0.002551,-0.009207,1,-0.004122
volatility_20d,2022-07-28,-0.095799,160,-0.006407,-0.008334,0.001131,-0.00092,-0.010483,-0.017336,-0.004129,-0.010649,-0.009019,-0.009272,1,-0.002865
volatility_20d,2022-07-29,0.195131,160,-0.008804,-0.017512,-0.007662,-0.002953,-0.008559,-0.006119,-0.00495,0.002344,-0.003343,-0.005026,1,0.003779
volatility_20d,2022-08-01,0.073813,160,-0.005188,-0.006542,-0.003625,-0.000162,-0.00309,0.004649,-0.0022,-0.002973,-0.005615,0.007027,1,0.012215
volatility_20d,2022-08-02,0.01486,160,0.022826,0.016177,0.016004,0.021532,0.017128,0.026462,0.015065,0.023873,0.014854,0.022423,1,-0.000403
volatility_20d,2022-08-03,-0.049106,160,-0.002368,0.001178,-0.005659,0.000457,-0.008617,-0.003097,0.001703,-0.008701,-0.000353,-0.005004,1,-0.002636
volatility_20d,2022-08-04,0.082172,160,0.011697,0.012929,0.013338,9.2e-05,0.00736,0.013311,0.011529,0.020329,0.008364,0.016668,1,0.004971
volatility_20d,2022-08-05,0.109929,160,-0.01008,-0.006514,-0.001063,-0.000606,0.001304,-0.001126,0.000906,-0.003737,-0.002479,0.001933,1,0.012013
volatility_20d,2022-08-08,0.109709,160,0.005433,-0.000478,-0.000105,0.003888,0.002053,0.011848,0.001633,0.007697,0.004243,0.00862,1,0.003187
volatility_20d,2022-08-09,0.074895,160,0.001014,0.006863,0.011387,0.003455,0.005219,0.005974,0.010974,0.00434,0.008527,0.010149,1,0.009135
volatility_20d,2022-08-10,0.020623,160,0.01251,0.005492,0.002699,0.005157,0.010506,0.006733,0.009101,-0.001679,0.012759,0.007822,1,-0.004688
volatility_20d,2022-08-11,0.090967,160,0.005806,0.011059,0.006073,0.007493,0.003402,0.010553,0.005085,0.01797,0.003385,0.014023,1,0.008217
volatility_20d,2021-02-01,0.103636,160,0.025066,0.018613,0.023743,0.01946,0.037728,0.028383,0.045547,0.037198,0.02554,0.037352,5,0.012286
volatility_20d,2021-02-02,0.032327,160,0.017376,0.015779,0.015831,0.0071,0.00982,0.016688,0.041217,0.015448,0.007689,0.021647,5,0.004271
volatility_20d,2021-02-03,-0.11488,160,0.037945,0.0408,0.030981,0.018228,0.026983,0.031775,0.039465,0.021214,0.030219,0.01874,5,-0.019205
volatility_20d,2021-02-04,-0.146364,160,0.025221,0.043229,0.030088,0.001615,0.008996,0.024309,0.032238,0.019585,0.004385,0.014221,5,-0.011
volatility_20d,2021-02-05,-0.089907,160,0.024237,0.002487,0.043843,0.012592,0.022199,0.021614,0.020449,0.007262,0.016269,0.011432,5,-0.012805
volatility_20d,2021-02-08,-0.069029,160,-0.003648,-0.005361,-0.01132,-0.002387,0.005253,-0.005157,-0.021764,-0.008738,-0.015715,-0.01273,5,-0.009082
volatility_20d,2021-02-09,-0.058321,160,0.020739,-0.005361,0.012556,0.021851,-0.009845,0.020072,0.021996,0.003013,0.000532,-0.002252,5,-0.022991
volatility_20d,2021-02-10,0.041108,160,-0.000369,-0.006509,-0.006561,0.002675,0.011824,-0.0079,0.016259,-0.000835,-0.003507,0.005478,5,0.005847
volatility_20d,2021-02-11,0.019732,160,0.032788,-0.004202,0.021508,0.021983,0.018787,0.036929,0.011016,0.018596,0.044053,0.001816,5,-0.030972
volatility_20d,2021-02-12,0.026195,160,0.017491,-0.001393,0.018655,0.004864,0.011087,0.01448,-0.000837,0.013855,0.012358,0.006811,5,-0.01068
volatility_20d,2021-02-15,-0.056744,160,0.035087,0.027295,0.034368,0.036762,0.023843,0.015717,0.033009,0.025729,0.029799,0.027882,5,-0.007205
volatility_20d,2021-02-16,-0.052681,160,0.011677,0.015639,0.022095,0.015092,0.00888,0.003612,0.003467,0.012853,0.026734,0.006159,5,-0.005518
volatility_20d,2021-02-17,-0.013843,160,0.004111,0.003063,0.004436,-0.001753,0.000243,-0.005224,0.008282,0.002944,0.016402,-0.004128,5,-0.00824
volatility_20d,2021-02-18,0.044791,160,-0.004537,0.000263,-0.010274,-0.01604,0.024922,-0.022888,0.00751,0.008564,0.012372,-0.010922,5,-0.006386
volatility_20d,2021-02-19,0.034865,160,0.011645,0.012914,0.00848,0.008645,0.002121,0.013794,0.005611,0.014895,0.034069,0.00529,5,-0.006355
volatility_20d,2021-02-22,0.080277,160,0.009547,-0.002821,-0.000314,0.008972,-0.012962,-0.001007,0.002482,0.017963,0.011348,0.016278,5,0.00673
volatility_20d,2021-02-23,0.085371,160,0.013076,-0.014249,0.002245,0.018572,-0.000563,0.005693,0.001705,0.005373,0.015179,0.010559,5,-0.002517
volatility_20d,2021-02-24,0.123652,160,-0.001004,-0.012718,-0.013351,0.000955,-0.004758,0.00345,0.016079,-0.005026,0.004517,0.005405,5,0.006409
volatility_20d,2021-02-25,0.122844,160,-0.001473,0.003636,0.007051,-0.010041,0.023181,0.015631,0.014444,0.014088,0.017954,0.00661,5,0.008083
volatility_20d,2021-02-26,0.085292,160,-0.007248,0.014702,0.015038,0.004536,0.00754,0.002384,0.014123,0.020681,0.025391,-0.003602,5,0.003646
volatility_20d,2021-03-01,0.021587,160,-0.003452,0.019956,0.0373,0.007166,0.003465,0.00941,0.006486,0.031371,0.02907,-0.001269,5,0.002183
volatility_20d,2021-03-02,0.08773,160,0.022839,0.040337,0.039094,0.043317,0.031556,0.035272,0.049611,0.032551,0.037154,0.062693,5,0.039855
volatility_20d,2021-03-03,0.078979,160,0.027324,0.046294,0.036061,0.039071,0.033964,0.026885,0.04904,0.049012,0.030853,0.06205,5,0.034726
volatility_20d,2021-03-04,0.151538,160,0.03956,0.057526,0.03639,0.035772,0.03921,0.03782,0.046235,0.061479,0.055261,0.073428,5,0.033868
volatility_20d,2021-03-05,0.147557,160,0.064272,0.049643,0.078582,0.065824,0.049898,0.065775,0.060513,0.084636,0.08008,0.085172,5,0.020901
volatility_20d,2021-03-08,0.13006,160,0.08184,0.047943,0.089518,0.072458,0.062212,0.073781,0.069621,0.077264,0.098413,0.090375,5,0.008535
volatility_20d,2021-03-09,0.06888,160,0.073498,0.045217,0.055213,0.056092,0.062394,0.05403,0.053699,0.063519,0.087057,0.056031,5,-0.017467
volatility_20d,2021-03-10,-0.016879,160,0.071062,0.058955,0.072337,0.067602,0.047092,0.064401,0.070629,0.061906,0.082038,0.049716,5,-0.021346
volatility_20d,2021-03-11,-0.113474,160,0.057231,0.049884,0.053911,0.060653,0.038509,0.065095,0.049006,0.045571,0.053088,0.031614,5,-0.025617
volatility_20d,2021-03-12,-0.206199,160,0.028769,0.020026,0.032796,0.038069,0.02001,0.029658,0.028069,0.004277,0.010174,0.006294,5,-0.022475
volatility_20d,2021-03-15,-0.305637,160,0.028959,0.000998,0.007006,0.031594,0.010411,0.01679,-0.006671,-0.010431,-0.000685,-0.014952,5,-0.043912
volatility_20d,2021-03-16,-0.294603,160,0.01845,-0.001688,-0.006275,0.015668,0.004525,-0.000365,0.009613,-0.019664,-0.013987,-0.02456,5,-0.04301
volatility_20d,2021-03-17,-0.231472,160,0.02275,0.009509,-0.001001,0.030002,0.009611,0.004626,0.015306,0.000499,-0.019797,0.000578,5,-0.022172
volatility_20d,2021-03-18,-0.166641,160,0.009124,0.024977,0.005936,0.02752,0.02489,-0.003743,0.018662,4.5e-05,-0.004651,0.00504,5,-0.004084
volatility_20d,2021-03-19,-0.087469,160,0.00835,0.029098,0.007752,0.00353,0.033585,-0.000877,0.013919,0.004365,0.01227,-0.001669,5,-0.010019
volatility_20d,2021-03-22,-0.027317,160,0.003336,0.013843,0.000166,0.006648,0.018881,-0.004726,0.022399,-0.009326,0.020482,-0.003918,5,-0.007254
volatility_20d,2021-03-23,0.056451,160,-0.007137,0.004299,0.004727,-0.008165,0.007693,0.007598,-0.001109,-0.007092,0.004001,0.004793,5,0.01193
volatility_20d,2021-03-24,0.040349,160,-0.016579,-0.010381,-0.015566,-0.012404,-0.01029,-0.019237,-0.001977,-0.013274,-0.005868,-0.014677,5,0.001901
volatility_20d,2021-03-25,0.01682,160,-0.042267,-0.045268,-0.045439,-0.013235,-0.027749,-0.05202,-0.022219,-0.042085,-0.040708,-0.029355,5,0.012911
volatility_20d,2021-03-26,0.027127,160,-0.040446,-0.048016,-0.05086,-0.0255,-0.044543,-0.050622,-0.022274,-0.048153,-0.040741,-0.04173,5,-0.001284
volatility_20d,2021-03-29,-0.007779,160,-0.012953,-0.032621,-0.015692,-0.027614,-0.026267,-0.033719,-0.010753,-0.028531,-0.023374,-0.014169,5,-0.001216
volatility_20d,2021-03-30,0.06292,160,-0.033675,-0.012544,-0.016015,-0.014383,-0.019472,-0.017191,-0.031583,-0.021446,-0.007548,-0.013831,5,0.019844
volatility_20d,2021-03-31,0.060664,160,-0.021274,0.00814,-0.01657,-0.002024,0.000887,-0.018265,-0.005877,-0.007391,-0.007989,0.001377,5,0.022651
volatility_20d,2021-04-01,0.084205,160,-0.008138,-0.011838,-0.008817,0.004281,-0.013856,-0.007423,0.005068,-0.012427,-0.017928,0.005877,5,0.014016
volatility_20d,2021-04-02,0.047199,160,-0.000632,0.005569,0.004158,0.015018,0.00962,-0.009099,0.014455,-0.003862,-0.00742,0.019624,5,0.020257
volatility_20d,2021-04-05,0.092898,160,-0.03177,-0.037299,-0.028056,-0.028074,-0.010026,-0.014748,-0.028514,-0.030893,-0.028993,-0.018515,5,0.013255
volatility_20d,2021-04-06,0.080025,160,-0.034531,-0.036146,-0.035865,-0.026746,-0.002094,-0.03448,-0.007666,-0.032206,-0.025275,-0.028885,5,0.005646
volatility_20d,2021-04-07,0.04056,160,-0.017391,-0.000681,-0.019533,-0.022053,0.000682,-0.00841,0.001763,-0.021822,-0.01498,-0.004147,5,0.013244
volatility_20d,2021-04-08,0.04032,160,-0.012325,0.004703,-0.029099,-0.008736,0.020057,-0.00163,-0.006721,0.006404,-0.007773,-0.01185,5,0.000475
volatility_20d,2021-04-09,0.025243,160,0.000216,-0.008009,-0.002428,0.006866,0.004555,0.008517,0.014848,0.012958,-0.013117,-0.004151,5,-0.004367
volatility_20d,2021-04-12,0.01474,160,0.026025,0.029444,-0.001175,0.032026,0.034484,0.029344,0.034132,0.026597,0.036024,0.008194,5,-0.017831
volatility_20d,2021-04-13,-0.007782,160,0.034023,0.024314,0.031348,0.020548,0.03088,0.045371,0.033454,0.013811,0.032293,0.026689,5,-0.007334
volatility_20d,2021-04-14,-0.004178,160,0.016241,-0.010342,-0.004571,-0.00868,0.015053,0.013109,0.029045,0.000788,-0.006324,-0.007106,5,-0.023348
volatility_20d,2021-04-15,0.00104,160,0.018782,0.006547,0.012604,0.018823,0.032242,0.015997,0.040048,0.009173,0.017771,0.01724,5,-0.001542
volatility_20d,2021-04-16,0.022231,160,0.003125,-0.014545,0.011015,0.015934,0.000117,0.021664,0.013642,-0.015632,0.006321,0.016217,5,0.013092
volatility_20d,2021-04-19,0.075495,160,0.00797,-0.00063,0.005867,0.016686,0.022934,0.0119,0.003671,0.0021,0.029628,0.023241,5,0.015271
volatility_20d,2021-04-20,0.136157,160,-0.003399,0.001762,-0.007562,0.010243,0.002039,0.018622,0.001163,0.010965,0.01642,0.012927,5,0.016326
volatility_20d,2021-04-21,0.095608,160,-0.000365,0.013856,0.009513,0.020895,0.011206,0.014803,0.016605,0.019674,0.018041,0.016822,5,0.017188
volatility_20d,2021-04-22,0.056865,160,0.000857,0.00894,0.007264,0.008632,0.005793,-0.009835,0.007887,0.034757,0.008799,0.006211,5,0.005353
volatility_20d,2021-04-23,-0.039699,160,0.010929,0.024612,0.019226,0.020651,0.008552,-0.013454,0.009006,0.018188,0.020797,0.009865,5,-0.001064
volatility_20d,2021-04-26,-0.018253,160,-0.00021,-0.015243,-0.014063,-0.023553,-0.017251,-0.022248,0.005779,-0.022732,-0.004064,-0.007937,5,-0.007727
volatility_20d,2021-04-27,0.026922,160,0.006546,-0.009468,-0.021911,-0.022418,-0.029413,-0.01502,-0.018161,0.004468,0.000109,0.001665,5,-0.004882
volatility_20d,2021-04-28,-0.035178,160,0.008726,-0.000102,-0.030022,-0.030033,-0.025454,-0.019278,-0.01241,-0.02408,-0.00507,-0.000295,5,-0.009021
volatility_20d,2021-04-29,-0.015294,160,-0.005854,-0.01583,-0.037994,-0.031127,-0.033195,-0.03022,-0.02435,-0.027555,-0.029525,-0.004579,5,0.001275
volatility_20d,2021-04-30,0.17171,160,-0.010772,-0.037856,-0.033138,-0.028829,-0.025528,-0.024526,-0.009486,-0.000182,-0.025006,-0.005276,5,0.005496
volatility_20d,2021-05-03,0.061154,160,-0.000443,-0.007456,-0.015681,-0.003687,-0.001345,0.019047,-0.016014,-0.014986,0.010297,-0.000619,5,-0.000176
volatility_20d,2021-05-04,0.001447,160,-0.005974,-0.017002,-0.022706,-0.02392,0.002631,-0.001166,-0.013107,-0.029787,-0.008436,-0.009849,5,-0.003875
volatility_20d,2021-05-05,0.053296,160,-0.035533,-0.040799,-0.021628,-0.032303,-0.018552,-0.02091,-0.019898,-0.028418,-0.031123,-0.021724,5,0.013809
volatility_20d,2021-05-06,-0.001456,160,-0.027597,-0.045433,-0.039937,-0.029985,-0.013197,-0.033506,-0.024899,-0.050774,-0.023288,-0.029697,5,-0.002101
volatility_20d,2021-05-07,-0.057869,160,-0.034162,-0.043338,-0.042102,-0.010664,-0.036928,-0.030582,-0.055475,-0.046068,-0.029117,-0.04256,5,-0.008397
volatility_20d,2021-05-10,0.068153,160,-0.035359,-0.028985,-0.025014,-0.011942,-0.028972,-0.011535,-0.03883,-0.020887,-0.022892,-0.022286,5,0.013073
volatility_20d,2021-05-11,0.093141,160,-0.02805,-0.018054,-0.021507,-0.002869,-0.000242,-0.002433,-0.002706,-0.021508,-0.008405,-0.009342,5,0.018708
volatility_20d,2021-05-12,0.024083,160,-0.003937,0.003715,0.008186,0.024755,0.007797,0.007623,0.005747,0.01534,0.001123,0.014485,5,0.018422
volatility_20d,2021-05-13,-0.011617,160,0.001252,0.004483,0.023012,0.007474,0.010045,0.010674,0.022597,0.003815,0.008022,0.006665,5,0.005413
volatility_20d,2021-05-14,0.054761,160,-0.000464,-0.006863,-0.003845,0.000838,-0.006822,0.004213,0.010523,0.009999,0.002687,-0.007207,5,-0.006744
volatility_20d,2021-05-17,-0.03751,160,-0.03707,-0.028341,-0.023954,-0.028612,-0.039144,-0.035305,-0.049872,-0.013824,-0.025719,-0.039622,5,-0.002552
volatility_20d,2021-05-18,-0.091099,160,-0.026093,-0.022736,-0.027995,-0.026304,-0.025304,-0.044194,-0.034345,-0.048225,-0.022965,-0.032567,5,-0.006475
volatility_20d,2021-05-19,-0.022451,160,-0.024648,-0.025492,-0.026264,-0.027038,-0.022461,-0.022076,-0.021878,-0.036032,-0.009576,-0.037817,5,-0.013168
volatility_20d,2021-05-20,-0.022873,160,-0.027476,-0.003507,-0.024288,-0.015996,-0.00487,-0.013583,-0.016517,-0.017357,-0.013262,-0.026096,5,0.00138
volatility_20d,2021-05-21,0.003718,160,-0.002708,0.018502,-0.002364,-0.011752,0.016883,0.010989,0.006576,0.006015,0.007036,-0.001062,5,0.001646
volatility_20d,2021-05-24,-0.08381,160,0.02441,0.039183,0.014562,0.030854,0.011617,0.037968,0.025212,0.02591,0.008075,0.023292,5,-0.001118
volatility_20d,2021-05-25,-0.052121,160,0.032857,0.03157,0.027497,0.033706,0.015624,0.021164,0.018856,0.035945,0.020534,0.030048,5,-0.002809
volatility_20d,2021-05-26,-0.134941,160,0.036316,0.017509,0.031764,0.029716,0.00438,0.011641,0.03325,0.023317,0.001949,0.01689,5,-0.019426
volatility_20d,2021-05-27,-0.081536,160,0.027999,0.038086,0.033857,0.027256,0.007574,0.01109,0.034633,0.03797,0.016464,0.018582,5,-0.009416
volatility_20d,2021-05-28,-0.019126,160,0.023318,0.021513,0.023851,0.023293,0.030822,0.011697,0.030308,0.0336,0.023161,0.017315,5,-0.006003
volatility_20d,2021-05-31,0.111989,160,0.002479,0.004402,0.020122,0.017089,0.012645,0.018338,0.013011,0.017817,0.015372,0.016964,5,0.014485
volatility_20d,2021-06-01,0.096361,160,-0.015818,-0.00942,-0.023802,-0.006685,0.003535,-0.007559,-0.002049,-0.007264,-0.008948,-0.004576,5,0.011242
volatility_20d,2021-06-02,0.060492,160,-0.024875,-0.017262,-0.0166,-0.000756,-0.010886,-0.007323,-0.011079,-0.007937,-0.009188,-0.013893,5,0.010982
volatility_20d,2021-06-03,0.064708,160,-0.024666,-0.028426,-0.027868,-0.017605,-0.015088,-0.008354,0.000911,-0.017834,-0.013747,-0.025035,5,-0.000369
volatility_20d,2021-06-04,0.060688,160,-0.027913,-0.031097,-0.049253,-0.035656,-0.019936,-0.020543,-0.020081,-0.029915,-0.024962,-0.02941,5,-0.001497
volatility_20d,2021-06-07,0.102001,160,-0.005029,-0.010173,-0.018188,-0.002316,-0.005631,-0.008121,-0.000756,-7.2e-05,-0.001512,-0.000191,5,0.004838
volatility_20d,2021-06-08,0.052215,160,0.009576,-0.02003,-0.001871,0.012722,2e-05,0.007299,-0.009742,0.015669,0.011993,-0.004588,5,-0.014163
volatility_20d,2021-06-09,0.097888,160,0.006062,-0.0013,0.010077,-0.006753,0.011106,0.013489,0.029682,0.013728,-0.004883,0.023956,5,0.017894
volatility_20d,2021-06-10,0.067977,160,0.010089,0.019745,0.007321,0.036452,0.028426,0.022745,0.021738,0.023868,0.018971,0.029685,5,0.019595
volatility_20d,2021-06-11,0.040967,160,0.012912,0.030927,0.023961,0.034528,0.026867,0.025253,0.027916,0.042728,0.004969,0.036112,5,0.0232
volatility_20d,2021-06-14,-0.091685,160,0.026748,0.012621,0.043115,0.015735,0.034044,0.005346,0.031859,0.016686,0.015668,0.010405,5,-0.016344
volatility_20d,2021-06-15,-0.089464,160,0.030903,0.037176,0.038154,0.039296,0.018802,0.03746,0.040183,0.015441,0.025491,0.031428,5,0.000525
volatility_20d,2021-06-16,-0.099209,160,0.019332,0.024659,0.012512,0.027162,0.016459,0.006612,0.023096,0.009525,0.010514,0.011403,5,-0.007929
volatility_20d,2021-06-17,-0.14417,160,0.030399,0.019599,0.017551,0.0216,0.02299,-0.002667,0.026995,0.002803,0.015398,0.00156,5,-0.028839
volatility_20d,2021-06-18,-0.075577,160,0.025746,0.028434,0.02029,0.004044,0.025165,0.024804,0.013408,0.015285,0.028174,-0.000977,5,-0.026723
volatility_20d,2021-06-21,-0.177265,160,0.024349,0.024225,0.023276,0.022533,0.016427,0.04018,-0.001878,0.027163,0.015924,-0.003753,5,-0.028102
volatility_20d,2021-06-22,-0.051389,160,0.020327,0.031107,0.019928,0.019326,0.031612,0.032731,0.013433,0.012841,0.03508,0.015522,5,-0.004805
volatility_20d,2021-06-23,-0.121915,160,0.049785,0.04882,0.049324,0.055605,0.040799,0.056207,0.024991,0.063712,0.039302,0.034082,5,-0.015702
volatility_20d,2021-06-24,-0.088861,160,0.035838,0.03492,0.038572,0.033154,0.039484,0.04448,0.026882,0.040859,0.023687,0.027952,5,-0.007886
volatility_20d,2021-06-25,-0.011458,160,0.026972,0.010903,0.00887,0.008518,0.025879,0.020067,0.027118,0.00892,0.001068,0.014799,5,-0.012173
volatility_20d,2021-06-28,0.038612,160,-0.00404,-0.014814,-0.014147,-0.034823,-0.004454,-0.017814,-0.00415,-0.024127,-0.014787,-0.002944,5,0.001096
volatility_20d,2021-06-29,-0.030362,160,-0.015445,-0.024066,-0.013016,-0.029306,-0.029092,-0.015053,-0.027287,-0.041585,-0.029524,-0.018243,5,-0.002798
volatility_20d,2021-06-30,0.046109,160,-0.02726,-0.029009,-0.034698,-0.038561,-0.031228,-0.020733,-0.036383,-0.040854,-0.03839,-0.017302,5,0.009958
volatility_20d,2021-07-01,0.022559,160,-0.037333,-0.033651,-0.04951,-0.053752,-0.045356,-0.039058,-0.033692,-0.051536,-0.045693,-0.034445,5,0.002888
volatility_20d,2021-07-02,-0.032301,160,-0.031359,-0.044297,-0.017402,-0.028608,-0.041383,-0.028198,-0.033331,-0.048168,-0.035456,-0.038107,5,-0.006748
volatility_20d,2021-07-05,-0.024707,160,-0.003756,0.010012,-0.015238,-0.002553,0.010095,0.010471,0.002831,-0.003552,-0.006711,-0.005602,5,-0.001846
volatility_20d,2021-07-06,-0.011473,160,0.0071,0.017602,0.011676,0.013146,0.024539,0.015034,0.011615,0.013741,0.037317,-0.000159,5,-0.007259
volatility_20d,2021-07-07,0.045714,160,0.018915,0.022318,0.017495,0.043385,0.016586,0.025645,0.024222,0.028412,0.041175,0.015163,5,-0.003752
volatility_20d,2021-07-08,0.138574,160,0.028769,0.014322,0.028443,0.018886,0.03826,0.032807,0.036023,0.034213,0.046946,0.029526,5,0.000757
volatility_20d,2021-07-09,0.107395,160,0.014194,0.018421,-0.007628,-0.004138,0.03533,-0.005989,0.010884,0.024963,0.013727,0.027721,5,0.013527
volatility_20d,2021-07-12,0.064151,160,0.017602,0.001594,0.003927,-0.003262,-0.001536,0.016796,0.011977,0.003502,0.023607,0.009329,5,-0.008274
volatility_20d,2021-07-13,0.099188,160,-0.012658,-0.0223,-0.012114,-0.009289,-0.024723,-0.015518,-0.012089,-0.008736,-0.002423,-0.001801,5,0.010856
volatility_20d,2021-07-14,0.073227,160,-0.034178,-0.018934,-0.037345,-0.033747,-0.029785,-0.024699,-0.027484,-0.019678,-0.017803,-0.024202,5,0.009976
volatility_20d,2021-07-15,0.026163,160,-0.023221,-0.008443,-0.035819,-0.003036,-0.011948,-0.014026,-0.02609,-0.006397,-0.011966,-0.020332,5,0.002889
volatility_20d,2021-07-16,0.019463,160,0.012968,-0.011765,-0.012001,-0.019852,-0.00257,-0.009724,0.002392,0.006754,0.005162,-0.003758,5,-0.016726
volatility_20d,2021-07-19,0.040844,160,-0.008783,-0.005408,-0.007376,-0.013297,-0.012027,-0.00294,0.006175,0.009043,-0.002292,-0.008678,5,0.000105
volatility_20d,2021-07-20,0.01868,160,0.021862,0.025835,0.013088,0.010625,0.026607,0.021505,0.034207,0.029707,0.021251,0.018174,5,-0.003688
volatility_20d,2021-07-21,-0.033262,160,0.028614,0.036054,0.009136,0.025759,0.03718,0.030542,0.026375,0.026647,0.026665,0.028739,5,0.000125
volatility_20d,2021-07-22,-0.064693,160,0.030655,0.035186,0.015994,0.020785,0.03575,0.026647,0.013473,0.011233,0.031805,0.02999,5,-0.000665
volatility_20d,2021-07-23,-0.089837,160,0.038233,0.034574,0.029847,0.044093,0.048042,0.026252,0.02522,0.030116,0.011521,0.050629,5,0.012396
volatility_20d,2021-07-26,-0.158945,160,0.012742,0.021699,0.014963,0.018281,0.014494,0.008737,0.000107,0.004029,-0.012666,0.025429,5,0.012687
volatility_20d,2021-07-27,-0.115727,160,-0.001946,-0.006061,0.014067,-0.011634,0.000892,-0.007843,-0.021485,-0.015783,-0.019112,0.008135,5,0.010081
volatility_20d,2021-07-28,-0.072741,160,-0.015994,-0.012685,0.010258,-0.004549,-0.027952,-0.028802,-0.008276,-0.01974,-0.027379,-0.006076,5,0.009918
volatility_20d,2021-07-29,0.016334,160,-0.019303,-0.02379,-0.007731,-0.031556,-0.025121,-0.014639,-0.022205,-0.006811,-0.031325,-0.015626,5,0.003678
volatility_20d,2021-07-30,0.007196,160,-0.017421,-0.015628,-0.004128,-0.013472,-0.030776,-0.00522,-0.010203,-0.006484,-0.023399,-0.011996,5,0.005425
volatility_20d,2021-08-02,0.050296,160,-0.023393,-0.026109,-0.010189,-0.020053,-0.01814,-0.015298,-0.004064,-0.012048,-0.023963,-0.023517,5,-0.000124
volatility_20d,2021-08-03,-0.043382,160,-0.019665,-0.016114,-0.021904,-0.013214,-0.007817,-0.007312,-0.029951,-0.010737,-0.023189,-0.019476,5,0.000189
volatility_20d,2021-08-04,0.000946,160,-0.034927,-0.037334,-0.044536,-0.040815,-0.039665,-0.025476,-0.046724,-0.035757,-0.041946,-0.033525,5,0.001402
volatility_20d,2021-08-05,-0.026588,160,-0.021023,-0.026814,-0.028362,-0.030519,-0.016199,-0.018797,-0.024506,-0.027973,-0.028774,-0.031059,5,-0.010036
volatility_20d,2021-08-06,0.031689,160,-0.040184,-0.031948,-0.017075,-0.032624,-0.027547,-0.013226,-0.023065,-0.036359,-0.037526,-0.024811,5,0.015373
volatility_20d,2021-08-09,-0.062988,160,-0.010979,-0.005778,-0.01487,-0.00618,-0.006259,-0.00461,-0.0191,-0.019897,-0.014169,-0.012108,5,-0.001129
volatility_20d,2021-08-10,0.038222,160,0.007126,0.009779,0.001748,0.025848,0.023598,0.018259,0.014011,0.016221,-0.002455,0.025367,5,0.018241
volatility_20d,2021-08-11,0.116993,160,0.02034,0.033375,0.056709,0.042123,0.059897,0.054961,0.063692,0.047789,0.035975,0.050231,5,0.029891
volatility_20d,2021-08-12,0.164649,160,0.018831,-0.001024,0.03064,0.022978,0.031106,0.054734,0.035226,0.030099,0.015159,0.040261,5,0.02143
volatility_20d,2021-08-13,0.066404,160,0.036437,0.039179,0.039645,0.060866,0.054321,0.060722,0.049265,0.040735,0.054761,0.045441,5,0.009005
volatility_20d,2021-08-16,0.091776,160,0.038215,0.024586,0.038285,0.027256,0.036206,0.037758,0.043777,0.029443,0.047056,0.037608,5,-0.000607
volatility_20d,2021-08-17,0.035761,160,0.022002,0.019008,0.021978,0.006603,0.008887,0.032465,0.034125,0.015157,0.023175,0.016749,5,-0.005253
volatility_20d,2021-08-18,0.010351,160,0.019035,0.016934,0.019871,0.0173,-0.00236,0.023458,0.017514,-0.008073,0.030671,0.016488,5,-0.002547
volatility_20d,2021-08-19,-0.017939,160,0.02079,0.029938,0.023204,0.009446,0.010742,0.02644,0.011718,0.000944,0.020382,0.024665,5,0.003875
volatility_20d,2021-08-20,0.069105,160,0.016096,-0.009525,0.011351,-0.006753,0.00486,0.00955,-0.011089,0.004178,0.024106,0.011892,5,-0.004204
volatility_20d,2021-08-23,-0.007828,160,0.015485,0.008756,0.039575,0.002629,0.033673,0.006137,0.011086,0.010109,0.014738,0.025042,5,0.009557
volatility_20d,2021-08-24,-0.050791,160,0.024879,-0.002681,0.030752,0.026012,0.021688,0.012336,-0.0037,0.021395,0.00621,0.031355,5,0.006476
volatility_20d,2021-08-25,-0.072984,160,0.023365,-0.014823,0.014575,0.029351,0.00448,0.008943,-0.0063,0.009294,-0.005546,0.019544,5,-0.003821
volatility_20d,2021-08-26,-0.062173,160,0.036119,0.034278,0.030736,0.046301,0.028194,0.039838,0.01052,0.022984,0.013774,0.049075,5,0.012956
volatility_20d,2021-08-27,-0.060465,160,0.011539,0.017933,0.019752,0.017274,0.00755,0.020862,0.013073,0.015396,0.00483,0.013476,5,0.001937
volatility_20d,2021-08-30,-0.013114,160,0.014525,-0.002863,-0.013028,-0.009074,-0.014671,0.001566,-0.010798,-0.012382,-0.000141,0.003905,5,-0.01062
volatility_20d,2021-08-31,0.02483,160,0.006578,0.013616,0.011412,-0.009701,-0.011842,0.014384,0.010599,-0.004678,0.02093,0.007322,5,0.000744
volatility_20d,2021-09-01,0.056062,160,0.01333,0.009976,0.009391,-0.000362,-0.006005,-0.003966,-0.003863,0.015984,0.011873,0.012401,5,-0.000929
volatility_20d,2021-09-02,0.057905,160,-0.00998,-0.005107,-0.008181,-0.007828,-0.013338,-0.011436,0.009686,-0.012086,-0.010035,0.002646,5,0.012625
volatility_20d,2021-09-03,-0.084595,160,0.019222,0.006017,0.024218,0.031684,0.027914,0.00146,0.01001,0.021418,0.007057,0.010565,5,-0.008657
volatility_20d,2021-09-06,-0.031988,160,0.04875,0.033103,0.043242,0.052264,0.042772,0.037863,0.054764,0.0475,0.029336,0.044081,5,-0.004669
volatility_20d,2021-09-07,-0.033795,160,0.033926,0.025824,0.033069,0.05091,0.020765,0.034074,0.038858,0.030136,0.03129,0.026162,5,-0.007764
volatility_20d,2021-09-08,-0.024692,160,0.034059,0.044867,0.035814,0.039809,0.073115,0.02813,0.063699,0.033649,0.047716,0.02765,5,-0.006409
volatility_20d,2021-09-09,0.022513,160,0.021449,0.036782,0.029226,0.029864,0.050548,0.03373,0.031212,0.024948,0.046769,0.026587,5,0.005138
volatility_20d,2021-09-10,-0.023652,160,0.017967,0.023361,0.014838,0.029279,0.034107,0.017457,0.01971,0.018365,0.015328,0.019948,5,0.001981
volatility_20d,2021-09-13,-0.069471,160,0.029557,0.021916,0.014249,0.040096,0.029024,0.008809,0.041383,-0.010662,0.021176,0.026613,5,-0.002944
volatility_20d,2021-09-14,-0.023532,160,0.023464,0.022613,0.030138,0.006927,0.039199,0.011702,0.025118,0.025135,0.021901,0.020312,5,-0.003152
volatility_20d,2021-09-15,0.020242,160,0.01083,0.012553,0.019758,0.008073,0.010303,0.011086,0.022409,0.010343,0.015153,0.015921,5,0.005091
volatility_20d,2021-09-16,0.015748,160,-0.007415,-0.014004,-0.008826,-0.000287,-0.020515,-0.021807,-0.006649,-0.019884,-0.014058,-0.000323,5,0.007091
volatility_20d,2021-09-17,0.027555,160,-0.006756,-0.022154,-0.014391,0.007515,-0.02468,-0.019495,-0.011454,-0.014791,-0.015947,0.003023,5,0.009778
volatility_20d,2021-09-20,0.024569,160,-0.015408,-0.030705,-0.027848,-0.007931,-0.03712,-0.034033,-0.027036,-0.022301,-0.019711,-0.010749,5,0.004659
volatility_20d,2021-09-21,-0.018343,160,-0.022303,-0.035143,-0.036963,-0.021419,-0.040417,-0.035866,-0.039615,-0.023133,-0.042229,-0.020163,5,0.002139
volatility_20d,2021-09-22,-0.1448,160,-0.018906,-0.017734,-0.015875,-0.014746,-0.01129,-0.038183,-0.028353,-0.025238,-0.026755,-0.029625,5,-0.010719
volatility_20d,2021-09-23,-0.073116,160,0.013013,0.024894,0.025363,0.020301,-0.001806,-0.001808,0.022691,0.012555,0.012291,0.012202,5,-0.000811
volatility_20d,2021-09-24,-0.061406,160,0.013306,0.024514,0.020609,0.023882,-0.002866,-0.000265,0.006434,0.018638,0.008577,0.018765,5,0.005459
volatility_20d,2021-09-27,-0.024543,160,-0.005361,0.019103,0.005424,-0.002805,-0.015938,-0.002201,-0.005364,0.004151,-0.006495,0.011131,5,0.016492
volatility_20d,2021-09-28,0.029793,160,-0.013833,-0.009456,0.005381,-0.016814,-0.027733,-0.017641,-0.006466,0.001414,-0.017161,-0.001667,5,0.012166
volatility_20d,2021-09-29,0.069026,160,-0.022922,-0.004309,-0.020265,-0.023611,-0.004439,-0.022951,-0.023564,0.001014,-0.016673,0.001473,5,0.024395
volatility_20d,2021-09-30,0.103299,160,-0.020276,-0.021717,-0.026265,-0.019056,-0.006846,-0.024549,-0.018062,-0.0177,-0.01456,-0.001268,5,0.019007
volatility_20d,2021-10-01,0.10799,160,-0.037613,-0.022299,-0.027333,-0.011828,-0.010846,-0.024609,-0.026208,-0.024693,-0.017969,-0.003758,5,0.033855
volatility_20d,2021-10-04,0.097504,160,-0.035126,-0.00324,-0.011884,-0.002809,0.007278,-0.005698,-0.014227,-0.006515,-0.008694,0.00527,5,0.040396
volatility_20d,2021-10-05,0.144762,160,0.005077,-0.013806,0.006993,0.009107,0.00818,0.021161,0.010958,0.011032,0.015719,0.0204,5,0.015323
volatility_20d,2021-10-06,0.083567,160,0.005069,0.000493,0.002843,0.01628,0.010617,0.027077,0.002356,-0.001136,0.007141,0.027435,5,0.022366
volatility_20d,2021-10-07,0.037868,160,0.001533,0.017535,0.00985,-0.006101,0.022371,0.020801,0.008828,0.001898,0.018882,0.013256,5,0.011723
volatility_20d,2021-10-08,0.014438,160,0.000483,0.006362,0.023835,0.020742,0.012527,0.015638,0.012783,-0.005641,0.017247,0.00946,5,0.008976
volatility_20d,2021-10-11,0.033104,160,0.005539,0.018217,0.027602,0.029162,0.020362,0.017524,0.003265,0.018107,0.023713,0.018586,5,0.013047
volatility_20d,2021-10-12,-0.036693,160,0.007516,0.035837,0.003009,0.00753,0.005641,0.003467,0.011184,0.009124,0.012789,0.010486,5,0.002969
volatility_20d,2021-10-13,0.008306,160,0.031652,0.000398,0.001245,0.015592,0.02192,0.010366,0.017559,0.01648,0.024834,0.008288,5,-0.023364
volatility_20d,2021-10-14,0.042983,160,0.026562,0.016255,0.01387,-0.00065,0.018413,0.023565,0.003797,0.029856,0.032758,0.019017,5,-0.007545
volatility_20d,2021-10-15,-0.060096,160,0.042837,0.013663,0.007713,0.02985,0.018354,0.00484,0.01772,0.02221,0.010582,0.029093,5,-0.013744
volatility_20d,2021-10-18,-0.054459,160,0.034159,-0.004541,-0.005873,0.015195,0.016583,0.002278,0.000688,0.014232,-0.01534,0.017528,5,-0.016631
volatility_20d,2021-10-19,-0.040592,160,0.019396,0.026492,0.005409,0.010835,0.020865,0.007421,0.013451,0.012205,0.006723,0.021168,5,0.001772
volatility_20d,2021-10-20,-0.100023,160,0.026163,0.026821,0.006614,0.006459,0.011352,0.018592,0.012587,0.019898,0.002192,0.016648,5,-0.009516
volatility_20d,2021-10-21,-0.021871,160,-0.010809,-0.001162,0.023643,-0.001068,-0.028981,0.000892,0.007186,0.003185,-0.007198,-0.006444,5,0.004365
volatility_20d,2021-10-22,-0.073693,160,0.010888,-0.014525,0.004842,-0.008476,-0.01733,0.015061,0.004761,-0.003734,-0.005147,-0.01844,5,-0.029327
volatility_20d,2021-10-25,-0.046953,160,0.012925,0.004778,-0.006333,-0.009271,0.011385,0.017215,0.016579,0.003698,0.000377,-0.012346,5,-0.025271
volatility_20d,2021-10-26,-0.030426,160,0.010707,-0.018598,-0.004733,-0.008332,-0.019032,0.021278,0.002638,-0.010631,-0.001151,-0.015818,5,-0.026525
volatility_20d,2021-10-27,-0.071666,160,0.00634,-0.025329,-0.015089,-0.030116,-0.015203,-0.011171,-0.020433,-0.009347,-0.024742,-0.024329,5,-0.03067
volatility_20d,2021-10-28,-0.170699,160,-0.002314,-0.014032,-0.010583,-0.019493,-0.020211,-0.026147,-0.019992,-0.029164,-0.024621,-0.025046,5,-0.022732
volatility_20d,2021-10-29,-0.015935,160,-0.016127,-0.042907,-0.038008,-0.021988,-0.019556,-0.034136,-0.029817,-0.038446,-0.03717,-0.025423,5,-0.009295
volatility_20d,2021-11-01,0.015296,160,-0.048349,-0.039268,-0.058061,-0.040393,-0.032371,-0.059023,-0.059988,-0.059099,-0.037823,-0.045536,5,0.002812
volatility_20d,2021-11-02,-0.108025,160,-0.03642,-0.056645,-0.043448,-0.05008,-0.047886,-0.059861,-0.047741,-0.058284,-0.054052,-0.057007,5,-0.020586
volatility_20d,2021-11-03,-0.111098,160,-0.046179,-0.051148,-0.049087,-0.038254,-0.052533,-0.049815,-0.055018,-0.050869,-0.052074,-0.062113,5,-0.015935
volatility_20d,2021-11-04,-0.051107,160,-0.04937,-0.032144,-0.04338,-0.039529,-0.035196,-0.04301,-0.039332,-0.042722,-0.039917,-0.048524,5,0.000846
volatility_20d,2021-11-05,-0.052508,160,-0.036359,-0.023816,-0.037245,-0.032323,-0.022564,-0.027144,-0.021459,-0.015475,-0.030523,-0.048445,5,-0.012086
volatility_20d,2021-11-08,0.038937,160,-0.027258,-0.030823,-0.016376,-0.009254,-0.005635,-0.006746,0.000601,-0.038548,-0.023657,-0.008707,5,0.018551
volatility_20d,2021-11-09,0.011415,160,-0.018159,-0.016021,-0.026531,-0.006439,-0.00844,-0.000524,-0.023677,-0.022241,-0.022406,-0.009075,5,0.009084
volatility_20d,2021-11-10,0.083578,160,-0.011703,-0.030628,-0.029402,-0.033967,-0.000221,-0.026013,-0.021444,-0.003979,-0.019956,-0.010105,5,0.001598
volatility_20d,2021-11-11,0.042567,160,-0.033157,-0.025034,-0.027038,-0.030624,-0.03447,-0.014207,-0.021482,-0.033307,-0.020089,-0.026755,5,0.006402
volatility_20d,2021-11-12,0.057981,160,-0.042298,-0.022045,-0.022405,-0.023894,-0.040095,-0.027648,-0.020666,-0.030821,-0.023791,-0.022293,5,0.020006
volatility_20d,2021-11-15,0.027013,160,-0.020669,-0.02991,-0.03234,-0.03707,-0.029668,-0.023306,-0.018753,-0.018763,-0.037953,-0.021773,5,-0.001103
volatility_20d,2021-11-16,0.031917,160,-0.006464,-0.016239,-0.008437,-0.005649,-0.005583,-0.008497,-0.011224,-0.015291,0.003033,-0.005111,5,0.001354
volatility_20d,2021-11-17,0.055069,160,0.020802,0.006983,0.013069,0.010086,0.006911,0.017015,7e-06,0.029766,0.017967,0.023871,5,0.003068
volatility_20d,2021-11-18,0.030236,160,0.040543,0.042945,0.057374,0.022007,0.02481,0.053982,0.040002,0.047656,0.03424,0.056516,5,0.015973
volatility_20d,2021-11-19,-0.032383,160,0.072599,0.055902,0.078406,0.052129,0.039041,0.058741,0.082575,0.046854,0.062729,0.066354,5,-0.006245
volatility_20d,2021-11-22,0.100056,160,0.03346,0.028711,0.065658,0.048301,0.058232,0.04333,0.055573,0.058655,0.039291,0.057211,5,0.023751
volatility_20d,2021-11-23,0.117485,160,0.031617,0.032426,0.045825,0.029867,0.03721,0.054224,0.054256,0.044302,0.031577,0.055735,5,0.024118
volatility_20d,2021-11-24,0.058192,160,0.032507,0.032497,0.035586,0.025625,0.02784,0.032188,0.043732,0.029363,0.045056,0.037155,5,0.004648
volatility_20d,2021-11-25,0.104403,160,0.019142,0.024813,0.009425,0.011672,0.019814,0.015246,0.03107,0.02867,0.035956,0.019624,5,0.000482
volatility_20d,2021-11-26,0.082201,160,0.021541,0.020348,0.013785,0.026863,0.0129,0.008293,0.046988,0.030641,0.035211,0.015538,5,-0.006003
volatility_20d,2021-11-29,0.0189,160,0.066109,0.061153,0.056869,0.046732,0.059662,0.05732,0.055832,0.072239,0.062972,0.055062,5,-0.011047
volatility_20d,2021-11-30,0.021051,160,0.073289,0.070029,0.073197,0.036241,0.05674,0.055961,0.064161,0.067505,0.075226,0.063576,5,-0.009712
volatility_20d,2021-12-01,0.072208,160,0.069923,0.044547,0.06212,0.052131,0.068015,0.070518,0.048812,0.062119,0.080429,0.066715,5,-0.003208
volatility_20d,2021-12-02,0.114875,160,0.046308,0.03667,0.04894,0.051104,0.04041,0.054101,0.047223,0.064546,0.056083,0.046841,5,0.000532
volatility_20d,2021-12-03,0.074906,160,0.001564,0.010101,0.031411,0.020364,0.00827,0.019334,0.026855,0.005388,0.026981,0.017595,5,0.016031
volatility_20d,2021-12-06,0.037938,160,-0.012118,0.004596,0.005087,0.002625,0.009993,0.00337,-0.013783,0.011024,-0.01006,0.010803,5,0.022921
volatility_20d,2021-12-07,0.110852,160,-0.011608,-0.024246,-0.015356,-0.005076,-0.00628,-0.018928,6e-05,-0.000193,-0.008578,-0.001827,5,0.009782
volatility_20d,2021-12-08,0.137645,160,-0.027192,-0.051359,-0.030395,-0.017113,-0.034023,-0.029,-0.015639,-0.028454,-0.032834,-0.015819,5,0.011373
volatility_20d,2021-12-09,0.105189,160,-0.02582,-0.024291,-0.042625,-0.010081,-0.018518,-0.020955,-0.020139,-0.014058,-0.005564,-0.025797,5,2.4e-05
volatility_20d,2021-12-10,0.113219,160,-0.015087,-0.012022,-0.014712,-0.012011,0.006674,-0.001192,-0.007672,-0.00342,0.00273,-0.005233,5,0.009853
volatility_20d,2021-12-13,0.099818,160,-0.006901,-0.01273,-0.020296,0.006596,0.007409,-0.006695,-0.009438,0.011592,-0.001923,-0.004571,5,0.00233
volatility_20d,2021-12-14,0.057515,160,-0.015142,0.004541,-0.001696,-0.006221,-0.004362,-0.010704,-9.7e-05,0.00824,-0.006171,-0.00302,5,0.012121
volatility_20d,2021-12-15,0.034695,160,0.006894,0.000477,0.022736,-0.00351,0.0231,0.002002,0.006863,0.008267,0.011691,0.013436,5,0.006542
volatility_20d,2021-12-16,0.053448,160,-0.001644,0.020443,0.015206,0.006275,0.005911,0.022631,0.017329,0.008458,0.01034,0.017459,5,0.019102
volatility_20d,2021-12-17,0.19257,160,-0.0001,0.006141,0.014936,0.008013,0.002949,0.016443,0.027637,0.013252,0.017336,0.02271,5,0.02281
volatility_20d,2021-12-20,0.073227,160,-0.01375,-0.006668,-0.017335,-0.00581,-0.018457,-0.001384,-0.00435,-0.004663,-0.007475,-0.002206,5,0.011544
volatility_20d,2021-12-21,0.097249,160,-0.00041,-0.003931,-0.014042,-0.010327,-0.002536,0.007805,-0.000678,0.008227,-0.006482,0.006814,5,0.007225
volatility_20d,2021-12-22,0.075073,160,0.028826,0.000958,0.008055,0.014744,0.008549,0.0384,0.014849,0.006395,0.022685,0.030968,5,0.002143
volatility_20d,2021-12-23,0.026635,160,0.036013,0.012309,0.011224,0.028761,0.026459,0.032466,0.032714,0.025164,0.019665,0.030914,5,-0.005099
volatility_20d,2021-12-24,-0.122047,160,0.012753,0.012077,0.010911,0.02529,0.008666,0.014096,0.007881,-0.003705,-0.000756,0.003115,5,-0.009637
volatility_20d,2021-12-27,-0.074602,160,0.007954,0.025596,0.028871,0.024233,0.032693,0.018063,0.025413,0.009082,0.007019,0.016556,5,0.008602
volatility_20d,2021-12-28,-0.102341,160,-0.024587,0.013391,0.009677,-0.000201,0.006038,-0.017204,0.000835,-0.011938,-0.010965,-0.00944,5,0.015146
volatility_20d,2021-12-29,-0.107787,160,-0.048869,-0.023153,-0.037217,-0.025532,-0.042001,-0.031107,-0.044508,-0.046955,-0.048156,-0.038768,5,0.010102
volatility_20d,2021-12-30,-0.052546,160,-0.039123,-0.04312,-0.038193,-0.040149,-0.034855,-0.026946,-0.049877,-0.045817,-0.034453,-0.052362,5,-0.013239
volatility_20d,2021-12-31,0.011866,160,-0.032363,-0.04014,-0.01847,-0.020601,-0.03669,-0.021181,-0.023642,-0.033389,-0.020722,-0.036882,5,-0.004519
volatility_20d,2022-01-03,0.026444,160,-0.030141,-0.039368,-0.029889,-0.023688,-0.045016,-0.031011,-0.02811,-0.03181,-0.02997,-0.032036,5,-0.001895
volatility_20d,2022-01-04,0.064781,160,-0.04417,-0.019087,-0.044152,-0.044105,-0.039045,-0.025592,-0.033119,-0.046933,-0.021716,-0.031901,5,0.012269
volatility_20d,2022-01-05,0.128003,160,-0.028969,-0.043033,-0.034372,-0.037474,-0.012254,-0.032331,-0.031284,-0.019964,-0.022718,-0.016032,5,0.012937
volatility_20d,2022-01-06,0.143358,160,-0.037341,-0.047949,-0.04057,-0.038646,-0.010173,-0.033873,-0.029722,-0.019232,-0.026052,-0.029571,5,0.00777
volatility_20d,2022-01-07,0.107374,160,-0.036472,-0.037023,-0.031023,-0.045152,-0.025763,-0.024235,-0.035407,-0.015946,-0.017478,-0.039792,5,-0.00332
volatility_20d,2022-01-10,0.017564,160,-0.020141,-0.020139,-0.023124,-0.012522,-0.017365,-0.015347,-0.010149,-0.001832,-0.019846,-0.027128,5,-0.006987
volatility_20d,2022-01-11,-0.091463,160,0.026773,0.003532,0.031886,0.016467,0.017164,0.022624,0.019124,0.013349,0.01417,0.00261,5,-0.024163
volatility_20d,2022-01-12,-0.075771,160,0.021555,0.0323,0.033071,0.011088,0.028712,0.027189,0.015022,0.017558,0.023614,0.012854,5,-0.008701
volatility_20d,2022-01-13,-0.08095,160,0.033756,0.028947,0.028408,0.024894,0.007755,0.016043,0.015914,0.035034,0.009796,0.02497,5,-0.008787
volatility_20d,2022-01-14,-0.009947,160,0.015714,0.014049,0.02335,0.029088,0.015764,0.027828,0.021197,0.028055,0.005453,0.016535,5,0.000821
volatility_20d,2022-01-17,0.011013,160,0.005423,-0.013162,0.023226,0.010992,0.014324,0.002289,0.007865,0.022255,0.006492,0.000697,5,-0.004726
volatility_20d,2022-01-18,-0.003161,160,-0.004758,-0.022524,-0.003564,-0.003273,0.00211,-0.008529,-0.008121,-0.011125,-0.007816,-0.007694,5,-0.002935
volatility_20d,2022-01-19,-0.040959,160,0.007706,0.003221,0.004951,0.011065,0.014823,0.007975,0.008722,0.017467,-0.006684,0.002095,5,-0.005612
volatility_20d,2022-01-20,0.007486,160,-0.014196,-0.014903,0.005453,0.006389,-0.00693,-0.00164,-0.003459,-0.005595,0.00256,-0.011592,5,0.002604
volatility_20d,2022-01-21,0.031765,160,0.005892,-0.009612,0.012605,0.004321,0.005693,0.024267,0.012149,-0.007254,0.015444,0.002705,5,-0.003186
volatility_20d,2022-01-24,0.074414,160,0.011183,0.017702,0.027189,0.018721,0.029344,0.016839,0.044759,0.006062,0.015932,0.03228,5,0.021097
volatility_20d,2022-01-25,0.036886,160,0.006999,0.004122,0.046613,0.02896,0.038038,0.013472,0.030541,0.014914,0.016447,0.021431,5,0.014433
volatility_20d,2022-01-26,-0.08841,160,0.012268,0.010584,0.016999,0.024084,0.012137,0.034065,0.006186,0.018888,-0.018137,0.009491,5,-0.002777
volatility_20d,2022-01-27,-0.041826,160,0.005404,0.016941,-0.006083,0.02238,0.016276,0.00799,0.025321,0.004772,0.00336,-0.005766,5,-0.01117
volatility_20d,2022-01-28,0.012041,160,0.009725,0.004533,0.036434,0.037467,0.032928,0.016766,0.024071,0.019484,0.030002,-0.000962,5,-0.010687
volatility_20d,2022-01-31,-0.061215,160,0.014469,0.015992,0.036245,0.028586,0.01801,0.010741,0.03568,0.02376,0.02347,0.000796,5,-0.013673
volatility_20d,2022-02-01,-0.032193,160,0.01375,0.024607,0.043124,0.020899,0.024307,0.020229,0.024057,0.018064,0.028337,0.012787,5,-0.000963
volatility_20d,2022-02-02,0.024183,160,0.020622,0.036338,0.014742,0.026359,0.023417,0.0151,0.020271,0.006031,0.035348,0.028109,5,0.007487
volatility_20d,2022-02-03,0.005614,160,0.046333,0.042405,0.047841,0.027115,0.040434,0.025476,0.036803,0.045264,0.037559,0.040862,5,-0.005471
volatility_20d,2022-02-04,-0.068212,160,0.010503,0.017152,0.026743,0.000662,-0.006212,0.034295,0.010616,-0.001009,0.00544,0.005571,5,-0.004932
volatility_20d,2022-02-07,-0.101362,160,0.017274,-0.005835,0.011233,0.011144,-0.007771,0.008982,0.007102,-0.006412,0.001981,-0.009577,5,-0.026851
volatility_20d,2022-02-08,-0.000727,160,-0.005369,-0.007418,0.008654,-0.002435,0.005223,-0.011692,0.006058,-0.009465,-0.005566,-0.001418,5,0.003952
volatility_20d,2022-02-09,-0.057207,160,-0.011646,0.00695,-0.001024,0.010479,0.01543,-0.002893,0.002508,0.002383,-0.013639,-0.006026,5,0.005619
volatility_20d,2022-02-10,0.027186,160,-0.007803,-0.017838,-0.008075,-0.008836,-0.00988,-0.012637,-0.021828,-0.004424,-0.017976,-0.001413,5,0.006391
volatility_20d,2022-02-11,0.038829,160,0.004235,-1.5e-05,0.005745,0.012358,-0.001506,0.002822,0.006196,0.018278,0.005859,0.005831,5,0.001596
volatility_20d,2022-02-14,0.04891,160,0.003438,0.001828,-0.003622,-0.010236,0.004094,-0.019274,0.018148,-0.003732,-0.000887,0.004375,5,0.000937
volatility_20d,2022-02-15,-0.039848,160,0.015362,0.007805,0.005452,0.00873,-0.013722,-0.000262,0.015735,0.003032,0.007558,0.010831,5,-0.004531
volatility_20d,2022-02-16,0.068534,160,0.025903,0.041525,0.015007,0.035796,0.016315,0.025386,0.027816,0.027704,0.0408,0.041005,5,0.015101
volatility_20d,2022-02-17,-0.039711,160,0.038233,0.054919,0.053932,0.033742,0.039844,0.025974,0.048989,0.049717,0.049126,0.037601,5,-0.000632
volatility_20d,2022-02-18,0.026588,160,0.023777,0.060443,0.030468,0.046805,0.014336,0.024509,0.062863,0.023312,0.027931,0.05502,5,0.031243
volatility_20d,2022-02-21,0.056194,160,0.029287,0.049332,0.041559,0.045054,0.029817,0.035352,0.037746,0.038783,0.036228,0.052471,5,0.023184
volatility_20d,2022-02-22,0.059888,160,0.016775,0.034675,0.016295,0.03094,0.031592,0.036587,0.02991,0.013532,0.03225,0.033073,5,0.016298
volatility_20d,2022-02-23,0.026368,160,0.000463,0.017265,0.010333,0.022617,0.007964,0.015583,-0.013174,0.003813,0.026409,0.016888,5,0.016425
volatility_20d,2022-02-24,0.047334,160,0.02098,0.007971,0.027866,0.018096,0.009993,0.020891,0.027752,0.017242,0.019341,0.030931,5,0.009951
volatility_20d,2022-02-25,0.037141,160,0.011433,0.020702,0.020855,0.018226,0.009086,0.013177,0.008014,0.028035,0.016524,0.02157,5,0.010137
volatility_20d,2022-02-28,0.009996,160,0.025217,0.040127,0.033818,0.019999,0.033543,0.025811,0.04138,0.043045,0.027752,0.035233,5,0.010016
volatility_20d,2022-03-01,0.027098,160,0.05069,0.038942,0.046934,0.038201,0.039245,0.041366,0.04856,0.054967,0.041808,0.047696,5,-0.002994
volatility_20d,2022-03-02,0.05646,160,0.01391,0.008986,0.028044,0.011493,0.012355,0.016847,0.027904,0.027741,0.011706,0.018686,5,0.004776
volatility_20d,2022-03-03,0.058921,160,-0.008491,-0.006937,-0.003621,0.007429,0.003812,0.000731,-0.012165,-0.001438,0.006435,0.000452,5,0.008943
volatility_20d,2022-03-04,0.005827,160,-0.020759,-0.010345,0.002953,-0.024979,-0.003866,-0.004524,-0.019313,-0.016883,-0.004273,-0.01789,5,0.002868
volatility_20d,2022-03-07,-0.089904,160,-0.032712,-0.036457,-0.010729,-0.020127,-0.036974,-0.02074,-0.031078,-0.027529,-0.04973,-0.028313,5,0.004399
volatility_20d,2022-03-08,-0.019741,160,-0.029621,-0.026519,-0.016839,-0.012572,-0.020754,-0.026104,-0.025468,-0.036703,-0.019636,-0.024465,5,0.005156
volatility_20d,2022-03-09,-0.109835,160,-0.013959,-0.017101,-0.018301,-0.015836,-0.01367,-0.02018,-0.030386,-0.017021,-0.02448,-0.030922,5,-0.016963
volatility_20d,2022-03-10,-0.168426,160,-0.01055,-0.0081,-0.004668,-0.019008,-0.01448,-0.01024,-0.023798,-0.014391,-0.028662,-0.027931,5,-0.017382
volatility_20d,2022-03-11,-0.11232,160,0.01169,-0.020556,0.006641,0.001703,0.008028,-0.00634,-0.004728,0.00037,-0.027383,-0.002114,5,-0.013804
volatility_20d,2022-03-14,-0.020743,160,0.009451,-0.018898,-0.015993,-0.018394,0.009205,-0.001305,0.003523,-0.014759,-0.014012,-0.007517,5,-0.016968
volatility_20d,2022-03-15,-0.042336,160,-0.021485,-0.001745,-0.040269,-0.02966,-0.025766,-0.006263,-0.016528,-0.016346,-0.039696,-0.022775,5,-0.00129
volatility_20d,2022-03-16,0.03168,160,-0.006213,0.00422,-0.030885,-0.012246,0.003859,0.003559,-0.001691,-0.019769,-0.021444,0.005617,5,0.01183
volatility_20d,2022-03-17,0.048008,160,-0.005313,0.013012,-0.025847,-0.01084,0.009565,0.009905,0.006055,-0.006206,-0.01367,0.009166,5,0.014479
volatility_20d,2022-03-18,0.01312,160,-0.014977,-0.012242,-0.01187,-0.011614,-0.004182,-0.000896,-0.015006,-0.009184,-0.022253,-0.007367,5,0.00761
volatility_20d,2022-03-21,0.005359,160,0.006892,-0.021125,-0.011773,-0.011524,-0.005142,-0.011559,-0.013499,-0.001137,-0.01,-0.007207,5,-0.014099
volatility_20d,2022-03-22,0.044307,160,0.012848,-0.010281,0.009274,-0.004876,0.000575,-0.005046,-0.008582,-0.008408,0.015406,0.014364,5,0.001516
volatility_20d,2022-03-23,0.036828,160,0.022313,-0.021573,-0.001373,-0.009047,0.023374,-0.006679,-0.000151,0.005607,0.00908,0.001559,5,-0.020753
volatility_20d,2022-03-24,0.023778,160,0.006339,-0.023865,-0.033423,0.003496,-0.004318,-0.017277,-0.024107,-0.009509,-0.009624,-0.009534,5,-0.015873
volatility_20d,2022-03-25,-0.094606,160,0.004113,-0.011332,-0.015891,0.003028,-0.003325,-0.01332,-0.020127,-0.015897,-0.014204,-0.009575,5,-0.013688
volatility_20d,2022-03-28,-0.060026,160,0.006541,-0.005243,-0.027587,-0.003219,-0.00416,-0.002886,0.001405,-0.013256,-0.013397,-0.014405,5,-0.020947
volatility_20d,2022-03-29,-0.102329,160,-0.010895,-0.01841,-0.011818,-0.017735,-0.01616,-0.011289,-0.030038,-0.016739,-0.04357,-0.013731,5,-0.002836
volatility_20d,2022-03-30,-0.073207,160,-0.017921,-0.01998,-0.021852,-0.013856,-0.013448,-0.009871,-0.031731,-0.027545,-0.041202,-0.012435,5,0.005486
volatility_20d,2022-03-31,-0.155578,160,-0.008389,-0.003145,-0.020526,-0.011886,0.002802,-0.039281,-0.011582,-0.019816,-0.026003,-0.028554,5,-0.020166
volatility_20d,2022-04-01,-0.138858,160,0.006002,0.007356,0.007706,0.013405,-0.004148,-0.009672,0.003311,0.006784,-0.009272,-0.010572,5,-0.016574
volatility_20d,2022-04-04,-0.152206,160,0.013153,0.007253,-0.003158,-0.000255,0.015821,-0.005369,-0.00291,1.6e-05,-0.007835,-0.01139,5,-0.024544
volatility_20d,2022-04-05,-0.092722,160,0.02875,0.015761,0.007014,0.034973,0.019075,0.016685,0.016926,0.018771,0.018277,-0.002535,5,-0.031284
volatility_20d,2022-04-06,-0.153158,160,0.018778,0.021689,0.032441,0.025948,0.00978,0.0367,0.023072,0.008341,0.021667,-0.010356,5,-0.029134
volatility_20d,2022-04-07,-0.07495,160,0.004649,0.022273,0.022343,0.009689,0.008973,0.027111,0.019666,0.008928,0.016626,-0.005171,5,-0.00982
volatility_20d,2022-04-08,-0.029398,160,-0.014037,-0.0135,-0.00977,-0.011747,-0.001408,-0.016191,-0.018682,-0.005687,-0.007229,-0.029362,5,-0.015326
volatility_20d,2022-04-11,-0.015329,160,-0.016372,-0.011166,-0.006508,-0.020274,-0.010828,-0.028047,-0.022773,-0.018449,-0.010142,-0.016992,5,-0.00062
volatility_20d,2022-04-12,-0.040613,160,-0.006177,-0.009167,-0.023787,-0.021553,-0.020282,-0.018847,-0.018087,-0.013393,-0.012889,-0.018736,5,-0.012559
volatility_20d,2022-04-13,0.015604,160,-0.024301,-0.019736,-0.019886,-0.022439,-0.025207,-0.02443,-0.02566,-0.023402,-0.011828,-0.023996,5,0.000305
volatility_20d,2022-04-14,0.070881,160,-0.006087,-0.033099,-0.004843,-0.027666,-0.034574,-0.025861,-0.019803,-0.014812,-0.016128,-0.014638,5,-0.008552
volatility_20d,2022-04-15,0.104711,160,-0.024141,-0.033623,-0.038644,-0.052332,-0.022673,-0.050999,-0.044411,-0.012651,-0.029672,-0.020416,5,0.003725
volatility_20d,2022-04-18,0.105611,160,-0.01958,-0.034757,-0.04735,-0.036006,-0.03571,-0.041491,-0.035955,-0.03251,-0.014991,-0.017669,5,0.001911
volatility_20d,2022-04-19,0.096206,160,-0.0334,-0.044582,-0.032763,-0.046624,-0.054388,-0.026582,-0.031485,-0.033422,-0.032499,-0.023132,5,0.010267
volatility_20d,2022-04-20,0.041917,160,-0.028119,-0.038357,-0.014764,-0.030986,-0.03556,-0.039823,-0.022772,-0.033629,-0.029964,-0.012806,5,0.015313
volatility_20d,2022-04-21,0.013131,160,-0.017059,-0.01025,-0.020251,-0.016392,-0.020808,-0.042354,0.004391,-0.016921,-0.018335,-0.009329,5,0.00773
volatility_20d,2022-04-22,-0.165797,160,0.017326,0.021252,-0.00685,0.002322,0.025361,-0.010441,0.00588,-0.007754,-0.004016,0.005203,5,-0.012123
volatility_20d,2022-04-25,-0.130353,160,0.027493,0.012212,0.01048,-0.00863,0.014663,0.004753,0.006294,-0.009381,0.00917,0.005401,5,-0.022092
volatility_20d,2022-04-26,-0.12207,160,0.03259,0.030643,1.6e-05,0.005006,0.013211,0.006291,-0.011765,0.009941,0.015251,0.01743,5,-0.015161
volatility_20d,2022-04-27,0.047712,160,0.009846,0.001498,-0.01659,0.01726,0.000194,0.014981,-0.00042,-0.009717,0.017922,0.010784,5,0.000939
volatility_20d,2022-04-28,0.028859,160,-0.023523,-0.016608,-0.025735,-0.025444,-0.03371,-0.015224,-0.043346,-0.023635,-0.015561,-0.010563,5,0.012961
volatility_20d,2022-04-29,0.016975,160,-0.006705,0.001578,-0.006944,-0.021325,-0.017666,0.001208,-0.024363,-0.02151,-0.004881,0.017871,5,0.024576
volatility_20d,2022-05-02,-0.009138,160,-0.016185,0.001759,-0.021224,-0.015348,-0.021007,-0.014323,-0.029087,-0.013831,-0.023809,0.001562,5,0.017747
volatility_20d,2022-05-03,-0.071935,160,-0.006554,0.004887,-0.01895,0.005154,-0.020543,-0.004567,-0.015202,-0.028449,-0.010869,5e-06,5,0.006559
volatility_20d,2022-05-04,-0.114198,160,0.013307,0.022172,0.004506,0.0029,-0.000664,0.015378,0.004896,0.002163,-0.004956,0.006717,5,-0.006589
volatility_20d,2022-05-05,-0.097006,160,0.03767,0.055805,0.047584,0.046689,0.024246,0.035168,0.025545,0.053407,0.034845,0.03015,5,-0.00752
volatility_20d,2022-05-06,-0.184147,160,0.029541,0.056721,0.052105,0.057525,0.02269,0.033293,0.033589,0.031384,0.007512,0.035969,5,0.006428
volatility_20d,2022-05-09,-0.093505,160,0.059779,0.061557,0.072076,0.088768,0.064874,0.068395,0.070654,0.058704,0.038668,0.064298,5,0.004519
volatility_20d,2022-05-10,-0.048644,160,0.033179,0.050713,0.037531,0.042658,0.060523,0.035558,0.04066,0.030185,0.021232,0.048504,5,0.015325
volatility_20d,2022-05-11,-0.029011,160,0.019348,0.039517,0.037588,0.031218,0.039612,0.022625,0.014554,0.01684,0.025907,0.039921,5,0.020573
volatility_20d,2022-05-12,0.054746,160,0.010074,0.030166,0.026449,0.021868,0.02067,0.011197,0.016094,0.022937,0.015908,0.041882,5,0.031807
volatility_20d,2022-05-13,0.000413,160,0.006309,0.006195,-0.00037,0.006101,0.019151,-0.010621,0.003567,0.013772,0.000999,0.008655,5,0.002346
volatility_20d,2022-05-16,0.031437,160,0.001101,0.013695,0.001601,0.010331,0.002153,0.00046,-0.009922,0.003463,0.013569,0.014294,5,0.013193
volatility_20d,2022-05-17,0.058986,160,-0.008975,0.020051,0.019117,0.016294,-0.004722,0.018025,-0.00371,0.012723,0.016216,0.01476,5,0.023735
volatility_20d,2022-05-18,0.044099,160,-0.006027,-0.008258,0.003688,0.002617,0.005753,-0.014637,-0.001077,0.002644,0.001652,0.006061,5,0.012088
volatility_20d,2022-05-19,0.024748,160,-0.001318,-0.00112,-0.014163,0.029821,-0.00044,0.001632,-0.004011,0.004788,0.005707,-0.002515,5,-0.001197
volatility_20d,2022-05-20,0.08875,160,0.006472,0.039451,0.002499,0.006737,0.033218,0.013598,0.01697,0.033397,0.021464,0.025439,5,0.018967
volatility_20d,2022-05-23,0.070538,160,-0.016306,-0.001487,-0.013847,-0.009558,-0.002721,-0.006919,0.001759,-0.003284,0.010234,-0.010212,5,0.006094
volatility_20d,2022-05-24,-0.029336,160,0.001643,-0.010532,-0.014446,0.011336,-0.017103,-0.003195,-0.004558,-0.000318,-0.00611,-0.004674,5,-0.006318
volatility_20d,2022-05-25,0.012501,160,0.011993,-0.0114,0.012924,0.009276,0.002877,0.017927,0.000319,0.007438,0.028038,-0.007369,5,-0.019361
volatility_20d,2022-05-26,-0.060864,160,-0.010909,-0.016263,-0.001082,-0.009867,-0.005306,-0.001877,-0.010968,-0.014434,-0.017502,-0.013191,5,-0.002282
volatility_20d,2022-05-27,-0.046332,160,-0.025212,-0.035479,-0.020528,-0.032312,-0.02899,-0.024535,-0.024395,-0.026233,-0.037043,-0.037687,5,-0.012475
volatility_20d,2022-05-30,-0.076169,160,-0.021092,-0.028749,-0.026815,-0.039196,-0.021287,-0.037785,-0.029538,-0.033079,-0.03554,-0.038929,5,-0.017837
volatility_20d,2022-05-31,-0.06297,160,-0.015512,-0.034569,-0.019255,-0.034069,-0.028386,-0.027903,-0.026371,-0.024725,-0.035499,-0.035158,5,-0.019646
volatility_20d,2022-06-01,-0.02265,160,-0.022481,-0.03591,-0.030805,-0.039596,-0.032491,-0.038856,-0.025031,-0.031913,-0.04431,-0.030047,5,-0.007566
volatility_20d,2022-06-02,-0.049745,160,0.001605,0.005875,-0.016219,-0.002758,-0.015173,-0.009372,-0.017745,-0.007372,-0.007631,0.003743,5,0.002138
volatility_20d,2022-06-03,-0.11549,160,0.025209,0.023326,0.010568,0.014345,0.007851,-0.005849,-0.000606,-0.002276,0.014302,0.018412,5,-0.006796
volatility_20d,2022-06-06,-0.042177,160,0.035198,0.037394,0.01545,0.016374,0.007995,-0.003303,0.012993,0.037935,0.02379,0.025975,5,-0.009223
volatility_20d,2022-06-07,-0.098424,160,0.054295,0.033864,0.017445,0.021925,0.013521,0.018865,0.013048,0.020824,0.01997,0.03026,5,-0.024035
volatility_20d,2022-06-08,-0.168575,160,0.046551,0.065511,0.032,0.03055,0.02412,0.006047,0.050715,0.023452,0.031199,0.036547,5,-0.010004
volatility_20d,2022-06-09,-0.161168,160,0.033083,0.020415,0.037328,0.018643,0.03507,0.026111,0.000657,0.033645,0.0169,0.008145,5,-0.024937
volatility_20d,2022-06-10,-0.072041,160,0.032051,0.016258,0.034488,0.024194,0.011356,0.027719,0.024124,0.017982,0.034166,0.012438,5,-0.019613
volatility_20d,2022-06-13,-0.08555,160,0.028874,0.05769,0.045072,0.016734,0.02818,0.033425,0.048024,0.038028,0.032864,0.023537,5,-0.005337
volatility_20d,2022-06-14,-0.048099,160,0.012687,0.040545,0.03761,0.011125,0.017986,0.019684,0.034369,0.026939,0.02795,0.021329,5,0.008642
volatility_20d,2022-06-15,-0.001201,160,-0.003756,-0.00696,0.010898,-0.015746,0.000184,-0.011578,-0.006428,-0.000389,-0.011654,0.0002,5,0.003956
volatility_20d,2022-06-16,-0.053425,160,-0.003009,-0.002777,-0.009886,0.000628,-0.025169,-0.019282,-0.015011,-0.013843,-0.02612,0.008312,5,0.011321
volatility_20d,2022-06-17,-0.071317,160,-0.010459,-0.017362,-0.016292,-0.009328,-0.032138,-0.028434,-0.021957,-0.012004,-0.040731,-0.006959,5,0.0035
volatility_20d,2022-06-20,-0.021042,160,-0.023348,-0.021478,-0.032048,-0.028127,-0.035058,-0.026982,-0.037556,-0.017664,-0.038115,-0.020265,5,0.003083
volatility_20d,2022-06-21,-0.059598,160,-0.012341,-0.022798,-0.029874,-0.018767,-0.028108,-0.028281,-0.008169,-0.026063,-0.03492,-0.019455,5,-0.007115
volatility_20d,2022-06-22,0.038802,160,-0.008744,-0.01436,-0.000804,-0.000541,-0.012017,-0.012209,-0.011539,0.012317,-0.011029,-0.002843,5,0.005901
volatility_20d,2022-06-23,0.04949,160,0.006049,-0.015968,-0.006528,0.009182,0.012811,-0.005818,-0.00811,0.013793,-0.008592,0.006186,5,0.000137
volatility_20d,2022-06-24,0.045913,160,0.016851,-0.00249,-0.009726,0.008507,0.022191,0.003116,0.006162,0.019304,1.6e-05,0.016949,5,9.8e-05
volatility_20d,2022-06-27,0.020693,160,0.010137,0.006679,0.009434,0.004553,0.04401,0.048171,0.010779,0.014101,0.009958,0.007225,5,-0.002912
volatility_20d,2022-06-28,-0.053621,160,0.005929,-0.007273,-0.008187,0.002115,0.016777,0.021452,0.011608,-0.009337,0.003443,-0.015495,5,-0.021424
volatility_20d,2022-06-29,-0.069841,160,-0.002365,-0.019836,-0.009187,-0.006126,-0.000819,-0.004677,0.005978,-0.022393,-0.023666,-0.015913,5,-0.013548
volatility_20d,2022-06-30,-0.088764,160,0.004598,0.004119,-0.006342,-0.000338,0.005577,0.004713,-0.006086,-0.001711,-0.002815,-0.014626,5,-0.019225
volatility_20d,2022-07-01,-0.031788,160,0.001738,0.010194,0.003706,-0.012644,0.002512,-0.002968,0.003975,0.000407,-0.000677,-0.00347,5,-0.005208
volatility_20d,2022-07-04,-0.062876,160,0.012875,-0.000166,0.00249,-0.017187,0.00957,-0.001077,-0.009688,-0.002743,-0.016398,-0.002039,5,-0.014914
volatility_20d,2022-07-05,-0.037279,160,0.020148,0.025774,0.000573,0.009057,0.021002,0.012684,-0.003757,0.020911,0.020433,0.006989,5,-0.013159
volatility_20d,2022-07-06,-0.023726,160,0.035639,0.031328,0.024881,0.003994,0.025592,0.020974,0.010447,0.023255,0.033391,0.02172,5,-0.013919
volatility_20d,2022-07-07,0.027156,160,0.015032,-0.001475,0.015517,0.00339,0.010986,-0.008762,0.033743,0.017989,0.011577,0.001168,5,-0.013864
volatility_20d,2022-07-08,-0.053979,160,-0.007375,-0.013275,0.017307,-0.008156,-0.011657,-0.008585,0.001571,-0.007852,-0.009708,-0.013779,5,-0.006403
volatility_20d,2022-07-11,-0.028088,160,-0.02685,-0.029955,-0.033241,-0.029535,-0.023133,-0.034499,-0.033113,-0.022287,-0.04237,-0.033899,5,-0.007049
volatility_20d,2022-07-12,-0.014336,160,-0.03826,-0.04484,-0.036146,-0.039895,-0.029232,-0.036595,-0.044559,-0.032363,-0.050052,-0.033772,5,0.004488
volatility_20d,2022-07-13,0.099089,160,-0.035207,-0.042629,-0.032299,-0.034342,-0.035928,-0.033064,-0.033654,-0.017779,-0.037122,-0.023682,5,0.011525
volatility_20d,2022-07-14,0.093042,160,-0.030494,-0.040661,-0.027455,-0.035388,-0.020958,-0.01389,-0.038972,-0.012748,-0.032879,-0.022246,5,0.008249
volatility_20d,2022-07-15,0.031135,160,1e-06,-0.00066,-0.026245,-0.010429,-0.013698,0.003824,0.002928,-0.010117,-0.000884,-0.003568,5,-0.003569
volatility_20d,2022-07-18,-0.063055,160,0.026965,0.026167,0.005872,0.014192,0.009489,0.014507,0.005794,0.03853,0.003268,0.015299,5,-0.011666
volatility_20d,2022-07-19,0.130578,160,0.036764,0.015661,0.022276,0.03165,0.022926,0.02917,0.025872,0.044043,0.032219,0.045958,5,0.009194
volatility_20d,2022-07-20,0.041835,160,0.035536,0.049771,0.021142,0.059131,0.049475,0.051213,0.047289,0.049161,0.031828,0.058132,5,0.022596
volatility_20d,2022-07-21,-0.002165,160,0.032491,0.030173,0.028326,0.032111,0.032206,0.054198,0.021905,0.03831,0.010374,0.04216,5,0.009669
volatility_20d,2022-07-22,-0.005209,160,-3.8e-05,0.01441,0.001607,0.031478,0.005485,0.004259,0.025514,-0.00264,0.005654,0.013417,5,0.013455
volatility_20d,2022-07-25,0.163583,160,-0.011844,-0.006588,-0.018471,-0.006982,0.004709,-0.008454,0.008075,-0.004969,0.000918,0.01179,5,0.023634
volatility_20d,2022-07-26,0.117989,160,-0.009226,-0.023125,-0.013785,-0.006109,-0.007719,-0.008622,-0.00593,-0.011532,-0.005492,0.001463,5,0.010689
volatility_20d,2022-07-27,0.064081,160,0.004309,-0.019935,-0.014826,0.004793,0.011863,-0.02234,0.005758,-0.020252,-0.000866,0.012886,5,0.008578
volatility_20d,2022-07-28,0.065964,160,0.001381,-0.016414,0.00273,0.008963,0.017586,-0.023564,0.002174,0.001487,-0.005934,0.019476,5,0.018095
volatility_20d,2022-07-29,0.159903,160,0.014338,0.003295,0.008534,0.027347,0.031333,0.003089,0.018662,0.029722,0.020844,0.043134,5,0.028796
volatility_20d,2022-08-01,0.162291,160,0.009395,0.018577,0.018703,0.029912,0.019148,0.031981,0.021748,0.026651,0.020088,0.04674,5,0.037345
volatility_20d,2022-08-02,0.123767,160,0.025172,0.026934,0.015767,0.028902,0.029881,0.050622,0.001687,0.052498,0.042861,0.033575,5,0.008403
volatility_20d,2022-08-03,0.129216,160,0.013454,0.010293,0.007706,0.021502,0.004328,0.019023,0.024833,0.030596,0.022668,0.024379,5,0.010925
volatility_20d,2022-08-04,0.179131,160,0.019031,0.02355,0.028497,-0.002514,0.033634,0.031858,0.037404,0.045518,0.026745,0.038121,5,0.01909
volatility_20d,2022-08-05,0.187821,160,0.016198,0.005773,0.031012,0.012761,0.0209,0.039584,0.031895,0.02083,0.028643,0.04261,5,0.026412
volatility_20d,2021-02-01,0.008107,160,0.023357,0.022209,0.025036,0.000137,0.006964,0.029695,0.027325,0.033629,0.036304,0.007466,10,-0.015891
volatility_20d,2021-02-02,-0.101207,160,0.039056,0.024827,0.044983,0.011677,0.016017,0.024983,0.026996,0.03024,0.004466,0.026846,10,-0.01221
volatility_20d,2021-02-03,-0.06442,160,0.043952,0.042832,0.025146,0.01358,0.019664,0.046414,0.041709,0.020837,0.034259,0.017016,10,-0.026936
volatility_20d,2021-02-04,-0.122926,160,0.067866,0.062501,0.029908,0.035243,0.02444,0.033429,0.062529,0.02254,0.038769,0.032618,10,-0.035248
volatility_20d,2021-02-05,-0.075132,160,0.044779,0.016029,0.047866,0.014923,0.031046,0.022805,0.046486,0.012915,0.018036,0.026811,10,-0.017968
volatility_20d,2021-02-08,-0.111291,160,0.027842,0.030924,0.015,0.020247,0.039657,0.051634,-0.007823,0.01384,-0.000306,0.015539,10,-0.012303
volatility_20d,2021-02-09,-0.058552,160,0.037051,0.006787,0.012613,0.017518,0.013507,0.05816,0.040411,0.017288,0.007825,-0.000816,10,-0.037868
volatility_20d,2021-02-10,0.048178,160,-0.00438,-0.003772,-0.012901,0.015631,0.02198,-0.015183,0.029248,0.004768,0.002061,0.001228,10,0.005609
volatility_20d,2021-02-11,0.039678,160,0.014558,-0.001544,0.017728,0.030012,0.001164,0.041276,0.023095,0.027937,0.045847,-0.00968,10,-0.024238
volatility_20d,2021-02-12,-0.001717,160,0.025938,0.024962,0.015565,0.017513,0.017141,0.02743,0.00532,0.039702,0.042695,-0.000986,10,-0.026924
volatility_20d,2021-02-15,-0.001541,160,0.033149,0.033848,0.048707,0.026412,0.046354,0.012083,0.020542,0.041825,0.04957,0.028774,10,-0.004375
volatility_20d,2021-02-16,0.050987,160,0.009943,0.010151,0.032129,0.01686,0.023907,-0.001311,0.013392,0.027234,0.042636,0.009585,10,-0.000358
volatility_20d,2021-02-17,0.0963,160,0.001111,-0.015224,0.005739,-0.007956,0.008836,-0.019337,0.019626,0.004469,0.02005,0.004738,10,0.003627
volatility_20d,2021-02-18,0.108778,160,0.002999,-0.007624,-0.000208,-0.018633,0.05003,-0.014833,0.021109,0.020957,0.022898,0.004849,10,0.001851
volatility_20d,2021-02-19,0.148292,160,0.013869,0.006829,0.016074,0.010626,0.011044,0.029081,0.017236,0.033404,0.053797,0.021174,10,0.007305
volatility_20d,2021-02-22,0.118314,160,0.01407,0.006155,0.018117,0.012832,0.010653,0.015704,0.022071,0.021653,0.035831,0.033108,10,0.019038
volatility_20d,2021-02-23,0.14097,160,0.03726,0.01154,0.035783,0.063276,0.052483,0.046927,0.040454,0.059288,0.051336,0.056122,10,0.018862
volatility_20d,2021-02-24,0.125756,160,0.033462,0.014005,0.03156,0.042084,0.038331,0.039841,0.060836,0.043806,0.048183,0.042156,10,0.008694
volatility_20d,2021-02-25,0.176403,160,0.036495,0.036088,0.063373,0.025412,0.08374,0.050156,0.063749,0.067636,0.088031,0.064372,10,0.027876
volatility_20d,2021-02-26,0.179679,160,0.04067,0.0721,0.076046,0.080179,0.071898,0.071851,0.086683,0.099669,0.108761,0.076536,10,0.035866
volatility_20d,2021-03-01,0.099332,160,0.060336,0.095032,0.096139,0.081504,0.092191,0.085359,0.094394,0.103445,0.121821,0.083964,10,0.023628
volatility_20d,2021-03-02,0.138407,160,0.067855,0.124314,0.079328,0.108549,0.090477,0.095433,0.128727,0.089744,0.113994,0.125432,10,0.057578
volatility_20d,2021-03-03,0.082969,160,0.089143,0.111912,0.109426,0.092354,0.086773,0.111209,0.128111,0.11971,0.103252,0.12083,10,0.031688
volatility_20d,2021-03-04,0.08536,160,0.103169,0.117083,0.081386,0.085148,0.092687,0.086306,0.094447,0.109912,0.117472,0.123684,10,0.020514
volatility_20d,2021-03-05,-0.027681,160,0.105,0.096694,0.099729,0.088138,0.068274,0.069113,0.088763,0.10572,0.102228,0.093634,10,-0.011366
volatility_20d,2021-03-08,-0.082521,160,0.107249,0.074728,0.102876,0.081382,0.057034,0.079378,0.069,0.085187,0.09662,0.075915,10,-0.031334
volatility_20d,2021-03-09,-0.135486,160,0.079549,0.051108,0.068589,0.07059,0.040312,0.064934,0.051743,0.050918,0.065516,0.041348,10,-0.038201
volatility_20d,2021-03-10,-0.120884,160,0.086803,0.073705,0.080544,0.07458,0.064079,0.0773,0.063915,0.07125,0.077615,0.050058,10,-0.036746
volatility_20d,2021-03-11,-0.185524,160,0.067499,0.076655,0.065772,0.072593,0.057542,0.059251,0.067467,0.05334,0.060006,0.035299,10,-0.0322
volatility_20d,2021-03-12,-0.202734,160,0.045236,0.024689,0.048345,0.052643,0.048127,0.044831,0.032149,0.004777,0.012702,0.016199,10,-0.029037
volatility_20d,2021-03-15,-0.226163,160,0.041109,0.019793,0.000285,0.034068,0.018656,0.039809,-0.012553,-0.009604,0.014251,-0.014393,10,-0.055502
volatility_20d,2021-03-16,-0.135175,160,0.01195,0.009221,-0.003975,0.000326,-0.001551,0.000245,0.020676,-0.017661,-0.001894,-0.026564,10,-0.038514
volatility_20d,2021-03-17,-0.110937,160,0.013001,-0.000577,-0.028395,0.018134,-0.000291,-0.012968,0.005732,-0.012236,-0.02379,-0.00828,10,-0.02128
volatility_20d,2021-03-18,-0.074502,160,-0.022475,-0.009813,-0.037166,-0.005327,-0.043484,-0.034289,-0.006331,-0.033581,-0.024415,-0.039673,10,-0.017197
volatility_20d,2021-03-19,-0.008655,160,-0.036275,-0.015844,-0.031416,-0.043013,-0.019469,-0.051569,-0.012903,-0.028187,-0.012673,-0.05491,10,-0.018635
volatility_20d,2021-03-22,0.011394,160,-0.021988,-0.015011,-0.014892,-0.009594,-0.025781,-0.021803,0.012709,-0.028492,0.00272,-0.036597,10,-0.014609
volatility_20d,2021-03-23,0.078999,160,-0.025973,-0.025406,-0.025992,-0.020568,-0.011918,-0.006185,-0.013144,-0.024762,-0.006715,-0.016798,10,0.009175
volatility_20d,2021-03-24,0.086013,160,-0.021121,-0.031841,-0.03161,-0.010483,-0.012895,-0.041068,-0.000929,-0.010746,-0.014039,-0.015339,10,0.005782
volatility_20d,2021-03-25,0.071174,160,-0.051199,-0.059114,-0.058979,-0.017817,-0.033187,-0.053906,-0.032671,-0.039596,-0.049417,-0.029448,10,0.021751
volatility_20d,2021-03-26,0.091732,160,-0.044922,-0.057796,-0.051548,-0.007583,-0.029036,-0.056827,-0.023144,-0.038869,-0.024039,-0.034721,10,0.010201
volatility_20d,2021-03-29,0.044606,160,-0.055171,-0.062138,-0.019442,-0.052771,-0.050183,-0.067731,-0.042083,-0.037805,-0.056542,-0.034671,10,0.0205
volatility_20d,2021-03-30,0.087381,160,-0.061708,-0.052019,-0.032776,-0.045998,-0.048996,-0.034393,-0.046975,-0.044467,-0.034138,-0.045489,10,0.01622
volatility_20d,2021-03-31,0.079251,160,-0.041294,-0.006594,-0.0289,-0.020715,-0.01564,-0.015937,0.001922,-0.015875,-0.008424,-0.022882,10,0.018412
volatility_20d,2021-04-01,0.026043,160,-0.020107,-0.034535,0.000754,0.01192,-0.008563,-0.005682,-0.000794,-0.026133,-0.01671,-0.012567,10,0.00754
volatility_20d,2021-04-02,-0.048248,160,-0.003029,0.008062,0.019522,0.03045,0.007627,0.001691,0.001169,0.000641,-0.013898,0.016898,10,0.019927
volatility_20d,2021-04-05,-0.065891,160,-0.000361,-0.010403,0.009864,-0.001538,0.026494,0.004582,-0.000725,-0.025468,-0.006392,-0.003442,10,-0.003081
volatility_20d,2021-04-06,-0.10985,160,-0.005345,0.0211,-0.019387,0.016131,0.036791,-0.016396,0.014476,-0.007225,-0.003045,-0.016031,10,-0.010687
volatility_20d,2021-04-07,-0.12674,160,-0.009648,0.022841,0.014753,-0.035854,0.003473,-0.001933,0.003482,-0.040329,-0.025093,-0.000434,10,0.009214
volatility_20d,2021-04-08,-0.059147,160,0.014954,0.033615,0.012917,-0.006007,0.038952,0.013577,0.004992,0.02649,-0.003069,0.006242,10,-0.008712
volatility_20d,2021-04-09,-0.015704,160,0.015279,0.016519,-0.016414,0.012402,0.034889,-0.006158,0.004277,0.021887,0.024109,-0.027375,10,-0.042654
volatility_20d,2021-04-12,0.023646,160,0.038946,0.035833,0.015284,0.058652,0.027173,0.055095,0.052257,0.036431,0.045403,0.018187,10,-0.02076
volatility_20d,2021-04-13,0.033411,160,0.021323,0.028695,0.025967,0.047542,0.031504,0.063693,0.042809,0.013891,0.06129,0.022809,10,0.001486
volatility_20d,2021-04-14,0.067863,160,0.009824,0.004231,0.005496,0.01241,0.020886,0.040337,0.048878,0.020798,0.005113,0.011602,10,0.001779
volatility_20d,2021-04-15,0.054553,160,0.017494,0.019382,0.02691,0.014299,0.04723,0.020417,0.050176,0.012695,0.038751,0.024506,10,0.007012
volatility_20d,2021-04-16,0.046162,160,0.012142,-0.005516,0.033369,0.020961,0.014031,0.045239,0.019485,-0.013523,0.03464,0.027205,10,0.015064
volatility_20d,2021-04-19,0.097536,160,-0.012628,-0.01581,0.003798,0.007942,0.005741,-0.009941,-0.006663,-0.008634,0.021773,0.014977,10,0.027604
volatility_20d,2021-04-20,0.099347,160,-0.001391,-0.024714,-0.018427,-0.004863,0.007004,0.010239,-0.016626,-0.006086,0.011693,0.00372,10,0.005111
volatility_20d,2021-04-21,0.016,160,-0.007267,0.006143,-0.008378,0.011958,-0.005713,-0.003071,0.009297,-0.008797,0.013154,-0.003712,10,0.003555
volatility_20d,2021-04-22,0.021798,160,-0.007564,-0.020234,-0.005693,-0.028692,-0.026091,-0.029363,-0.011127,-0.009098,-0.010173,-0.011724,10,-0.00416
volatility_20d,2021-04-23,0.038152,160,-0.008552,0.009935,-0.009578,-0.009276,-0.011595,-0.04707,-0.013042,0.018568,0.008808,-0.01175,10,-0.003197
volatility_20d,2021-04-26,0.03882,160,0.008947,-0.028045,-0.025181,-0.029403,-0.019908,-0.036593,0.005935,-0.015097,-0.010696,-0.002015,10,-0.010962
volatility_20d,2021-04-27,0.054336,160,0.008935,-0.024569,-0.039008,-0.049049,-0.035366,-0.023588,-0.044683,-0.005845,-0.020103,0.002046,10,-0.006889
volatility_20d,2021-04-28,0.038794,160,-0.011461,-0.036523,-0.059002,-0.072619,-0.040014,-0.032872,-0.04823,-0.0622,-0.030118,-0.011869,10,-0.000408
volatility_20d,2021-04-29,0.049742,160,-0.033265,-0.068911,-0.061309,-0.053501,-0.069895,-0.062263,-0.061089,-0.057645,-0.051568,-0.031267,10,0.001998
volatility_20d,2021-04-30,0.065358,160,-0.036388,-0.088165,-0.054272,-0.043814,-0.07263,-0.079133,-0.046156,-0.045704,-0.057159,-0.040985,10,-0.004598
volatility_20d,2021-05-03,0.057553,160,-0.020746,-0.043316,-0.04569,-0.008038,-0.024603,-0.023978,-0.049941,-0.036724,-0.002658,-0.021096,10,-0.00035
volatility_20d,2021-05-04,0.08904,160,-0.030322,-0.034431,-0.034469,-0.03181,-0.009263,-7.9e-05,-0.031122,-0.046584,-0.009514,-0.016073,10,0.014249
volatility_20d,2021-05-05,0.122615,160,-0.038282,-0.038819,-0.020824,-0.016679,0.009981,-0.019368,-0.018066,-0.025236,-0.021632,-0.001898,10,0.036384
volatility_20d,2021-05-06,0.061986,160,-0.03367,-0.03326,-0.039507,-0.015467,0.000551,-0.010675,-0.016214,-0.043456,-0.0121,-0.020923,10,0.012747
volatility_20d,2021-05-07,-0.006657,160,-0.045317,-0.051423,-0.041082,0.007885,-0.034747,-0.024961,-0.068552,-0.04,-0.020814,-0.049043,10,-0.003726
volatility_20d,2021-05-10,0.065332,160,-0.072457,-0.071905,-0.053203,-0.056724,-0.048342,-0.029155,-0.077397,-0.053691,-0.045901,-0.053061,10,0.019396
volatility_20d,2021-05-11,0.004861,160,-0.061948,-0.045049,-0.05039,-0.033497,-0.025951,-0.029675,-0.030404,-0.058735,-0.035053,-0.052481,10,0.009467
volatility_20d,2021-05-12,0.050888,160,-0.033939,-0.024652,-0.017762,0.009034,-0.028079,-0.015989,-0.013742,-0.012471,-0.023353,-0.011398,10,0.022542
volatility_20d,2021-05-13,0.05612,160,-0.03132,-0.007222,-0.004594,0.006905,-0.007386,-0.004085,0.003853,-0.008902,-0.007191,-0.007893,10,0.023427
volatility_20d,2021-05-14,0.145963,160,-0.011098,0.000253,-0.005414,0.005206,-0.01171,0.016876,0.0294,0.0181,0.005204,0.003568,10,0.014666
volatility_20d,2021-05-17,-0.010131,160,-0.018714,-0.002308,-0.00209,-0.017932,-0.005414,-0.001883,-0.020609,0.009263,-0.000946,-0.027301,10,-0.008586
volatility_20d,2021-05-18,-0.039233,160,0.001986,0.012846,-0.012428,-0.018424,0.00579,-0.021744,0.002167,-0.005569,0.001634,-0.017511,10,-0.019497
volatility_20d,2021-05-19,-0.018115,160,0.009995,-0.002999,-0.013377,-0.020005,-0.005158,0.003234,0.007331,-0.017324,0.009056,-0.023933,10,-0.033928
volatility_20d,2021-05-20,-0.102048,160,0.001871,0.023003,0.016592,0.002207,0.015361,0.003354,0.025964,0.000247,0.005514,-0.009474,10,-0.011344
volatility_20d,2021-05-21,-0.0772,160,0.018649,0.06422,0.020315,0.008008,0.035,0.043523,0.029939,0.02302,0.027357,0.018899,10,0.00025
volatility_20d,2021-05-24,-0.012906,160,0.017112,0.076182,0.037029,0.036266,0.015819,0.050399,0.041851,0.050969,0.014137,0.044075,10,0.026963
volatility_20d,2021-05-25,-0.006522,160,0.005696,0.030685,0.038863,0.011486,0.011893,0.006847,0.025193,0.0324,0.003968,0.016817,10,0.011121
volatility_20d,2021-05-26,-0.032377,160,0.003524,0.011813,0.005836,0.03682,-0.0017,-0.001071,0.021581,0.014072,-0.017869,0.010748,10,0.007224
volatility_20d,2021-05-27,-0.006569,160,-0.000207,0.002914,0.014039,0.023907,-0.011638,-0.006026,0.029343,0.015306,-0.000891,0.002979,10,0.003187
volatility_20d,2021-05-28,0.004365,160,-0.014329,-0.007176,-0.008642,-0.008614,0.008758,-0.008479,-0.00572,0.013793,-0.009394,-0.017075,10,-0.002746
volatility_20d,2021-05-31,0.082773,160,-0.007538,-0.000548,-0.000468,0.019819,0.020659,0.019071,0.0056,0.011948,0.015915,0.001951,10,0.009489
volatility_20d,2021-06-01,0.086294,160,-0.020698,-0.00936,-0.042552,-0.001754,0.038833,-0.011838,-0.002475,-0.004345,0.005007,-0.01024,10,0.010458
volatility_20d,2021-06-02,0.108271,160,-0.023728,-0.010857,-0.019393,0.003844,0.019462,-0.006147,0.012266,-0.005073,0.004814,2e-06,10,0.02373
volatility_20d,2021-06-03,0.110035,160,-0.015612,-0.015904,-0.007395,0.011235,0.01031,0.022935,0.026573,-0.010282,0.01083,0.005514,10,0.021126
volatility_20d,2021-06-04,0.071288,160,0.004922,-0.014655,-0.019438,-0.016781,0.006749,0.000167,0.002803,-0.003707,0.002735,0.008865,10,0.003944
volatility_20d,2021-06-07,-0.001195,160,0.024018,0.000176,0.01226,0.026936,0.008356,0.009068,0.02276,0.012755,0.017151,0.027599,10,0.003581
volatility_20d,2021-06-08,-0.019351,160,0.048413,0.010791,0.032369,0.051737,0.026324,0.04658,0.013593,0.037724,0.040722,0.02813,10,-0.020283
volatility_20d,2021-06-09,0.063556,160,0.038474,0.019559,0.015227,0.007495,0.023285,0.023328,0.036036,0.039374,0.022867,0.031723,10,-0.006751
volatility_20d,2021-06-10,0.044158,160,0.033456,0.044502,0.018412,0.056951,0.040801,0.025856,0.03064,0.033825,0.058409,0.034955,10,0.001499
volatility_20d,2021-06-11,0.045245,160,0.040742,0.031068,0.058914,0.054359,0.046504,0.025387,0.059522,0.058623,0.03172,0.048956,10,0.008214
volatility_20d,2021-06-14,-0.045441,160,0.036881,0.018663,0.06959,0.047808,0.060186,0.016443,0.056516,0.036988,0.0478,0.013679,10,-0.023203
volatility_20d,2021-06-15,-0.033775,160,0.040553,0.051674,0.083497,0.049912,0.05248,0.055505,0.076072,0.04392,0.053253,0.046598,10,0.006044
volatility_20d,2021-06-16,-0.086971,160,0.057121,0.070556,0.067277,0.079871,0.056037,0.060656,0.079327,0.059695,0.059632,0.039797,10,-0.017325
volatility_20d,2021-06-17,-0.148869,160,0.061052,0.054126,0.059973,0.050126,0.06421,0.029638,0.085746,0.026807,0.053796,0.021649,10,-0.039403
volatility_20d,2021-06-18,-0.073239,160,0.031949,0.057954,0.033568,0.01043,0.048299,0.044949,0.022484,0.035223,0.037438,0.016849,10,-0.015101
volatility_20d,2021-06-21,-0.04639,160,-0.006799,0.010459,0.015964,0.014567,-0.002134,0.032757,-0.024312,0.016761,0.007201,-0.0166,10,-0.009802
volatility_20d,2021-06-22,-0.061643,160,-0.019478,0.033342,-0.005106,0.006001,0.002307,-0.001785,-0.01327,-0.008752,0.003752,-0.014218,10,0.005261
volatility_20d,2021-06-23,-0.077558,160,0.009645,0.03254,0.014454,0.026627,0.006051,0.006723,-0.004272,0.043948,-0.006065,0.002937,10,-0.006707
volatility_20d,2021-06-24,-0.021543,160,-0.020505,0.021563,-0.005371,-0.024549,-0.0144,-0.004557,-0.019588,0.022815,-0.029506,-0.018877,10,0.001627
volatility_20d,2021-06-25,-0.05738,160,0.005546,-0.012861,-0.027403,-0.033696,-0.021953,-0.01373,0.016197,-0.049788,-0.034,-0.024122,10,-0.029668
volatility_20d,2021-06-28,-0.003823,160,0.011424,-0.020483,-0.027237,-0.030386,-0.015678,-0.004245,0.003768,-0.036514,-0.021387,0.004037,10,-0.007387
volatility_20d,2021-06-29,0.004729,160,0.001572,-0.009072,-0.001104,-0.031338,-0.012584,0.004794,-0.001509,-0.024142,-0.029205,0.010381,10,0.008809
volatility_20d,2021-06-30,0.048538,160,-0.010993,-0.00455,-0.001385,-0.02381,0.004415,0.006111,-0.011847,-0.00787,-0.03805,0.021163,10,0.032156
volatility_20d,2021-07-01,0.060911,160,-0.0093,-0.019128,-0.003792,-0.029773,-0.010306,-0.001976,-0.02198,-0.005189,-0.026289,-0.002464,10,0.006836
volatility_20d,2021-07-02,0.025653,160,-0.024222,-0.029553,0.003031,-0.029107,-0.028993,-0.025824,-0.010726,-0.019483,-0.036723,-0.022987,10,0.001234
volatility_20d,2021-07-05,0.03098,160,0.009149,0.016615,-0.008358,0.009759,0.010831,0.013633,0.009714,0.019593,0.004122,-0.006264,10,-0.015412
volatility_20d,2021-07-06,0.05939,160,-1e-06,0.003164,-0.009191,0.003576,0.016673,-0.009832,0.008698,-0.011074,0.042965,-0.016506,10,-0.016505
volatility_20d,2021-07-07,0.081926,160,-0.006145,-0.00497,-0.024528,0.019538,-0.008349,-0.020877,0.002502,0.02146,0.018537,-0.017881,10,-0.011736
volatility_20d,2021-07-08,0.088864,160,0.020043,0.007247,-0.010206,0.014476,0.012464,0.010972,0.022437,0.027304,0.020065,0.017295,10,-0.002748
volatility_20d,2021-07-09,0.13502,160,0.019144,0.007893,-0.03525,-0.007033,0.030206,-0.006725,0.008128,0.040668,0.0088,0.028265,10,0.00912
volatility_20d,2021-07-12,0.156557,160,0.004363,-0.012897,-0.00444,0.00033,-0.009826,-0.007235,0.017269,0.000882,0.037808,0.009634,10,0.005271
volatility_20d,2021-07-13,0.152804,160,0.008158,-0.00817,0.0099,0.016128,-0.012249,-0.001475,0.017528,0.014891,0.030261,0.02367,10,0.015512
volatility_20d,2021-07-14,0.136221,160,-0.006275,-0.007491,-0.011037,-0.01283,-0.006757,-0.002354,0.005731,0.014088,0.021782,0.006311,10,0.012586
volatility_20d,2021-07-15,0.046815,160,0.005372,0.012005,-0.012524,0.02008,0.011099,0.000681,-0.005306,0.021074,0.024404,0.009396,10,0.004025
volatility_20d,2021-07-16,0.005464,160,0.057743,0.024159,0.01157,0.021397,0.027819,0.026634,0.033089,0.031941,0.027548,0.042356,10,-0.015387
volatility_20d,2021-07-19,-0.009522,160,0.013223,0.004804,0.01364,-0.002414,-0.008565,0.000588,0.017564,0.001251,0.004981,0.015644,10,0.002422
volatility_20d,2021-07-20,-0.041758,160,0.022318,0.028484,0.007404,0.014493,0.023562,0.008114,0.010046,0.015223,0.011061,0.019196,10,-0.003121
volatility_20d,2021-07-21,-0.095544,160,0.017032,0.035461,0.00322,0.011423,0.021951,0.014409,0.008303,-0.009445,0.012057,0.016245,10,-0.000787
volatility_20d,2021-07-22,-0.046607,160,-0.001795,0.022395,0.00321,-0.004639,0.020465,0.004788,-0.004838,-0.007061,-0.002542,0.018399,10,0.020194
volatility_20d,2021-07-23,-0.016287,160,0.017511,0.018353,0.021643,0.026051,0.037748,0.019923,0.002897,0.014615,0.00296,0.033715,10,0.016204
volatility_20d,2021-07-26,-0.035333,160,-0.015144,-0.003506,-0.002752,0.006087,0.005958,-0.006552,-0.017144,-0.01356,-0.020727,-0.002714,10,0.01243
volatility_20d,2021-07-27,-0.053129,160,-0.019025,-0.027588,0.007188,-0.024797,-0.027205,-0.021026,-0.034649,-0.02636,-0.039825,-0.014078,10,0.004947
volatility_20d,2021-07-28,0.025683,160,-0.052923,-0.052049,-0.034285,-0.05808,-0.062055,-0.055786,-0.054916,-0.051496,-0.059155,-0.034752,10,0.018171
volatility_20d,2021-07-29,0.046877,160,-0.044258,-0.053747,-0.044515,-0.05905,-0.044104,-0.028955,-0.045626,-0.042316,-0.046026,-0.038022,10,0.006236
volatility_20d,2021-07-30,0.002271,160,-0.044303,-0.048855,-0.026641,-0.036399,-0.064587,-0.035462,-0.038359,-0.028923,-0.053063,-0.043583,10,0.00072
volatility_20d,2021-08-02,0.008863,160,-0.036186,-0.033272,-0.024086,-0.031844,-0.025603,-0.015666,-0.024767,-0.023747,-0.031498,-0.042122,10,-0.005936
volatility_20d,2021-08-03,-0.015932,160,-0.025384,0.009953,-0.006827,-0.002435,0.019736,0.0098,-0.024282,0.008764,-0.013068,-0.007393,10,0.017991
volatility_20d,2021-08-04,0.052323,160,-0.009586,0.008484,-0.005305,0.003965,0.018173,0.027637,0.00343,0.014354,-0.008581,0.013963,10,0.023549
volatility_20d,2021-08-05,0.02812,160,-0.0212,0.008522,0.005116,0.00077,0.013285,0.020172,0.014356,-0.020778,-0.00865,0.005511,10,0.026712
volatility_20d,2021-08-06,0.035181,160,-0.011107,0.014574,0.033711,0.016375,0.042269,0.051702,0.012361,-0.007533,0.010158,0.021067,10,0.032174
volatility_20d,2021-08-09,-0.03887,160,0.03387,0.020073,0.012169,0.028188,0.051168,0.04192,-0.00063,-0.002566,0.036419,0.021128,10,-0.012742
volatility_20d,2021-08-10,0.02372,160,0.025611,0.027009,0.030961,0.035379,0.043047,0.045534,0.033916,0.043694,0.019048,0.038713,10,0.013103
volatility_20d,2021-08-11,0.03628,160,0.043622,0.042767,0.087939,0.057672,0.07357,0.075735,0.064519,0.063631,0.065485,0.05022,10,0.006598
volatility_20d,2021-08-12,0.066433,160,0.044732,0.015603,0.063151,0.032419,0.052926,0.059493,0.048548,0.061027,0.033833,0.050919,10,0.006186
volatility_20d,2021-08-13,0.092412,160,0.043771,0.046355,0.025428,0.070137,0.068184,0.061446,0.053055,0.061657,0.058021,0.051261,10,0.00749
volatility_20d,2021-08-16,0.140452,160,0.051564,0.041651,0.040572,0.054316,0.053692,0.04183,0.065273,0.062359,0.05759,0.064532,10,0.012968
volatility_20d,2021-08-17,0.109112,160,0.032603,0.041365,0.041817,0.000856,0.024893,0.042616,0.057841,0.027931,0.05167,0.049079,10,0.016475
volatility_20d,2021-08-18,0.020972,160,0.020697,0.033192,0.020984,0.030345,-0.007796,0.032206,0.027473,0.002728,0.05008,0.025727,10,0.00503
volatility_20d,2021-08-19,0.001585,160,0.0407,0.068362,0.065538,0.038204,0.023171,0.071762,0.043928,0.025794,0.061461,0.058529,10,0.017829
volatility_20d,2021-08-20,0.022076,160,0.025504,-0.002726,0.038721,0.007527,0.019355,0.028451,-0.009815,0.015033,0.050885,0.025941,10,0.000437
volatility_20d,2021-08-23,0.027484,160,0.007685,0.011296,0.031849,-0.014494,0.027674,-0.011552,0.019299,0.019072,0.004001,0.028935,10,0.021251
volatility_20d,2021-08-24,-0.00678,160,0.040856,-0.001753,0.027989,0.029048,0.019467,0.016879,0.005933,0.028866,0.022633,0.038666,10,-0.00219
volatility_20d,2021-08-25,-0.004069,160,0.028354,-0.007236,0.010155,0.039633,0.00527,0.014791,0.002334,0.027814,-0.011382,0.033482,10,0.005129
volatility_20d,2021-08-26,-0.000346,160,0.017749,0.037873,0.021885,0.046635,7.7e-05,0.032007,0.008032,0.036985,-0.001665,0.044291,10,0.026541
volatility_20d,2021-08-27,-0.054037,160,0.029857,0.037607,0.042099,0.046365,0.005396,0.033226,0.032655,0.038948,0.018753,0.019876,10,-0.009981
volatility_20d,2021-08-30,0.008901,160,0.062395,0.036403,0.027714,0.033339,0.015484,0.058069,0.034106,0.033407,0.042941,0.045101,10,-0.017295
volatility_20d,2021-08-31,0.017661,160,0.040546,0.05426,0.033272,0.027489,0.025467,0.056248,0.035458,0.026347,0.046762,0.038876,10,-0.00167
volatility_20d,2021-09-01,0.112651,160,0.058472,0.035329,0.037597,0.041325,0.048046,0.058872,0.049708,0.062003,0.044877,0.052788,10,-0.005684
volatility_20d,2021-09-02,0.07609,160,0.021316,0.023893,0.014432,0.020909,0.019907,0.030967,0.037799,0.04161,0.027133,0.024935,10,0.003618
volatility_20d,2021-09-03,0.031961,160,0.033635,0.013843,0.045871,0.042791,0.04644,0.037088,0.052821,0.043072,0.0211,0.035588,10,0.001953
volatility_20d,2021-09-06,0.035336,160,0.068373,0.035184,0.068075,0.089351,0.072278,0.053168,0.098783,0.058088,0.04339,0.078074,10,0.009702
volatility_20d,2021-09-07,0.030312,160,0.042931,0.046373,0.055355,0.080448,0.055187,0.057468,0.065747,0.054006,0.047276,0.05455,10,0.011619
volatility_20d,2021-09-08,-0.028797,160,0.044822,0.061793,0.052357,0.066624,0.094511,0.024537,0.075738,0.053233,0.057815,0.038751,10,-0.006071
volatility_20d,2021-09-09,-0.01428,160,0.008724,0.01423,0.036408,0.03194,0.028511,0.033531,0.00548,0.01735,0.022159,0.015648,10,0.006924
volatility_20d,2021-09-10,0.001919,160,0.008261,0.011291,0.001416,0.006459,0.032269,0.006756,0.015189,-0.013386,0.015255,0.006437,10,-0.001824
volatility_20d,2021-09-13,-0.062783,160,0.000986,-0.006531,-0.000411,0.011203,0.008401,-0.015673,0.019141,-0.034825,0.011613,-0.009852,10,-0.010838
volatility_20d,2021-09-14,0.013225,160,-0.010205,-0.013095,-0.012916,-0.01891,0.006754,-0.013852,0.010527,-0.026865,0.004933,-0.02262,10,-0.012415
volatility_20d,2021-09-15,-0.016427,160,-0.004612,-0.0136,-0.008399,-0.014549,-0.005051,-0.012133,-0.008332,0.000838,-0.007934,-0.01837,10,-0.013758
volatility_20d,2021-09-16,-0.014845,160,0.012481,0.003437,0.016046,-0.011367,0.002874,-0.017804,0.007199,0.004457,0.009069,-0.000272,10,-0.012753
volatility_20d,2021-09-17,0.013627,160,0.009156,-0.017003,0.032699,0.006245,-0.016081,-0.011241,0.000243,-0.020236,0.009848,0.016599,10,0.007443
volatility_20d,2021-09-20,-0.043801,160,-0.013241,-0.027164,-0.008127,-0.007427,-0.035096,-0.052599,-0.03337,-0.02887,-0.020032,-0.003829,10,0.009412
volatility_20d,2021-09-21,-0.052013,160,-0.034681,-0.047421,-0.030122,-0.031246,-0.040963,-0.055369,-0.045697,-0.052493,-0.055248,-0.0251,10,0.009582
volatility_20d,2021-09-22,-0.053501,160,-0.048538,-0.028399,-0.019854,-0.029692,-0.024678,-0.041164,-0.031846,-0.052084,-0.045376,-0.039061,10,0.009477
volatility_20d,2021-09-23,-0.007553,160,-0.014747,0.005003,0.005106,0.010542,-0.023446,-0.013478,0.009087,-0.010851,0.005382,-0.004911,10,0.009836
volatility_20d,2021-09-24,0.110656,160,-0.026954,-0.004967,-0.010836,0.013233,-0.013373,-0.024948,-0.010332,0.003888,-0.01626,0.012107,10,0.039061
volatility_20d,2021-09-27,0.099789,160,-0.029744,-0.004379,-0.000151,-0.011982,-0.00321,0.003958,-0.01866,-0.010949,-0.009333,0.010753,10,0.040497
volatility_20d,2021-09-28,0.134765,160,-0.015703,-0.006015,0.00729,-0.010184,-0.007314,-0.002188,-0.005994,0.004405,0.003218,0.021907,10,0.03761
volatility_20d,2021-09-29,0.106539,160,-0.015709,-0.001642,-0.018061,-0.007689,0.011161,0.002155,-0.030813,-0.002863,-0.001557,0.024959,10,0.040668
volatility_20d,2021-09-30,0.090589,160,-0.020073,-0.007925,-0.017075,-0.003637,0.00201,-0.019129,0.006813,-0.007116,-7.3e-05,0.003191,10,0.023264
volatility_20d,2021-10-01,0.069255,160,-0.025424,-0.010903,-0.029603,0.001648,0.015411,-0.019479,-0.006264,-0.017325,-0.004587,-0.000162,10,0.025263
volatility_20d,2021-10-04,0.142066,160,-0.017736,0.002492,0.010016,0.004424,0.021727,0.02284,0.010234,0.011654,0.001838,0.038581,10,0.056317
volatility_20d,2021-10-05,0.088228,160,0.019234,-0.01078,0.012698,0.033073,0.014386,0.043433,0.021338,0.004114,0.029612,0.035416,10,0.016182
volatility_20d,2021-10-06,0.079726,160,0.022957,0.001505,0.008765,0.027277,0.04243,0.04173,0.015372,0.011697,0.029306,0.046114,10,0.023157
volatility_20d,2021-10-07,0.081815,160,0.024979,0.013843,0.050578,-0.00136,0.027487,0.051664,0.024729,0.020376,0.032986,0.04695,10,0.021971
volatility_20d,2021-10-08,-0.034115,160,0.023598,0.039776,0.046146,0.027851,0.012718,0.036831,0.046411,0.015089,0.025244,0.036908,10,0.01331
volatility_20d,2021-10-11,-0.038861,160,0.022875,0.032462,0.035538,0.024249,0.007938,0.031781,0.022022,0.027915,0.021398,0.030881,10,0.008005
volatility_20d,2021-10-12,-0.007017,160,0.021592,0.064186,0.007901,0.010282,0.014291,0.006553,0.038218,0.046752,0.023398,0.019583,10,-0.002009
volatility_20d,2021-10-13,-0.013304,160,0.05857,0.008706,0.013943,0.037438,0.018433,0.036572,0.029917,0.038459,0.042361,0.015519,10,-0.043051
volatility_20d,2021-10-14,-0.024054,160,0.024211,0.018536,0.023164,0.00228,0.003677,0.016763,-0.000212,0.033925,0.024912,0.015691,10,-0.00852
volatility_20d,2021-10-15,-0.093399,160,0.045468,0.004908,0.000929,0.035763,0.007507,0.012496,0.015654,0.034325,-0.009467,0.018034,10,-0.027434
volatility_20d,2021-10-18,-0.113035,160,0.042019,-0.003317,0.012409,0.00509,0.021724,0.020688,0.006596,0.025075,-0.029683,0.014455,10,-0.027564
volatility_20d,2021-10-19,-0.09066,160,0.016214,0.028418,0.007643,-0.010663,0.010777,0.021038,0.020126,0.008165,-0.016438,0.013392,10,-0.002822
volatility_20d,2021-10-20,-0.112296,160,0.021055,0.00236,-0.000461,-0.020051,-0.001095,0.013046,-0.004713,-0.004863,-0.021703,-0.008717,10,-0.029771
volatility_20d,2021-10-21,-0.040604,160,-0.029221,-0.014107,0.004119,-0.020715,-0.032641,-0.036,-0.004409,-0.016707,-0.036935,-0.024971,10,0.00425
volatility_20d,2021-10-22,-0.016249,160,-0.018697,-0.049781,-0.029582,-0.022048,-0.054094,-0.028659,-0.012246,-0.028622,-0.052027,-0.038401,10,-0.019704
volatility_20d,2021-10-25,-0.015613,160,-0.036082,-0.050645,-0.045161,-0.040433,-0.048083,-0.021212,-0.040318,-0.046503,-0.060845,-0.053486,10,-0.017403
volatility_20d,2021-10-26,-0.042025,160,-0.039916,-0.073274,-0.043694,-0.053229,-0.058738,-0.046944,-0.0536,-0.060349,-0.050157,-0.072201,10,-0.032285
volatility_20d,2021-10-27,-0.067854,160,-0.051308,-0.078764,-0.056243,-0.06975,-0.050045,-0.070719,-0.073695,-0.061991,-0.080119,-0.074147,10,-0.022839
volatility_20d,2021-10-28,-0.084103,160,-0.044688,-0.049495,-0.062261,-0.064751,-0.05583,-0.059391,-0.062726,-0.064983,-0.065229,-0.066423,10,-0.021735
volatility_20d,2021-10-29,-0.030397,160,-0.049835,-0.05652,-0.086213,-0.034416,-0.047421,-0.075576,-0.054083,-0.061109,-0.068033,-0.056981,10,-0.007146
volatility_20d,2021-11-01,-0.048901,160,-0.063321,-0.043501,-0.087803,-0.054662,-0.03773,-0.085207,-0.081124,-0.058784,-0.063196,-0.06441,10,-0.001089
volatility_20d,2021-11-02,-0.092374,160,-0.062114,-0.07035,-0.047587,-0.063642,-0.072058,-0.064592,-0.056861,-0.077737,-0.072829,-0.069543,10,-0.007429
volatility_20d,2021-11-03,-0.030754,160,-0.082379,-0.063409,-0.063018,-0.052106,-0.082157,-0.062225,-0.060551,-0.069891,-0.080057,-0.06938,10,0.012999
volatility_20d,2021-11-04,-0.03831,160,-0.086597,-0.054617,-0.062317,-0.066768,-0.061569,-0.057076,-0.059428,-0.07246,-0.068415,-0.078474,10,0.008123
volatility_20d,2021-11-05,-0.036675,160,-0.068967,-0.038466,-0.063886,-0.068709,-0.03895,-0.054091,-0.041939,-0.049136,-0.076028,-0.064121,10,0.004846
volatility_20d,2021-11-08,0.05566,160,-0.069086,-0.045378,-0.040544,-0.033905,-0.041646,-0.02063,-0.029305,-0.065603,-0.067054,-0.019417,10,0.049668
volatility_20d,2021-11-09,0.033479,160,-0.038694,-0.015433,-0.028737,-0.010066,-0.026402,-0.011766,-0.035444,-0.032581,-0.03217,-0.000439,10,0.038255
volatility_20d,2021-11-10,0.05922,160,0.009095,-0.008138,-0.012402,-0.022724,0.005338,-0.021731,-0.012548,0.003593,-0.012885,0.029025,10,0.01993
volatility_20d,2021-11-11,0.076005,160,0.016691,0.018096,0.015703,-0.002164,0.002926,0.020425,0.006648,-0.001583,0.023836,0.043726,10,0.027035
volatility_20d,2021-11-12,0.079254,160,0.030661,0.029167,0.033036,0.031527,0.026113,0.019435,0.015748,0.032033,0.038854,0.066835,10,0.036175
volatility_20d,2021-11-15,0.096209,160,0.020353,0.015082,0.01897,0.004829,0.009764,0.033138,0.011577,0.031995,0.027332,0.033522,10,0.013169
volatility_20d,2021-11-16,0.108394,160,0.028617,0.015966,0.026988,0.048945,0.023359,0.041626,0.010811,0.037195,0.046272,0.056185,10,0.027567
volatility_20d,2021-11-17,0.102109,160,0.068709,0.014065,0.052004,0.034733,0.043632,0.053543,0.038942,0.07256,0.044425,0.071048,10,0.002339
volatility_20d,2021-11-18,0.11716,160,0.065759,0.058272,0.072879,0.035398,0.041954,0.080635,0.060877,0.068895,0.065133,0.095254,10,0.029496
volatility_20d,2021-11-19,0.115619,160,0.085169,0.080732,0.089758,0.066729,0.062341,0.079644,0.115391,0.075752,0.106946,0.098377,10,0.013208
volatility_20d,2021-11-22,0.206739,160,0.087196,0.081757,0.124027,0.102594,0.116897,0.101392,0.11145,0.145749,0.10207,0.137007,10,0.049811
volatility_20d,2021-11-23,0.187982,160,0.091409,0.087642,0.111649,0.082809,0.110718,0.111492,0.116182,0.126473,0.111245,0.130725,10,0.039316
volatility_20d,2021-11-24,0.141105,160,0.086278,0.092217,0.081443,0.092232,0.104004,0.104319,0.099623,0.090444,0.121032,0.118196,10,0.031918
volatility_20d,2021-11-25,0.134991,160,0.069715,0.064794,0.038566,0.06301,0.085655,0.061245,0.07845,0.088073,0.086794,0.082603,10,0.012887
volatility_20d,2021-11-26,0.115106,160,0.037192,0.029241,0.027354,0.03562,0.039918,0.028034,0.058699,0.061196,0.05226,0.034092,10,-0.0031
volatility_20d,2021-11-29,0.11493,160,0.058573,0.059634,0.050411,0.033816,0.066927,0.063542,0.063501,0.089288,0.059974,0.059744,10,0.001171
volatility_20d,2021-11-30,0.054811,160,0.079229,0.041703,0.052799,0.018196,0.053304,0.066199,0.043449,0.060435,0.056806,0.067236,10,-0.011994
volatility_20d,2021-12-01,0.098172,160,0.046149,-0.005871,0.034604,0.018981,0.041475,0.044894,0.022179,0.034092,0.04791,0.04209,10,-0.004059
volatility_20d,2021-12-02,0.163439,160,0.033074,-0.010728,0.034695,0.011759,0.021121,0.042591,0.036955,0.035022,0.031092,0.038497,10,0.005423
volatility_20d,2021-12-03,0.091102,160,0.013409,-0.009775,0.019453,0.005661,-0.012684,0.010071,0.023873,-0.002552,0.038771,0.017465,10,0.004056
volatility_20d,2021-12-06,0.034188,160,-0.001567,-0.010537,-0.009461,0.0028,-0.003567,0.000203,-0.018312,0.014685,-0.002093,0.001317,10,0.002885
volatility_20d,2021-12-07,0.100926,160,-0.017676,-0.040538,-0.025539,0.007493,-0.009449,-0.013947,-0.007353,0.008439,-0.010519,-0.017494,10,0.000182
volatility_20d,2021-12-08,0.087153,160,-0.017305,-0.052114,-0.022119,-0.008643,-0.022257,-0.005578,-0.001695,-0.024152,-0.023155,-0.016203,10,0.001102
volatility_20d,2021-12-09,0.122032,160,-0.018789,-0.01809,-0.025302,-0.000625,-0.009909,-0.005921,-0.002982,0.002979,0.011383,-0.020089,10,-0.0013
volatility_20d,2021-12-10,0.185981,160,-0.029755,0.000219,0.003614,-0.003638,0.023605,0.013032,0.008851,0.018544,0.018196,0.013266,10,0.043021
volatility_20d,2021-12-13,0.148541,160,-0.033517,-0.020677,-0.031909,0.003759,-0.012569,-0.001739,-0.027686,0.023442,-0.000459,-0.0189,10,0.014617
volatility_20d,2021-12-14,0.088577,160,-0.03297,0.00436,0.008828,-0.010483,-0.023218,0.005069,-0.00257,0.00676,-0.001446,-0.005374,10,0.027597
volatility_20d,2021-12-15,0.111259,160,0.02458,0.005465,0.039153,0.015928,0.022826,0.028085,0.035324,0.021952,0.033067,0.039739,10,0.01516
volatility_20d,2021-12-16,0.041252,160,0.019272,0.055853,0.038245,0.035641,0.025895,0.045466,0.046551,0.038087,0.033315,0.041875,10,0.022604
volatility_20d,2021-12-17,0.063196,160,0.018246,0.022027,0.027635,0.016483,0.008946,0.021452,0.037912,0.011295,0.028305,0.028025,10,0.009779
volatility_20d,2021-12-20,0.043745,160,-0.002349,0.020081,0.010006,0.022142,-0.002764,0.004929,0.030613,0.004771,0.007242,0.015989,10,0.018338
volatility_20d,2021-12-21,0.064793,160,-0.018556,-0.002286,-0.012317,-0.006444,0.008229,-0.011045,-0.000329,-0.009229,-0.009258,-0.000814,10,0.017742
volatility_20d,2021-12-22,0.06672,160,-0.020574,-0.038413,-0.027204,-0.000573,-0.037049,-0.015415,-0.015249,-0.041847,-0.020349,-0.001579,10,0.018995
volatility_20d,2021-12-23,0.066038,160,-0.014594,-0.033409,-0.01455,-0.007052,-0.022367,-0.002582,-0.013578,-0.023882,-0.026147,-0.002286,10,0.012308
volatility_20d,2021-12-24,0.014318,160,-0.024142,-0.032793,-0.02739,0.014459,-0.018958,-0.002405,-0.016519,-0.037407,-0.039711,-0.011893,10,0.012248
volatility_20d,2021-12-27,0.040141,160,-0.039103,-0.007786,-0.011886,-0.010392,0.011364,-0.00587,-0.010664,-0.025478,-0.029165,-0.00291,10,0.036194
volatility_20d,2021-12-28,-0.006859,160,-0.06503,-0.027231,-0.03253,-0.025729,-0.018545,-0.049809,-0.040043,-0.048021,-0.054289,-0.030688,10,0.034343
volatility_20d,2021-12-29,0.060749,160,-0.087762,-0.049617,-0.066813,-0.05245,-0.073304,-0.05126,-0.077409,-0.082997,-0.06156,-0.050607,10,0.037154
volatility_20d,2021-12-30,0.080227,160,-0.084578,-0.075331,-0.067499,-0.070613,-0.068662,-0.0518,-0.080803,-0.088543,-0.049322,-0.06759,10,0.016988
volatility_20d,2021-12-31,0.120251,160,-0.068778,-0.079623,-0.063134,-0.035194,-0.078019,-0.052044,-0.043222,-0.065972,-0.02668,-0.071076,10,-0.002299
volatility_20d,2022-01-03,0.095054,160,-0.055642,-0.060468,-0.046629,-0.037345,-0.066837,-0.063131,-0.031508,-0.047799,-0.026199,-0.048117,10,0.007525
volatility_20d,2022-01-04,0.003363,160,-0.025242,-0.009543,-0.028545,-0.01828,-0.014153,-0.023386,-0.013158,-0.026189,-0.012893,-0.019167,10,0.006075
volatility_20d,2022-01-05,0.016047,160,-0.009378,-0.014421,0.0019,-0.017781,0.009008,-0.014977,-0.012546,0.003133,-0.002581,-0.006906,10,0.002472
volatility_20d,2022-01-06,-0.043956,160,-0.014185,-0.013227,-0.003233,-0.010732,0.015974,-0.021055,-0.014344,-0.003946,-0.01762,-0.014104,10,8e-05
volatility_20d,2022-01-07,-0.049256,160,-0.010277,-0.022933,0.009395,-0.010984,-0.019681,-0.014167,-0.006834,0.01033,-0.028921,-0.026107,10,-0.01583
volatility_20d,2022-01-10,-0.025199,160,-0.003005,-0.030376,-0.015887,0.008427,-0.005841,-0.004409,-0.011067,0.016598,-0.014632,-0.029724,10,-0.026719
volatility_20d,2022-01-11,-0.05443,160,0.024635,-0.028491,0.018538,0.019389,0.005155,0.02264,0.008205,0.032514,-0.001678,-0.009409,10,-0.034043
volatility_20d,2022-01-12,-0.051931,160,0.029956,0.04287,0.012902,0.018226,0.039501,0.05059,0.017527,0.032932,0.041082,0.011381,10,-0.018575
volatility_20d,2022-01-13,-0.031958,160,0.022066,0.013037,0.022903,0.025762,0.014472,0.000354,0.018946,0.028694,0.013617,0.020903,10,-0.001162
volatility_20d,2022-01-14,0.027534,160,0.017186,0.003573,0.030445,0.043304,0.020074,0.050524,0.030149,0.031097,0.016354,0.021992,10,0.004806
volatility_20d,2022-01-17,0.035404,160,0.021134,-0.011067,0.060446,0.046042,0.025191,0.026774,0.042469,0.038881,0.027718,0.026394,10,0.00526
volatility_20d,2022-01-18,0.041674,160,0.014466,-0.017845,0.027478,0.012903,0.037922,0.018511,0.009199,0.013289,0.020951,0.008512,10,-0.005954
volatility_20d,2022-01-19,-0.035667,160,0.016862,0.015607,0.008495,0.038241,0.033014,0.03309,0.031365,0.013486,0.005067,0.004992,10,-0.011871
volatility_20d,2022-01-20,0.016524,160,-0.012937,-0.01141,0.032561,0.005927,0.014727,0.005691,0.015928,-0.009699,0.009539,-0.002345,10,0.010592
volatility_20d,2022-01-21,0.015812,160,0.020242,0.012087,0.048094,0.026226,0.031587,0.034886,0.047017,0.015475,0.027606,0.015874,10,-0.004367
volatility_20d,2022-01-24,-0.012994,160,0.033478,0.039936,0.058648,0.050508,0.039928,0.044749,0.077543,0.029513,0.028197,0.032046,10,-0.001432
volatility_20d,2022-01-25,0.018806,160,0.025327,0.021117,0.074088,0.058931,0.067032,0.05473,0.05344,0.040208,0.030292,0.032333,10,0.007005
volatility_20d,2022-01-26,-0.041401,160,0.032241,0.025317,0.048501,0.036313,0.045462,0.059124,0.043089,0.042745,-0.005216,0.027974,10,-0.004267
volatility_20d,2022-01-27,-0.057257,160,0.051408,0.059988,0.018415,0.065657,0.06145,0.042708,0.080826,0.027714,0.049632,0.026001,10,-0.025407
volatility_20d,2022-01-28,-0.042992,160,0.042179,0.00652,0.060763,0.043018,0.028547,0.013138,0.032957,0.054584,0.034278,-0.000375,10,-0.042553
volatility_20d,2022-01-31,-0.110899,160,0.026355,0.031538,0.044111,0.033827,0.017612,-0.004566,0.02413,0.0438,0.032521,-0.012062,10,-0.038417
volatility_20d,2022-02-01,-0.034305,160,0.018171,0.03778,0.039157,0.013668,0.012385,-0.004569,0.017595,0.030438,0.035431,0.00777,10,-0.010401
volatility_20d,2022-02-02,-0.001852,160,0.026842,0.026434,0.023062,0.031519,0.017733,0.014864,0.02809,0.000318,0.031187,0.030065,10,0.003223
volatility_20d,2022-02-03,0.003454,160,0.036737,0.036214,0.027693,0.024958,0.032551,0.011316,0.019745,0.02901,0.023832,0.035418,10,-0.001319
volatility_20d,2022-02-04,-0.019609,160,0.024135,0.020525,0.015406,0.009701,0.003894,0.035399,0.020004,0.00596,0.016246,0.012548,10,-0.011587
volatility_20d,2022-02-07,-0.074036,160,0.028161,-0.007434,0.007975,-0.000445,-0.024329,0.022033,-0.005943,0.001634,0.001045,-0.002057,10,-0.030218
volatility_20d,2022-02-08,-0.062622,160,0.007959,0.004169,0.017138,0.006731,0.007744,-0.007568,-0.003762,0.001227,0.001594,0.000225,10,-0.007733
volatility_20d,2022-02-09,-0.037569,160,0.027111,0.04275,0.02411,0.024046,0.05435,0.008936,0.041638,0.01827,0.021761,0.034041,10,0.00693
volatility_20d,2022-02-10,-0.057653,160,0.047345,0.035189,0.030576,0.0213,0.03413,0.038453,0.012535,0.032302,0.019342,0.044367,10,-0.002977
volatility_20d,2022-02-11,0.005408,160,0.047856,0.050946,0.035741,0.037136,0.046684,0.043553,0.041881,0.039087,0.041666,0.047101,10,-0.000755
volatility_20d,2022-02-14,0.017054,160,0.048712,0.047969,0.039033,0.032369,0.035897,0.027282,0.061779,0.015531,0.025092,0.055865,10,0.007153
volatility_20d,2022-02-15,-0.012973,160,0.042456,0.039535,0.051502,0.026462,0.001528,0.031692,0.036777,0.023631,0.039092,0.044864,10,0.002408
volatility_20d,2022-02-16,-0.007518,160,0.036977,0.053429,0.039754,0.048211,0.01817,0.043448,0.037229,0.021502,0.042484,0.067608,10,0.030631
volatility_20d,2022-02-17,-0.004111,160,0.052643,0.07941,0.067122,0.064767,0.051302,0.039592,0.082548,0.0622,0.072013,0.069406,10,0.016762
volatility_20d,2022-02-18,0.051526,160,0.039411,0.068351,0.040845,0.077266,0.025038,0.046286,0.075246,0.0462,0.046792,0.078005,10,0.038593
volatility_20d,2022-02-21,0.080022,160,0.067332,0.08055,0.055277,0.084162,0.047749,0.074997,0.080994,0.075347,0.07646,0.091444,10,0.024112
volatility_20d,2022-02-22,0.073353,160,0.079231,0.066138,0.058427,0.067106,0.061308,0.08398,0.093707,0.0574,0.089371,0.079474,10,0.000242
volatility_20d,2022-02-23,0.051017,160,0.025559,0.044719,0.008069,0.031753,0.017454,0.040029,0.00739,0.037976,0.046266,0.028232,10,0.002673
volatility_20d,2022-02-24,0.073207,160,0.013237,0.008855,0.021746,0.019346,0.007222,0.014785,0.027688,0.026663,0.020174,0.02773,10,0.014493
volatility_20d,2022-02-25,-0.002101,160,-0.001451,0.01123,0.027783,0.000806,-0.009066,-0.000465,-0.012791,0.016122,0.013487,0.001605,10,0.003056
volatility_20d,2022-02-28,-0.068748,160,-0.00879,0.023009,0.009436,0.003433,0.000617,-0.012431,0.012912,0.008024,-0.006691,-0.006817,10,0.001973
volatility_20d,2022-03-01,-0.042954,160,0.024863,0.015267,0.033331,0.015604,0.024101,0.019979,0.011825,0.015139,0.015662,0.023864,10,-0.000999
volatility_20d,2022-03-02,-0.053624,160,0.001905,0.000202,0.002698,0.003457,-0.02188,0.000722,0.000174,0.000306,-0.001677,-0.012596,10,-0.014502
volatility_20d,2022-03-03,-0.113984,160,-0.009436,-0.025123,-0.004793,-0.006363,-0.013765,-0.021774,-0.031841,-0.014224,-0.022111,-0.026378,10,-0.016943
volatility_20d,2022-03-04,-0.041471,160,-0.014599,-0.014599,-0.000811,-0.024302,-0.001896,-0.018167,-0.02643,-0.016923,-0.014921,-0.021621,10,-0.007022
volatility_20d,2022-03-07,-0.063735,160,-0.044859,-0.035899,-0.028363,-0.029909,-0.028126,-0.022118,-0.049538,-0.038761,-0.066025,-0.021326,10,0.023533
volatility_20d,2022-03-08,-0.070758,160,-0.03312,-0.061195,-0.038979,-0.04166,-0.044741,-0.044465,-0.04894,-0.055731,-0.048608,-0.039992,10,-0.006872
volatility_20d,2022-03-09,-0.109252,160,-0.004726,-0.037221,-0.028637,-0.02575,-0.018768,-0.026605,-0.031167,-0.030674,-0.037824,-0.037512,10,-0.032786
volatility_20d,2022-03-10,-0.107026,160,-0.008815,-0.021938,0.010117,-0.037199,-0.005304,-0.027403,-0.025199,-0.003493,-0.029403,-0.028453,10,-0.019638
volatility_20d,2022-03-11,-0.018285,160,0.008481,-0.040609,-0.010746,-0.022316,0.012942,-0.025286,-0.015523,-0.011343,-0.02398,-0.013878,10,-0.022359
volatility_20d,2022-03-14,0.010248,160,0.005665,-0.021207,-0.029088,-0.03898,-0.001348,-0.017883,-0.006353,-0.026121,0.00074,-0.020435,10,-0.0261
volatility_20d,2022-03-15,0.028985,160,-0.015375,-0.006675,-0.046832,-0.021579,-0.029507,-0.003071,-0.03704,-0.018031,-0.030074,0.000208,10,0.015583
volatility_20d,2022-03-16,0.054386,160,-0.001307,-0.006607,-0.03456,-0.011452,0.004048,0.013035,-0.006979,-0.010976,-0.014745,0.016253,10,0.017559
volatility_20d,2022-03-17,0.102156,160,-0.020015,-0.007519,-0.049416,-0.019134,0.006141,-0.006195,-0.01125,-0.013438,-0.016122,-0.000151,10,0.019864
volatility_20d,2022-03-18,0.050697,160,-0.025232,-0.029834,-0.015428,-0.021885,-0.010153,-0.012447,-0.035819,-0.026321,-0.023653,-0.004712,10,0.02052
volatility_20d,2022-03-21,-0.02437,160,0.011877,-0.039642,-0.023091,-0.010875,0.001079,-0.02163,-0.033605,-0.01856,-0.01815,-0.010938,10,-0.022816
volatility_20d,2022-03-22,0.021323,160,-0.001035,-0.044066,-0.012791,-0.02053,-0.003068,-0.028675,-0.032674,-0.019936,-0.005698,-0.009395,10,-0.00836
volatility_20d,2022-03-23,-0.002558,160,0.008477,-0.037799,-0.031203,-0.034421,-0.000163,-0.018406,-0.016061,-0.027189,-0.011132,-0.019938,10,-0.028414
volatility_20d,2022-03-24,-0.062147,160,0.003844,-0.042253,-0.052125,-0.009965,-0.022618,-0.035011,-0.030922,-0.030572,-0.035174,-0.031416,10,-0.03526
volatility_20d,2022-03-25,-0.089711,160,0.013187,-0.009198,-0.015038,0.001528,0.00071,-0.01208,-0.006565,-0.015851,-0.035772,-0.004827,10,-0.018014
volatility_20d,2022-03-28,-0.109633,160,0.022152,-0.009665,-0.018528,-0.009185,-0.003223,0.002235,-0.000921,-0.014486,-0.020965,-0.016341,10,-0.038493
volatility_20d,2022-03-29,-0.102649,160,0.016411,0.000387,0.004749,-0.01096,0.013436,0.003166,-0.011131,-0.001201,-0.034922,-0.000737,10,-0.017148
volatility_20d,2022-03-30,-0.158242,160,0.01372,0.008677,-0.006096,0.009342,0.023794,-0.002935,-0.007844,-0.015918,-0.04098,-0.006731,10,-0.020451
volatility_20d,2022-03-31,-0.207187,160,0.000639,0.010772,0.003817,0.013683,0.036015,-0.037608,0.00073,-0.006432,-0.008714,-0.045474,10,-0.046114
volatility_20d,2022-04-01,-0.109334,160,-0.015662,-0.008509,0.003108,0.020116,-0.014719,-0.021864,-0.022818,0.00026,-0.025867,-0.02981,10,-0.014147
volatility_20d,2022-04-04,-0.120597,160,-0.007166,-0.01119,-0.012279,-0.014477,-0.00636,-0.013599,-0.01159,-0.017182,-0.038277,-0.022474,10,-0.015308
volatility_20d,2022-04-05,-0.053539,160,0.006584,-0.000431,-0.003805,0.011563,-0.001802,0.009277,0.005207,2.4e-05,-0.009626,-0.009521,10,-0.016105
volatility_20d,2022-04-06,-0.069867,160,-0.001677,-0.014731,0.018281,0.002242,-0.021278,0.024045,0.00326,-0.02005,-0.008452,-0.0184,10,-0.016724
volatility_20d,2022-04-07,-0.008086,160,-0.013391,-0.006711,0.010038,-0.009527,-0.027524,0.021781,0.001302,-0.021717,-0.014749,-0.003085,10,0.010306
volatility_20d,2022-04-08,0.059501,160,-0.038083,-0.064883,-0.051433,-0.037782,-0.037627,-0.053752,-0.046469,-0.038273,-0.037989,-0.046147,10,-0.008064
volatility_20d,2022-04-11,0.029365,160,-0.046214,-0.047814,-0.046644,-0.045169,-0.047712,-0.063506,-0.054602,-0.039542,-0.04132,-0.03793,10,0.008283
volatility_20d,2022-04-12,0.050111,160,-0.048282,-0.054471,-0.05959,-0.051747,-0.064607,-0.040941,-0.064611,-0.04935,-0.043885,-0.038668,10,0.009613
volatility_20d,2022-04-13,0.053068,160,-0.052837,-0.034876,-0.061576,-0.057311,-0.06429,-0.045576,-0.047486,-0.062831,-0.036931,-0.037027,10,0.01581
volatility_20d,2022-04-14,0.068519,160,-0.027983,-0.051896,-0.024809,-0.042981,-0.053609,-0.038883,-0.030769,-0.03434,-0.028073,-0.028627,10,-0.000645
volatility_20d,2022-04-15,0.00167,160,-0.01519,-0.025501,-0.025264,-0.048914,-0.029548,-0.049283,-0.03207,-0.016815,-0.016347,-0.024459,10,-0.009268
volatility_20d,2022-04-18,-0.07043,160,-0.008353,-0.01354,-0.02868,-0.040831,-0.042759,-0.029277,-0.016269,-0.02483,-0.015886,-0.028033,10,-0.01968
volatility_20d,2022-04-19,-0.017564,160,-0.007639,-0.020156,-0.024904,-0.045205,-0.054473,-0.02196,-0.015493,-0.015556,-0.034018,-0.009123,10,-0.001485
volatility_20d,2022-04-20,0.03178,160,-0.018998,-0.02328,-0.021045,-0.043973,-0.037009,-0.036805,0.005808,-0.044049,-0.025572,0.000574,10,0.019572
volatility_20d,2022-04-21,-0.004828,160,-0.034009,-0.023577,-0.049727,-0.05779,-0.053768,-0.055494,0.002494,-0.061661,-0.04363,-0.020197,10,0.013813
volatility_20d,2022-04-22,-0.109059,160,0.016984,0.00917,-0.018041,-0.006917,0.010164,-0.000246,-0.004834,-0.04026,-0.009407,0.008945,10,-0.00804
volatility_20d,2022-04-25,-0.091568,160,0.014653,0.001966,-0.010313,-0.033878,0.009361,-0.011648,-0.021069,-0.019645,-0.003196,-0.004466,10,-0.019119
volatility_20d,2022-04-26,-0.11897,160,0.019534,0.01912,-0.001401,0.000338,0.012829,-0.011765,-0.014667,-0.007228,-0.002402,0.008773,10,-0.010761
volatility_20d,2022-04-27,-0.059841,160,0.025758,0.021165,-0.013482,0.027876,0.009378,0.016256,0.003183,-0.010866,0.01495,0.017976,10,-0.007782
volatility_20d,2022-04-28,-0.06002,160,0.015652,0.024782,0.01911,0.017184,0.017601,0.016303,-0.012523,0.004407,0.01552,0.028012,10,0.01236
volatility_20d,2022-04-29,-0.080479,160,0.035672,0.041259,0.03068,0.031447,0.021307,0.024995,0.006964,0.008132,0.030512,0.041689,10,0.006017
volatility_20d,2022-05-02,-0.082134,160,0.04465,0.080024,0.058802,0.040401,0.050185,0.049001,0.019303,0.042224,0.040252,0.06126,10,0.01661
volatility_20d,2022-05-03,-0.092787,160,0.0398,0.040411,0.042369,0.036823,0.02047,0.033804,0.019689,0.002369,0.018933,0.045125,10,0.005325
volatility_20d,2022-05-04,-0.125425,160,0.04867,0.056506,0.041238,0.040606,0.01941,0.042683,0.024394,0.015321,0.029486,0.037359,10,-0.011311
volatility_20d,2022-05-05,-0.064939,160,0.050091,0.074125,0.094347,0.091356,0.040651,0.046741,0.020656,0.069605,0.068008,0.061841,10,0.01175
volatility_20d,2022-05-06,-0.093924,160,0.023713,0.069896,0.054702,0.06481,0.042121,0.030429,0.03789,0.046362,0.001542,0.046065,10,0.022353
volatility_20d,2022-05-09,-0.032978,160,0.064615,0.067163,0.075338,0.106414,0.064673,0.077329,0.057072,0.086992,0.027098,0.076402,10,0.011786
volatility_20d,2022-05-10,-0.029169,160,0.036747,0.07867,0.034565,0.059566,0.077208,0.040361,0.044886,0.036656,0.029981,0.068573,10,0.031826
volatility_20d,2022-05-11,-0.02004,160,0.014606,0.039701,0.034689,0.040153,0.045984,0.022251,0.000204,0.020597,0.019918,0.042284,10,0.027678
volatility_20d,2022-05-12,-0.026734,160,0.019147,0.029038,0.0172,0.038773,0.035763,0.018231,0.011771,0.031504,0.006703,0.029032,10,0.009885
volatility_20d,2022-05-13,0.018891,160,0.016509,0.0172,0.010766,0.050273,0.040596,0.019585,0.01097,0.05317,0.014967,0.022072,10,0.005563
volatility_20d,2022-05-16,0.015203,160,-0.016627,-0.007575,0.009244,0.015799,-0.006068,0.007156,-0.005151,-0.001136,0.001586,0.000943,10,0.01757
volatility_20d,2022-05-17,0.013128,160,-0.015865,0.016642,0.008253,0.019186,-0.004671,0.01719,-0.011204,0.01154,0.010564,0.000748,10,0.016614
volatility_20d,2022-05-18,0.030476,160,0.001211,-0.001634,-0.002599,0.017741,0.020987,-0.008311,0.0076,0.010118,0.014567,0.004404,10,0.003193
volatility_20d,2022-05-19,0.000475,160,-0.009492,-0.013842,-0.029646,0.019938,-0.005559,0.002266,-0.029778,0.000637,0.000409,-0.01907,10,-0.009577
volatility_20d,2022-05-20,0.033189,160,-0.020331,-0.007182,-0.014644,-0.014714,0.006661,-0.008885,-0.014761,-0.011273,-0.001155,-0.014264,10,0.006067
volatility_20d,2022-05-23,-0.011385,160,-0.038936,-0.030695,-0.054235,-0.028949,-0.030488,-0.028116,-0.035819,-0.045461,-0.017435,-0.052615,10,-0.013678
volatility_20d,2022-05-24,-0.084586,160,-0.013822,-0.041802,-0.04312,-0.003282,-0.054888,-0.022445,-0.043047,-0.028863,-0.044686,-0.032888,10,-0.019066
volatility_20d,2022-05-25,-0.025923,160,-0.011772,-0.048237,-0.018248,-0.019115,-0.046089,-0.008791,-0.026675,-0.029602,-0.009441,-0.043937,10,-0.032165
volatility_20d,2022-05-26,-0.061675,160,0.001138,-0.023191,-0.020993,-0.030181,0.004053,-0.028749,-0.00344,-0.027109,-0.012845,-0.024508,10,-0.025645
volatility_20d,2022-05-27,-0.107922,160,0.001396,-0.032982,-0.007086,-0.02814,-0.001699,-0.010917,-0.024249,-0.023866,-0.025318,-0.035504,10,-0.0369
volatility_20d,2022-05-30,-0.065768,160,0.008208,-0.006756,-0.005298,-0.022075,-0.000694,-0.019991,-0.012643,-0.029757,-0.009165,-0.009049,10,-0.017257
volatility_20d,2022-05-31,-0.118118,160,0.025225,-0.012336,0.015159,-0.022397,0.003029,-0.021877,-0.011768,-0.004942,-0.004012,-0.009466,10,-0.034691
volatility_20d,2022-06-01,-0.094009,160,0.032802,0.001201,0.005507,-0.007531,-0.0039,-0.016145,-0.003242,-0.002761,-0.01425,0.013225,10,-0.019577
volatility_20d,2022-06-02,-0.06467,160,0.023037,0.044614,0.003452,0.013667,-0.007209,0.031506,0.007488,0.019286,0.009028,0.018953,10,-0.004084
volatility_20d,2022-06-03,-0.121657,160,0.065096,0.047259,0.032142,0.035447,0.026255,0.011126,0.033717,0.018203,0.033838,0.039745,10,-0.025352
volatility_20d,2022-06-06,-0.053299,160,0.090566,0.071419,0.045458,0.043574,0.048575,0.02587,0.06335,0.070294,0.053786,0.056408,10,-0.034158
volatility_20d,2022-06-07,-0.096051,160,0.08581,0.060881,0.038981,0.047028,0.036627,0.046796,0.03464,0.04745,0.057396,0.043911,10,-0.041899
volatility_20d,2022-06-08,-0.14903,160,0.04088,0.083415,0.023232,0.007106,0.023106,0.011444,0.04756,0.004353,0.036432,0.021882,10,-0.018999
volatility_20d,2022-06-09,-0.149824,160,0.032025,0.02626,0.021101,-0.008627,0.029148,0.018059,-0.03051,0.027305,0.006545,0.000913,10,-0.031112
volatility_20d,2022-06-10,-0.151169,160,0.03527,-0.000119,0.01845,-0.006034,-0.008796,0.005874,-0.000574,-0.00453,0.006576,-0.0112,10,-0.046469
volatility_20d,2022-06-13,-0.102572,160,0.014258,0.035564,0.009939,-0.006888,-0.003396,1.7e-05,0.007207,0.010311,-0.006475,0.001256,10,-0.013002
volatility_20d,2022-06-14,-0.093094,160,-0.004405,0.032374,0.023815,-0.020109,-0.006917,-0.003658,0.002015,-0.006238,0.006183,-0.00789,10,-0.003485
volatility_20d,2022-06-15,-0.086174,160,-0.006381,-0.003297,0.016347,-0.027195,-0.014117,-0.008552,-0.025277,-0.002313,-0.035567,-0.000825,10,0.005556
volatility_20d,2022-06-16,-0.083602,160,0.006839,-0.001732,-0.017568,0.009538,-0.021964,-0.033306,-0.012052,0.010764,-0.041462,-0.002061,10,-0.0089
volatility_20d,2022-06-17,0.005148,160,0.00291,-0.007131,-0.019623,0.006272,-0.027348,-0.034936,-0.020458,0.00279,-0.024068,0.005134,10,0.002225
volatility_20d,2022-06-20,-0.009994,160,0.008586,-0.014946,-0.015352,-0.01601,-0.015705,-0.02121,-0.012242,-0.000674,-0.022187,-0.010486,10,-0.019072
volatility_20d,2022-06-21,-0.110055,160,0.00237,-0.025202,-0.020305,-0.005509,-0.022053,-0.038374,-0.011877,-0.030512,-0.036659,-0.02027,10,-0.022639
volatility_20d,2022-06-22,-0.012879,160,0.001235,-0.02461,-0.017019,-0.009424,-0.016946,-0.018823,-0.033882,0.009114,-0.039793,-0.011539,10,-0.012774
volatility_20d,2022-06-23,0.018997,160,0.012101,0.000848,-0.029784,0.005296,0.017189,-0.006247,-0.008501,0.013239,-0.016708,0.001695,10,-0.010406
volatility_20d,2022-06-24,0.016287,160,0.028331,-0.008048,0.001726,0.008053,0.030236,0.000722,0.004449,0.015783,-0.008111,0.008482,10,-0.019848
volatility_20d,2022-06-27,-0.045793,160,0.02656,0.000166,0.005792,0.014993,0.033221,0.048647,-0.004858,0.006465,0.007459,0.000327,10,-0.026233
volatility_20d,2022-06-28,-0.126626,160,0.0324,0.01484,-0.000942,0.033342,0.023942,0.029207,0.018337,-0.014354,0.013137,0.003896,10,-0.028504
volatility_20d,2022-06-29,-0.131484,160,0.029871,0.014022,0.012063,0.015316,0.021929,0.020382,0.022454,-0.007501,-0.00259,0.00214,10,-0.027732
volatility_20d,2022-06-30,-0.128864,160,0.025458,0.001228,0.002524,0.027712,0.016342,0.010993,0.01974,0.004135,-0.014788,-0.008569,10,-0.034028
volatility_20d,2022-07-01,-0.098579,160,-0.00072,0.003034,-0.007605,0.002294,0.010775,-0.015296,-0.003768,-0.012911,-0.015669,-0.019782,10,-0.019061
volatility_20d,2022-07-04,-0.074203,160,-0.011995,-0.042858,-0.02562,-0.038505,-0.012779,-0.027409,-0.048945,-0.042172,-0.04389,-0.038447,10,-0.026452
volatility_20d,2022-07-05,-0.067927,160,-0.00588,-0.011854,-0.04467,-0.027811,-0.005149,-0.029182,-0.045121,-0.031712,-0.023371,-0.030985,10,-0.025106
volatility_20d,2022-07-06,-0.025217,160,0.012617,-0.003243,-0.012638,-0.030842,-0.002556,-0.014133,-0.040872,-0.014679,0.014517,-0.008811,10,-0.021428
volatility_20d,2022-07-07,0.019375,160,-0.011456,-0.014569,-0.008602,-0.042638,-0.02074,-0.044942,0.016517,-0.012185,-0.019209,-0.021404,10,-0.009948
volatility_20d,2022-07-08,-0.056056,160,-0.001891,-0.008809,0.009171,-0.024519,-0.018649,-0.019644,-0.008066,-0.010721,-0.019747,-0.01723,10,-0.015339
volatility_20d,2022-07-11,-0.096197,160,0.000148,-0.008556,-0.014767,-0.027508,-0.01843,-0.004742,-0.022741,0.002214,-0.030507,-0.029138,10,-0.029285
volatility_20d,2022-07-12,-0.01394,160,0.00083,-0.009816,-0.013345,-0.034846,0.000784,-0.008326,-0.002675,-0.004421,-0.004999,-0.015136,10,-0.015965
volatility_20d,2022-07-13,0.069826,160,0.010715,0.009999,0.000262,0.003555,0.007413,0.017979,0.022272,0.000874,0.012179,0.027218,10,0.016503
volatility_20d,2022-07-14,0.059123,160,0.002533,0.00581,-0.008209,-0.018214,0.016387,0.023413,-0.00421,0.002866,0.005727,0.011927,10,0.009394
volatility_20d,2022-07-15,0.009074,160,0.016529,0.007341,-0.028654,0.003725,0.015157,0.015971,-0.000893,-0.004371,0.007744,0.006158,10,-0.010371
volatility_20d,2022-07-18,0.080751,160,0.011405,0.006438,0.001574,-0.005242,0.034909,0.013677,0.003563,0.03941,0.000674,0.022294,10,0.010889
volatility_20d,2022-07-19,0.162917,160,0.012943,-0.011176,0.034815,0.010305,0.035967,0.016076,0.016089,0.037982,0.021971,0.04137,10,0.028427
volatility_20d,2022-07-20,0.073717,160,0.040079,0.029716,0.01555,0.067193,0.043602,0.051384,0.040238,0.043517,0.0185,0.064031,10,0.023952
volatility_20d,2022-07-21,0.049733,160,0.028177,0.025582,0.013483,0.051009,0.04511,0.044586,0.019851,0.035938,0.003464,0.064146,10,0.035969
volatility_20d,2022-07-22,0.076644,160,0.02062,0.016843,0.012728,0.063426,0.038857,0.019577,0.031021,0.011909,0.03019,0.056858,10,0.036237
volatility_20d,2022-07-25,0.154456,160,0.014152,0.002483,0.008082,0.017068,0.039994,0.012173,0.026549,-0.001349,0.016147,0.077148,10,0.062995
volatility_20d,2022-07-26,0.131188,160,0.026116,-0.017685,0.031899,0.021694,0.033474,0.006173,0.005554,0.028249,0.026848,0.053275,10,0.027159
volatility_20d,2022-07-27,0.074953,160,0.019961,-0.010289,0.027746,0.013923,0.032079,-0.018005,0.016413,0.002746,0.00877,0.045582,10,0.025621
volatility_20d,2022-07-28,0.100832,160,0.016243,0.007443,0.038601,0.053974,0.032955,-0.002561,0.031793,0.041848,0.01183,0.05914,10,0.042897
volatility_20d,2022-07-29,0.137484,160,0.027574,0.024859,0.047134,0.06093,0.052825,0.021664,0.050969,0.047235,0.038163,0.086606,10,0.059032
volatility_20d,2021-02-01,-0.086558,160,0.058243,0.059205,0.060115,0.05272,0.057576,0.090566,0.039625,0.071596,0.047964,0.023971,20,-0.034271
volatility_20d,2021-02-02,-0.080212,160,0.061837,0.030554,0.064964,0.043948,0.04632,0.057956,0.048444,0.037306,0.006257,0.044087,20,-0.01775
volatility_20d,2021-02-03,-0.019794,160,0.033831,0.062152,0.007377,0.045492,-0.000478,0.059232,0.057607,0.02642,0.009559,0.031439,20,-0.002393
volatility_20d,2021-02-04,-0.056059,160,0.08051,0.06353,0.045913,0.035541,0.016217,0.068392,0.077655,0.02784,0.036322,0.046496,20,-0.034014
volatility_20d,2021-02-05,-0.019577,160,0.058368,0.045663,0.038483,0.053301,0.043427,0.065898,0.076056,0.035684,0.053062,0.031285,20,-0.027083
volatility_20d,2021-02-08,-0.01522,160,0.020804,0.062131,0.014068,0.029317,0.075123,0.081236,0.008926,0.057272,0.023073,0.031098,20,0.010294
volatility_20d,2021-02-09,-0.000475,160,0.087066,0.038413,0.022862,0.072659,0.083573,0.106169,0.096313,0.075566,0.040224,0.055257,20,-0.031809
volatility_20d,2021-02-10,0.072712,160,0.03676,0.007322,0.022712,0.100898,0.041979,0.019064,0.056028,0.059438,0.043762,0.048516,20,0.011756
volatility_20d,2021-02-11,0.091805,160,0.066515,0.047438,0.077359,0.110753,0.053521,0.085888,0.060682,0.086545,0.136262,0.060407,20,-0.006108
volatility_20d,2021-02-12,0.124279,160,0.095265,0.07507,0.098529,0.100403,0.096945,0.106308,0.064889,0.144417,0.146885,0.091516,20,-0.003749
volatility_20d,2021-02-15,0.081372,160,0.128258,0.107168,0.14538,0.100202,0.156293,0.110536,0.093109,0.165775,0.151072,0.131665,20,0.003407
volatility_20d,2021-02-16,0.068276,160,0.111278,0.107685,0.137942,0.096014,0.119985,0.133538,0.115939,0.125215,0.159799,0.123259,20,0.011981
volatility_20d,2021-02-17,0.074347,160,0.091093,0.106082,0.114702,0.095346,0.094391,0.083733,0.171135,0.088224,0.141247,0.113026,20,0.021933
volatility_20d,2021-02-18,0.078059,160,0.07699,0.094751,0.121328,0.097963,0.15424,0.066804,0.143402,0.12978,0.114796,0.103027,20,0.026037
volatility_20d,2021-02-19,0.044844,160,0.117612,0.090913,0.092223,0.120436,0.10215,0.142995,0.125744,0.118276,0.135455,0.103211,20,-0.014401
volatility_20d,2021-02-22,0.035404,160,0.110199,0.085795,0.11207,0.089506,0.088733,0.093906,0.118922,0.121287,0.110517,0.10423,20,-0.005969
volatility_20d,2021-02-23,0.044269,160,0.116206,0.075279,0.114367,0.100898,0.111358,0.097154,0.104706,0.128108,0.105825,0.111447,20,-0.004759
volatility_20d,2021-02-24,0.067341,160,0.111155,0.095562,0.108774,0.109077,0.118099,0.103353,0.136695,0.125386,0.113855,0.122535,20,0.01138
volatility_20d,2021-02-25,0.113653,160,0.112661,0.117902,0.123475,0.061462,0.158074,0.097097,0.148891,0.141461,0.143102,0.12508,20,0.012419
volatility_20d,2021-02-26,0.133414,160,0.067584,0.140582,0.110433,0.092228,0.088911,0.09499,0.158229,0.14786,0.113906,0.123554,20,0.05597
volatility_20d,2021-03-01,0.076204,160,0.056233,0.153468,0.101287,0.085917,0.083697,0.105714,0.129279,0.12651,0.114001,0.099382,20,0.043149
volatility_20d,2021-03-02,0.057705,160,0.052922,0.166729,0.086742,0.087862,0.082028,0.100099,0.11808,0.091712,0.106653,0.122189,20,0.069267
volatility_20d,2021-03-03,-0.009068,160,0.086185,0.127736,0.114333,0.094293,0.083779,0.067249,0.11322,0.131015,0.092251,0.106781,20,0.020597
volatility_20d,2021-03-04,0.014403,160,0.072246,0.093973,0.088984,0.047996,0.076552,0.038139,0.055841,0.082058,0.077457,0.094688,20,0.022441
volatility_20d,2021-03-05,-0.032371,160,0.068369,0.077497,0.060247,0.045802,0.053638,0.026503,0.068574,0.050606,0.070291,0.061702,20,-0.006668
volatility_20d,2021-03-08,-0.093859,160,0.102129,0.056979,0.096512,0.067124,0.021615,0.076022,0.041968,0.053714,0.092831,0.051702,20,-0.050427
volatility_20d,2021-03-09,-0.077361,160,0.042333,0.040475,0.061455,0.038225,0.035829,0.055198,0.018237,0.034979,0.044895,0.026998,20,-0.015336
volatility_20d,2021-03-10,-0.087314,160,0.046091,0.074351,0.063358,0.062446,0.066747,0.032349,0.032944,0.024504,0.080834,0.035552,20,-0.010539
volatility_20d,2021-03-11,-0.11793,160,0.017031,0.026646,0.032647,0.02476,0.000756,0.035662,0.016888,0.010046,0.009456,-0.007541,20,-0.024572
volatility_20d,2021-03-12,-0.115836,160,0.002094,-0.015601,0.007093,0.006783,0.00419,0.005484,0.004032,-0.003701,-0.032615,-0.028175,20,-0.030269
volatility_20d,2021-03-15,-0.155414,160,-0.010976,-0.035703,-0.06081,0.00553,-0.043671,-0.002704,-0.042162,-0.056143,-0.033367,-0.071908,20,-0.060932
volatility_20d,2021-03-16,-0.099927,160,-0.052633,-0.02245,-0.045681,-0.022408,-0.0757,-0.046798,-0.033285,-0.041009,-0.030242,-0.085959,20,-0.033326
volatility_20d,2021-03-17,-0.055244,160,-0.020934,-0.014455,-0.019343,-0.016769,-0.027228,-0.041618,0.005742,-0.028471,-0.029882,-0.03008,20,-0.009146
volatility_20d,2021-03-18,-0.039177,160,-0.046055,-0.016774,-0.024474,-0.030991,-0.072187,-0.041658,-0.014231,-0.036359,-0.034293,-0.048785,20,-0.002729
volatility_20d,2021-03-19,-0.033069,160,-0.02992,-0.00097,-0.020156,-0.053533,-0.025822,-0.042607,0.022202,-0.030741,-0.004005,-0.053029,20,-0.023108
volatility_20d,2021-03-22,-0.067435,160,-0.017898,-0.004661,-0.02114,0.001891,-0.045304,-0.02304,0.036939,-0.046416,0.006255,-0.051803,20,-0.033904
volatility_20d,2021-03-23,-0.022208,160,-0.007706,-0.027117,0.008415,-0.034419,-0.01845,-0.015928,0.002569,-0.027725,-0.010417,-0.026601,20,-0.018895
volatility_20d,2021-03-24,0.006741,160,-0.030407,-0.025048,-0.023454,-0.025779,-0.037714,-0.0479,0.024313,-0.025924,-0.025173,-0.038309,20,-0.007902
volatility_20d,2021-03-25,0.039804,160,-0.033273,-0.04162,-0.033509,-0.019215,-0.009148,-0.066171,0.002106,-0.036348,-0.03782,-0.012665,20,0.020609
volatility_20d,2021-03-26,0.0796,160,-0.040744,-0.036439,-0.040965,-0.005464,-0.033522,-0.063206,0.017965,-0.037074,-0.031739,-0.016829,20,0.023914
volatility_20d,2021-03-29,0.019419,160,-0.025226,-0.008374,0.049569,-0.038978,-0.035212,-0.018261,-0.033798,0.005628,-0.006363,0.000185,20,0.025411
volatility_20d,2021-03-30,0.003624,160,-0.019103,-0.016534,0.013085,-0.008048,-0.015777,0.008064,-0.035484,-0.011438,0.006668,-0.02318,20,-0.004077
volatility_20d,2021-03-31,0.018159,160,-0.010738,0.004522,0.002756,-0.014078,0.01265,-0.006079,0.011439,-0.010625,0.023748,-0.008406,20,0.002332
volatility_20d,2021-04-01,-0.003976,160,-0.007649,-0.013391,0.04796,0.053173,0.026481,0.004671,0.019645,-0.00348,0.019563,0.015361,20,0.02301
volatility_20d,2021-04-02,-0.03671,160,-0.013166,0.059763,0.055763,0.057615,0.019396,0.012931,0.004801,0.031361,0.002469,0.034539,20,0.047705
volatility_20d,2021-04-05,0.018619,160,-0.023004,-0.015356,0.020741,0.005922,0.025118,0.009468,-0.002625,-0.02088,-0.002419,0.003973,20,0.026977
volatility_20d,2021-04-06,-0.03236,160,-0.016637,0.019593,-0.028896,-0.003022,0.078012,-0.03315,-0.003694,-0.017877,0.009462,-0.014912,20,0.001725
volatility_20d,2021-04-07,-0.085949,160,-0.016959,0.036947,0.0182,-0.036236,-0.003255,0.017724,-0.01358,-0.063871,-0.016028,0.016603,20,0.033561
volatility_20d,2021-04-08,-0.020526,160,-0.00866,0.027619,-0.000367,-0.037225,0.024591,0.010988,-0.034351,0.029934,-0.008588,-0.01621,20,-0.00755
volatility_20d,2021-04-09,0.024139,160,-0.003415,-0.011167,-0.008696,0.032603,0.011064,-0.020827,-0.005592,0.009531,0.042594,-0.037789,20,-0.034374
volatility_20d,2021-04-12,0.061151,160,0.002748,0.031605,-0.02909,0.062381,0.020637,0.06141,0.023754,0.011764,0.028157,0.014872,20,0.012125
volatility_20d,2021-04-13,0.03245,160,-0.000538,0.005422,0.006631,0.042671,-0.013615,0.02453,0.011273,-0.003387,0.039047,0.010379,20,0.010917
volatility_20d,2021-04-14,0.030332,160,-0.027655,-0.05035,-0.021458,-0.007762,-0.039338,0.007967,-0.005705,-0.025105,-0.043235,-0.016564,20,0.011091
volatility_20d,2021-04-15,0.045778,160,-0.047837,-0.021291,-0.013136,-0.051152,-0.009172,-0.042335,-0.025798,-0.049193,-0.016884,-0.014878,20,0.032959
volatility_20d,2021-04-16,0.048063,160,-0.040127,-0.048443,-0.028347,-0.068332,-0.028118,-0.020642,-0.047643,-0.055625,-0.028625,-0.019821,20,0.020306
volatility_20d,2021-04-19,0.088905,160,-0.044717,-0.033868,-0.022136,-0.044004,0.004417,-0.052692,-0.024194,-0.039041,0.006497,-0.025088,20,0.019628
volatility_20d,2021-04-20,0.026034,160,-0.018481,-0.043719,-0.043275,-0.023097,-0.015332,-0.02258,-0.046157,-0.015546,-0.022218,-0.029531,20,-0.01105
volatility_20d,2021-04-21,-0.029272,160,-0.011073,0.002828,-0.051885,-0.006848,-0.014343,-0.037899,-0.014556,-0.011492,-0.006458,-0.032612,20,-0.021539
volatility_20d,2021-04-22,-0.013835,160,-0.020514,-0.037986,-0.035967,-0.040925,-0.04087,-0.07949,-0.040823,-0.015905,-0.030126,-0.038501,20,-0.017987
volatility_20d,2021-04-23,-0.014977,160,-0.038003,-0.010024,-0.054396,-0.035223,-0.044733,-0.09506,-0.070374,-0.00987,-0.027449,-0.054027,20,-0.016023
volatility_20d,2021-04-26,0.04526,160,-0.058708,-0.067316,-0.09421,-0.066407,-0.077995,-0.099518,-0.050691,-0.085122,-0.054353,-0.052064,20,0.006644
volatility_20d,2021-04-27,0.028287,160,-0.037197,-0.059834,-0.080363,-0.086859,-0.084917,-0.053772,-0.082511,-0.061056,-0.051334,-0.04824,20,-0.011044
volatility_20d,2021-04-28,0.043235,160,-0.024607,-0.052251,-0.06705,-0.105512,-0.064926,-0.061469,-0.055777,-0.067005,-0.044733,-0.031473,20,-0.006866
volatility_20d,2021-04-29,0.045394,160,-0.046292,-0.074222,-0.059232,-0.065895,-0.077612,-0.078346,-0.065246,-0.061232,-0.048271,-0.042379,20,0.003913
volatility_20d,2021-04-30,0.130441,160,-0.049644,-0.070931,-0.070387,-0.040203,-0.077797,-0.058697,-0.054679,-0.014773,-0.053583,-0.029962,20,0.019682
volatility_20d,2021-05-03,0.122322,160,-0.051865,-0.056012,-0.059737,-0.008791,-0.056192,-0.014621,-0.049479,-0.04825,0.007243,-0.029113,20,0.022752
volatility_20d,2021-05-04,0.125841,160,-0.035942,-0.072669,-0.045749,-0.01419,-0.025635,0.007659,-0.032524,-0.062576,0.004176,-0.018906,20,0.017036
volatility_20d,2021-05-05,0.188975,160,-0.051391,-0.055274,-0.043773,-0.015843,0.002642,-0.010733,-0.031013,-0.033132,-0.005027,-0.003323,20,0.048069
volatility_20d,2021-05-06,0.119055,160,-0.035903,-0.020639,-0.03584,-0.008691,0.007056,-0.006804,-0.017702,-0.030977,0.001988,0.002853,20,0.038756
volatility_20d,2021-05-07,0.101857,160,-0.016342,-0.035707,-0.028177,0.016942,0.012821,0.001159,-0.066155,-0.002377,0.024996,-0.00012,20,0.016221
volatility_20d,2021-05-10,0.193666,160,-0.035884,-0.05282,-0.027012,-0.04284,0.012264,0.010967,-0.057136,-0.011251,-0.012176,0.015123,20,0.051007
volatility_20d,2021-05-11,0.13369,160,-0.04977,-0.049919,-0.029424,-0.013486,-0.002162,-0.038579,-0.003915,-0.026648,-0.031825,-0.002106,20,0.047664
volatility_20d,2021-05-12,0.088878,160,-0.014906,-0.043725,-0.005273,0.041736,-0.022781,-0.0284,-0.004331,-0.015802,0.001137,0.001407,20,0.016313
volatility_20d,2021-05-13,0.1189,160,-0.022621,-0.003547,0.005575,0.013161,0.006045,-0.01425,-0.008338,-0.006553,0.013718,0.017523,20,0.040144
volatility_20d,2021-05-14,0.09247,160,-0.010628,-0.008526,0.006405,-0.013362,-0.006693,0.008615,0.004699,-0.001946,0.000795,0.01414,20,0.024769
volatility_20d,2021-05-17,0.043519,160,-0.015812,0.005721,0.015218,-0.012471,0.009403,-0.0064,-0.012311,0.017652,-0.001407,-0.005103,20,0.010709
volatility_20d,2021-05-18,-0.018613,160,0.001985,-0.014216,0.004522,-0.031356,0.01218,-0.023412,-0.007532,-0.044519,0.012635,-0.024835,20,-0.02682
volatility_20d,2021-05-19,0.022015,160,-0.005119,-0.001506,-0.015375,-0.021644,0.007252,-0.002896,0.00086,-0.027762,0.002365,-0.017076,20,-0.011957
volatility_20d,2021-05-20,0.034173,160,-0.009732,0.022516,0.005455,0.018212,0.017601,0.010296,0.026552,0.005803,0.03583,-0.01214,20,-0.002408
volatility_20d,2021-05-21,0.026017,160,0.023982,0.035991,0.016347,0.000844,0.021997,0.046291,0.01726,0.040252,0.050085,0.003711,20,-0.02027
volatility_20d,2021-05-24,0.035166,160,0.026435,0.092422,0.043375,0.03392,0.035423,0.082067,0.048861,0.083595,0.04222,0.061648,20,0.035213
volatility_20d,2021-05-25,0.034416,160,0.027403,0.065503,0.067283,0.032604,0.062705,0.047724,0.044576,0.065059,0.058192,0.056214,20,0.028811
volatility_20d,2021-05-26,0.036743,160,0.015687,0.023665,0.024743,0.067457,0.012577,0.059244,0.045922,0.039762,0.015341,0.040732,20,0.025045
volatility_20d,2021-05-27,0.041184,160,0.035503,0.038493,0.031403,0.051158,0.037222,0.037533,0.088827,0.05255,0.033649,0.046397,20,0.010894
volatility_20d,2021-05-28,0.03386,160,0.016598,0.049669,0.048011,0.033306,0.052044,0.054468,0.020335,0.050619,0.034009,0.041186,20,0.024588
volatility_20d,2021-05-31,0.082304,160,0.031475,0.012123,0.070503,0.07136,0.054336,0.083192,0.039681,0.026312,0.045272,0.064037,20,0.032562
volatility_20d,2021-06-01,0.07239,160,0.034907,0.040682,0.005361,0.05935,0.111976,0.050223,0.038045,0.042252,0.049267,0.061292,20,0.026385
volatility_20d,2021-06-02,0.070725,160,0.039098,0.045423,0.0313,0.079243,0.100156,0.049282,0.079923,0.055991,0.052661,0.070928,20,0.03183
volatility_20d,2021-06-03,0.105426,160,0.031594,0.030597,0.036628,0.072012,0.063592,0.068609,0.068844,0.048152,0.050833,0.07578,20,0.044186
volatility_20d,2021-06-04,0.107875,160,0.030065,0.009638,0.025167,0.037068,0.008651,0.025621,0.03368,0.03551,0.061793,0.040212,20,0.010147
volatility_20d,2021-06-07,0.100486,160,0.034076,0.000138,0.00071,0.027899,0.001959,0.009032,0.022812,0.041247,0.030537,0.038427,20,0.004351
volatility_20d,2021-06-08,0.015086,160,0.043756,-0.005197,0.020149,0.04184,0.043178,0.048468,0.019337,0.047545,0.036483,0.018821,20,-0.024935
volatility_20d,2021-06-09,0.092989,160,0.037166,0.029536,0.026027,0.033467,0.016645,0.054607,0.04826,0.0474,0.050782,0.045781,20,0.008616
volatility_20d,2021-06-10,0.033291,160,0.017472,0.022191,0.028855,0.030105,0.043975,0.019315,0.025805,0.027553,0.030075,0.031392,20,0.01392
volatility_20d,2021-06-11,-0.024074,160,0.018672,0.005605,0.055617,0.035521,0.021772,0.003463,0.056748,0.026586,0.004999,0.016787,20,-0.001885
volatility_20d,2021-06-14,-0.098541,160,0.021799,0.039125,0.048532,0.031455,0.021193,0.022884,0.019283,0.042398,0.01304,-0.002522,20,-0.02432
volatility_20d,2021-06-15,-0.089174,160,0.037863,0.059225,0.074653,0.040296,0.025056,0.059608,0.061122,0.022681,0.037666,0.035311,20,-0.002552
volatility_20d,2021-06-16,-0.079069,160,0.060229,0.085704,0.029036,0.076912,0.044664,0.058156,0.068851,0.073574,0.026669,0.037542,20,-0.022686
volatility_20d,2021-06-17,-0.12052,160,0.066476,0.040202,0.035309,0.050685,0.045486,-0.006933,0.088107,0.011197,0.028653,0.012937,20,-0.053539
volatility_20d,2021-06-18,-0.115056,160,0.009796,0.050329,0.022462,-0.01525,0.026357,0.020239,0.008406,0.006139,-0.012688,-0.007773,20,-0.017569
volatility_20d,2021-06-21,-0.118288,160,0.005667,0.013041,0.040308,0.026609,0.014944,0.037958,0.014494,0.00228,-0.01214,-0.0159,20,-0.021567
volatility_20d,2021-06-22,-0.09008,160,-0.024863,0.06002,0.004429,-0.017935,0.024875,0.007571,0.003405,-0.019167,-0.018702,-0.007862,20,0.017001
volatility_20d,2021-06-23,-0.101102,160,-0.003035,0.054292,0.011758,0.026949,0.011396,0.012025,-0.008998,0.020095,-0.014388,-0.001192,20,0.001844
volatility_20d,2021-06-24,-0.09584,160,0.007386,0.043869,0.002431,-0.01325,0.012781,0.0228,-0.005621,0.010195,-0.031126,-0.005533,20,-0.01292
volatility_20d,2021-06-25,-0.086382,160,0.005662,0.003637,-0.029395,-0.011058,0.023016,-0.004126,0.024071,-0.055054,-0.042738,-0.021932,20,-0.027594
volatility_20d,2021-06-28,-0.008713,160,0.021695,-0.00785,-0.029406,-0.035085,0.004554,0.00097,0.004376,-0.039063,-0.017736,-0.006242,20,-0.027937
volatility_20d,2021-06-29,0.003481,160,0.015636,-0.005781,0.014815,-0.023128,0.000651,0.004495,0.015916,-0.028044,-0.01244,0.020399,20,0.004763
volatility_20d,2021-06-30,0.020734,160,-0.012603,0.008748,-0.018212,-0.01991,0.025274,-0.007696,0.000181,-0.034664,-0.033916,0.024489,20,0.037092
volatility_20d,2021-07-01,0.040323,160,-0.000711,0.001927,-0.019112,-0.019473,0.003679,0.008539,0.002564,-0.012682,-0.026526,0.015458,20,0.016169
volatility_20d,2021-07-02,0.065241,160,0.014607,-0.020412,0.014655,0.01386,0.000894,0.011314,0.007876,0.011597,0.00278,0.015562,20,0.000955
volatility_20d,2021-07-05,0.099435,160,0.014841,0.014864,-0.022086,0.01947,0.017751,0.001303,0.021995,0.029712,0.033905,0.008686,20,-0.006155
volatility_20d,2021-07-06,0.111001,160,0.009868,0.019649,-0.008056,0.005571,0.042175,0.005931,0.030317,0.005979,0.06329,0.013816,20,0.003948
volatility_20d,2021-07-07,0.101732,160,0.002713,0.012945,-0.023972,0.022917,0.005391,-0.001864,0.017293,0.029292,0.036465,0.006712,20,0.003998
volatility_20d,2021-07-08,0.086283,160,0.040732,-0.009531,0.00149,0.016291,0.009088,0.022668,0.012797,0.045486,0.000424,0.050333,20,0.0096
volatility_20d,2021-07-09,0.074561,160,0.044656,0.033473,-0.018129,0.017171,0.06677,-0.00742,0.008713,0.062968,0.022914,0.058644,20,0.013987
volatility_20d,2021-07-12,0.099194,160,0.004556,-0.01578,-0.036837,0.015238,0.003687,-0.031821,-0.015825,-0.014635,0.047022,0.007698,20,0.003142
volatility_20d,2021-07-13,0.085199,160,0.0006,-0.024206,-0.019664,-0.006726,-0.036502,-0.0354,-0.021583,-0.024076,0.031909,0.00344,20,0.00284
volatility_20d,2021-07-14,0.097079,160,-0.049978,-0.059308,-0.053789,-0.071353,-0.040284,-0.069762,-0.087242,-0.029088,-0.015022,-0.039387,20,0.010592
volatility_20d,2021-07-15,0.050337,160,-0.051577,-0.02109,-0.055627,-0.011542,-0.043889,-0.055564,-0.058852,-0.032228,-0.001721,-0.031871,20,0.019706
volatility_20d,2021-07-16,0.025542,160,0.011806,-0.028557,-0.041895,-0.00103,-0.021945,-0.015823,-0.006867,-0.010563,-0.008607,-0.005168,20,-0.016974
volatility_20d,2021-07-19,0.009572,160,-0.014926,-0.038332,-0.021435,-0.020798,-0.017131,-0.010399,-0.046356,-0.030953,-0.012863,-0.016468,20,-0.001542
volatility_20d,2021-07-20,-0.036962,160,0.012618,0.018308,0.00639,0.00973,0.035278,0.046278,-0.029275,0.012927,0.012017,0.005051,20,-0.007567
volatility_20d,2021-07-21,0.004553,160,0.023552,0.018817,0.000279,0.02175,0.042816,0.030745,0.012969,0.001733,0.024241,0.021336,20,-0.002215
volatility_20d,2021-07-22,0.002309,160,-0.001207,0.016977,-0.009626,0.001551,0.02074,0.031275,0.013948,-0.018091,-0.016899,0.026664,20,0.027871
volatility_20d,2021-07-23,0.021683,160,0.055034,0.028546,0.005265,0.035897,0.050914,0.08686,0.017562,0.031444,0.023704,0.045847,20,-0.009187
volatility_20d,2021-07-26,-0.044923,160,0.01727,0.032955,-0.008385,0.024542,0.025299,0.050105,0.007589,0.003822,0.010504,0.00433,20,-0.01294
volatility_20d,2021-07-27,-0.08006,160,0.018076,0.014767,0.022394,-0.001207,0.007291,0.048985,-0.009098,0.017116,-0.014753,0.003778,20,-0.014298
volatility_20d,2021-07-28,-0.063451,160,0.008598,0.014087,0.031101,0.015551,-0.022805,0.005735,0.015593,0.015363,-0.00878,0.000629,20,-0.00797
volatility_20d,2021-07-29,-0.066586,160,-0.002405,0.005328,0.00406,0.009339,-0.024397,0.004305,0.025349,0.003022,-0.019452,-0.013683,20,-0.011278
volatility_20d,2021-07-30,-0.026693,160,0.006677,0.010541,0.0286,0.014113,-0.003222,0.001581,0.022956,0.025028,-0.002006,-0.00759,20,-0.014267
volatility_20d,2021-08-02,0.028844,160,0.011153,-0.00065,0.034893,0.028088,0.036338,0.018403,0.040476,0.039969,0.02749,-0.007468,20,-0.018621
volatility_20d,2021-08-03,0.023632,160,0.015364,0.035975,0.034941,0.033419,0.047082,0.050796,0.003299,0.065074,0.03438,0.015351,20,-1.3e-05
volatility_20d,2021-08-04,0.016805,160,0.025852,0.02302,0.032044,0.034572,0.024286,0.061745,0.011115,0.037363,0.036611,0.015787,20,-0.010065
volatility_20d,2021-08-05,0.02176,160,0.022027,0.060201,0.072164,0.0489,0.052055,0.063658,0.086539,0.053381,0.025791,0.029838,20,0.007811
volatility_20d,2021-08-06,0.058602,160,-0.001428,0.029084,0.085288,0.032851,0.034542,0.058168,0.031027,0.042328,0.039957,0.033296,20,0.034724
volatility_20d,2021-08-09,0.031217,160,0.053905,0.028882,0.021757,0.036896,0.038133,0.063072,-0.001337,0.022319,0.073839,0.029464,20,-0.024442
volatility_20d,2021-08-10,0.045602,160,0.045504,0.053016,0.063779,0.043889,0.066367,0.058397,0.05785,0.078425,0.043504,0.06346,20,0.017957
volatility_20d,2021-08-11,0.133781,160,0.041677,0.054153,0.097299,0.04565,0.106382,0.106744,0.073897,0.089427,0.079913,0.079264,20,0.037588
volatility_20d,2021-08-12,0.124095,160,0.04601,0.036559,0.093689,0.059293,0.059163,0.088167,0.094111,0.097124,0.060899,0.084169,20,0.038159
volatility_20d,2021-08-13,0.144419,160,0.055479,0.05108,0.05902,0.1184,0.096239,0.086366,0.105742,0.116974,0.069127,0.099913,20,0.044434
volatility_20d,2021-08-16,0.145037,160,0.081944,0.074349,0.078714,0.07582,0.105234,0.064296,0.141837,0.126587,0.082374,0.111192,20,0.029247
volatility_20d,2021-08-17,0.143777,160,0.0647,0.065901,0.082109,0.027384,0.05144,0.089298,0.138355,0.065251,0.085275,0.099452,20,0.034751
volatility_20d,2021-08-18,0.108699,160,0.068644,0.081459,0.033488,0.092982,0.040101,0.088485,0.075411,0.073387,0.089224,0.091699,20,0.023055
volatility_20d,2021-08-19,0.065367,160,0.071771,0.075795,0.076779,0.060259,0.060892,0.113074,0.055301,0.071954,0.100534,0.08544,20,0.01367
volatility_20d,2021-08-20,0.095576,160,0.047653,0.037359,0.047568,0.054183,0.078443,0.077641,0.014256,0.060095,0.093495,0.06783,20,0.020177
volatility_20d,2021-08-23,0.132981,160,0.060366,0.067416,0.087986,0.045785,0.115061,0.045551,0.076695,0.112485,0.067662,0.117866,20,0.0575
volatility_20d,2021-08-24,0.090223,160,0.092684,0.056244,0.07559,0.072352,0.068492,0.088185,0.036563,0.106589,0.097506,0.106109,20,0.013425
volatility_20d,2021-08-25,0.057928,160,0.072983,0.042125,0.076768,0.092405,0.064889,0.070139,0.051696,0.120718,0.033083,0.095923,20,0.022939
volatility_20d,2021-08-26,0.012223,160,0.025703,0.077542,0.051781,0.047318,0.029859,0.056715,0.035768,0.053897,0.010541,0.073956,20,0.048253
volatility_20d,2021-08-27,-0.006243,160,0.029451,0.043669,0.078292,0.046391,0.006837,0.053132,0.04252,0.037756,0.031293,0.029304,20,-0.000147
volatility_20d,2021-08-30,0.033634,160,0.049499,0.028329,0.042367,0.005318,0.042792,0.058995,0.040868,0.020273,0.045782,0.038443,20,-0.011056
volatility_20d,2021-08-31,0.056862,160,0.02037,0.030389,0.02959,-0.001592,0.03733,0.046605,0.043134,0.014575,0.045239,0.017474,20,-0.002897
volatility_20d,2021-09-01,0.119984,160,0.043385,0.034546,0.021081,0.015602,0.04815,0.030893,0.043515,0.071968,0.041417,0.039816,20,-0.003568
volatility_20d,2021-09-02,0.064262,160,0.029932,0.035857,0.010561,0.004284,0.018248,0.036108,0.058735,0.047842,0.028144,0.021212,20,-0.008721
volatility_20d,2021-09-03,-0.007656,160,0.050369,0.006237,0.043031,0.038584,0.057084,0.040849,0.058203,0.027058,0.028786,0.034266,20,-0.016103
volatility_20d,2021-09-06,-0.009302,160,0.050134,0.008254,0.053801,0.068399,0.041499,0.026267,0.092961,0.005307,0.026817,0.044909,20,-0.005225
volatility_20d,2021-09-07,-0.003891,160,0.002459,0.00772,0.023557,0.052856,-0.010198,0.009598,0.023787,-0.010513,0.004449,0.01338,20,0.010921
volatility_20d,2021-09-08,-0.017081,160,0.003735,0.030258,0.008764,0.04452,0.065213,-0.010423,0.011079,0.014754,0.009839,0.010987,20,0.007253
volatility_20d,2021-09-09,-0.034566,160,0.006771,0.010943,0.049893,0.02758,0.037971,0.016269,-0.002082,0.026124,-0.013221,0.021565,20,0.014794
volatility_20d,2021-09-10,0.062806,160,-0.001369,-0.00046,-0.00764,-0.002666,0.031885,-0.019816,0.012944,-0.008223,-0.004768,0.01036,20,0.011729
volatility_20d,2021-09-13,-0.027561,160,-0.012916,-0.008287,-0.016804,0.000222,0.025074,-0.020446,0.005311,-0.035239,-0.005888,-0.019416,20,-0.0065
volatility_20d,2021-09-14,0.067567,160,-0.02128,-0.012142,-0.010565,-0.01695,-0.014826,0.00763,-0.01058,-0.016594,-0.005954,-0.004473,20,0.016807
volatility_20d,2021-09-15,0.049657,160,-0.02336,-0.018299,0.013486,-0.027235,-0.022972,-0.002994,-0.01951,-0.013836,-0.013899,-0.002853,20,0.020507
volatility_20d,2021-09-16,0.071086,160,-0.0057,-0.024204,0.018915,-0.000532,-0.002596,-0.020364,-0.028752,0.001398,0.02324,0.003435,20,0.009135
volatility_20d,2021-09-17,0.099739,160,-0.018094,-0.028823,0.022126,-0.004004,-0.017142,-0.03396,-0.004834,-0.0197,0.00344,0.016545,20,0.034639
volatility_20d,2021-09-20,0.103413,160,-0.026748,-0.016808,-0.008004,-6.8e-05,-0.022456,-0.030987,-0.019411,-0.010355,-0.002622,0.009854,20,0.036602
volatility_20d,2021-09-21,0.038735,160,-0.042277,-0.000932,-0.033499,-0.021188,-0.027179,-0.012939,-0.019236,-0.022974,-0.03646,-0.008182,20,0.034095
volatility_20d,2021-09-22,0.021566,160,-0.047195,0.016676,-0.014413,-0.01397,0.016486,-0.016263,-0.014117,-0.018581,-0.020244,-0.011961,20,0.035234
volatility_20d,2021-09-23,0.071508,160,-0.005228,0.037492,0.021808,0.039774,0.008484,0.041961,0.037047,-0.002816,0.044748,0.033312,20,0.03854
volatility_20d,2021-09-24,0.055783,160,-0.002513,0.026426,0.043646,0.028886,0.009052,0.009914,0.04509,0.020738,0.002452,0.045362,20,0.047875
volatility_20d,2021-09-27,0.06413,160,0.00308,0.023402,0.028454,-0.011802,0.022563,0.031525,0.021194,0.02177,0.002797,0.036127,20,0.033048
volatility_20d,2021-09-28,0.147782,160,0.015279,0.02455,0.013659,0.001062,0.005256,0.026107,0.026166,0.047213,0.018152,0.063657,20,0.048378
volatility_20d,2021-09-29,0.159331,160,0.020426,0.029265,0.003655,0.007226,0.012806,0.025401,0.013566,0.042878,0.021424,0.08032,20,0.059894
volatility_20d,2021-09-30,0.122129,160,-0.00123,0.022328,-0.038179,0.01182,0.009889,-0.005773,0.014086,0.040816,0.003549,0.040961,20,0.04219
volatility_20d,2021-10-01,0.086772,160,-0.015534,0.026332,-0.0426,0.0396,0.01362,-0.007622,-0.002458,0.028646,-0.005994,0.029687,20,0.045221
volatility_20d,2021-10-04,0.109595,160,0.005771,0.016353,0.030343,0.001929,0.003369,0.023727,0.036244,0.042909,0.01828,0.037889,20,0.032118
volatility_20d,2021-10-05,0.099985,160,0.040459,0.010438,0.006388,0.015631,0.023644,0.047263,0.044634,0.029713,0.068316,0.013381,20,-0.027078
volatility_20d,2021-10-06,0.055183,160,0.036434,0.018691,-0.012998,0.015506,0.02074,0.042699,0.040487,0.012663,0.035377,0.007957,20,-0.028477
volatility_20d,2021-10-07,0.038023,160,0.013293,0.006083,0.013081,-0.009906,-0.006946,0.015788,0.024234,0.004647,-0.003703,0.014724,20,0.001432
volatility_20d,2021-10-08,-0.009185,160,-0.002557,-0.010819,0.001951,-0.011358,-0.02551,0.031884,0.030645,-0.009186,-0.031766,-0.010137,20,-0.007581
volatility_20d,2021-10-11,-0.046672,160,-0.026099,-0.00051,-0.008033,-0.017502,-0.049237,-0.005769,-0.010413,-0.013139,-0.037063,-0.032085,20,-0.005986
volatility_20d,2021-10-12,-0.07943,160,-0.042783,0.024865,-0.039958,-0.022221,-0.051246,-0.050026,-0.028717,-0.017488,-0.033658,-0.054043,20,-0.01126
volatility_20d,2021-10-13,-0.061675,160,-0.020322,-0.046,-0.01115,-0.036023,-0.05825,-0.029344,-0.072387,-0.026775,-0.02697,-0.06282,20,-0.042498
volatility_20d,2021-10-14,-0.0636,160,-0.042456,-0.047814,0.001025,-0.051525,-0.060427,-0.055896,-0.043494,-0.044037,-0.048591,-0.050259,20,-0.007803
volatility_20d,2021-10-15,-0.001518,160,-0.028478,-0.053999,-0.03405,-0.041598,-0.050565,-0.044294,-0.05052,-0.028907,-0.071319,-0.031287,20,-0.002809
volatility_20d,2021-10-18,-0.024499,160,-0.041297,-0.063773,-0.044348,-0.043905,-0.066832,-0.043486,-0.066658,-0.027324,-0.096428,-0.038448,20,0.002849
volatility_20d,2021-10-19,-0.018449,160,-0.063668,-0.038859,-0.024826,-0.079696,-0.066591,-0.069536,-0.029052,-0.051208,-0.091377,-0.050595,20,0.013072
volatility_20d,2021-10-20,-0.022477,160,-0.058552,-0.057761,-0.056484,-0.100973,-0.070162,-0.075138,-0.064933,-0.058542,-0.105649,-0.06234,20,-0.003788
volatility_20d,2021-10-21,0.017954,160,-0.088044,-0.090695,-0.053956,-0.092513,-0.109476,-0.099058,-0.083968,-0.088418,-0.073888,-0.086258,20,0.001786
volatility_20d,2021-10-22,0.011746,160,-0.080694,-0.105704,-0.071143,-0.062211,-0.114335,-0.104991,-0.079919,-0.084484,-0.086129,-0.091812,20,-0.011119
volatility_20d,2021-10-25,0.069384,160,-0.084682,-0.109744,-0.093009,-0.065476,-0.087601,-0.087763,-0.080665,-0.090595,-0.085026,-0.075802,20,0.00888
volatility_20d,2021-10-26,0.016797,160,-0.054729,-0.12257,-0.07881,-0.06999,-0.056925,-0.062291,-0.107328,-0.075199,-0.067623,-0.079572,20,-0.024843
volatility_20d,2021-10-27,0.017655,160,-0.055715,-0.09738,-0.067574,-0.096738,-0.046131,-0.042256,-0.088097,-0.080648,-0.064147,-0.074074,20,-0.018359
volatility_20d,2021-10-28,0.026383,160,-0.039479,-0.057735,-0.029171,-0.073531,-0.056741,-0.040688,-0.013234,-0.063605,-0.038456,-0.05149,20,-0.012011
volatility_20d,2021-10-29,0.062947,160,-0.037901,-0.03036,-0.03075,-0.031656,-0.039573,-0.037245,-0.009442,-0.037224,-0.013738,-0.020379,20,0.017522
volatility_20d,2021-11-01,0.087206,160,-0.054533,-0.029832,-0.064555,-0.056605,-0.019174,-0.062976,-0.074002,-0.036391,-0.035562,-0.015617,20,0.038916
volatility_20d,2021-11-02,0.059689,160,-0.043103,-0.053325,-0.016422,-0.021424,-0.039951,-0.063095,-0.015931,-0.052118,-0.032039,-0.010574,20,0.032529
volatility_20d,2021-11-03,0.109267,160,-0.044134,-0.038025,-0.01537,-0.001332,-0.046192,-0.013352,-0.021045,-0.027168,-0.024785,0.003024,20,0.047158
volatility_20d,2021-11-04,0.122797,160,-0.038448,-0.022358,0.010972,0.002577,0.001112,-0.003503,-0.016233,-0.015785,-0.00633,0.019126,20,0.057573
volatility_20d,2021-11-05,0.085667,160,-0.010194,0.055709,0.025658,-0.003639,0.050983,0.030525,0.009381,0.01316,0.015764,0.058264,20,0.068458
volatility_20d,2021-11-08,0.175272,160,0.041884,0.052832,0.06947,0.055114,0.054781,0.06909,0.044523,0.053358,0.058888,0.128182,20,0.086298
volatility_20d,2021-11-09,0.173471,160,0.073984,0.084139,0.063978,0.086639,0.062158,0.078025,0.063369,0.06998,0.089989,0.148045,20,0.074061
volatility_20d,2021-11-10,0.199405,160,0.095704,0.062999,0.114567,0.055031,0.097658,0.057839,0.081721,0.097453,0.125389,0.151793,20,0.056089
volatility_20d,2021-11-11,0.212349,160,0.082825,0.066466,0.08368,0.054848,0.058905,0.101364,0.089573,0.082024,0.121365,0.131862,20,0.049037
volatility_20d,2021-11-12,0.20578,160,0.036163,0.083544,0.060204,0.070053,0.060892,0.065506,0.046504,0.086055,0.099293,0.131079,20,0.094917
volatility_20d,2021-11-15,0.167084,160,0.077212,0.079567,0.065428,0.051199,0.082125,0.078886,0.066036,0.097113,0.1033,0.12131,20,0.044099
volatility_20d,2021-11-16,0.159062,160,0.066913,0.084398,0.088002,0.097056,0.063175,0.098802,0.04551,0.100955,0.111678,0.132866,20,0.065953
volatility_20d,2021-11-17,0.184786,160,0.102645,0.051695,0.066176,0.057452,0.066418,0.099897,0.06311,0.098444,0.092451,0.135396,20,0.032751
volatility_20d,2021-11-18,0.149707,160,0.096126,0.082331,0.086607,0.059394,0.08222,0.098366,0.102721,0.091421,0.100929,0.136013,20,0.039887
volatility_20d,2021-11-19,0.116682,160,0.098289,0.082953,0.112375,0.079726,0.067785,0.068091,0.120516,0.114371,0.114034,0.116957,20,0.018668
volatility_20d,2021-11-22,0.161816,160,0.089573,0.070667,0.126431,0.124387,0.093016,0.069551,0.100863,0.17303,0.096032,0.140138,20,0.050565
volatility_20d,2021-11-23,0.181267,160,0.086271,0.055094,0.093023,0.06324,0.114216,0.095348,0.096701,0.106946,0.10884,0.125265,20,0.038993
volatility_20d,2021-11-24,0.125548,160,0.075479,0.072797,0.050043,0.096577,0.056683,0.076156,0.078617,0.050321,0.116241,0.109628,20,0.034149
volatility_20d,2021-11-25,0.152613,160,0.083274,0.023055,0.035236,0.058797,0.077872,0.045569,0.061632,0.06039,0.088168,0.092011,20,0.008736
volatility_20d,2021-11-26,0.112399,160,0.062408,0.028604,0.016327,0.036054,0.033711,0.047149,0.065658,0.063676,0.054271,0.064798,20,0.002389
volatility_20d,2021-11-29,0.091923,160,0.05449,0.031894,0.037416,0.017513,0.040454,0.047195,0.066125,0.088761,0.03288,0.063078,20,0.008588
volatility_20d,2021-11-30,0.036204,160,0.076616,0.039725,0.030832,0.022793,0.029469,0.084827,0.037093,0.047998,0.050213,0.069276,20,-0.00734
volatility_20d,2021-12-01,0.081484,160,0.05423,0.021326,0.068968,0.056012,0.055003,0.05518,0.091448,0.055479,0.073018,0.072208,20,0.017979
volatility_20d,2021-12-02,0.0658,160,0.066544,0.02545,0.078471,0.072739,0.046012,0.078166,0.089519,0.070506,0.063758,0.075708,20,0.009164
volatility_20d,2021-12-03,0.047565,160,0.015592,0.008341,0.042872,0.052654,0.01137,0.034967,0.062152,0.010304,0.067507,0.020428,20,0.004836
volatility_20d,2021-12-06,0.052842,160,-0.021137,-0.003227,0.000672,0.020077,0.039336,0.01148,0.006229,0.006936,0.018829,0.002636,20,0.023773
volatility_20d,2021-12-07,0.057298,160,-0.030367,-0.068245,-0.034379,0.018201,-0.00887,0.003529,-0.002554,-0.014847,-0.018027,-0.033903,20,-0.003536
volatility_20d,2021-12-08,0.069143,160,-0.039503,-0.113106,-0.026451,-0.028608,-0.030967,-0.01208,-0.008308,-0.055655,-0.046121,-0.049454,20,-0.009951
volatility_20d,2021-12-09,0.105848,160,-0.051142,-0.047602,-0.023815,-0.004292,-0.04177,-0.003858,-0.008663,-0.012933,-0.020507,-0.034443,20,0.016699
volatility_20d,2021-12-10,0.127859,160,-0.056702,-0.020509,-0.018335,-0.022571,0.010035,0.003908,-0.014739,-0.007071,-0.003156,-0.005081,20,0.05162
volatility_20d,2021-12-13,0.127865,160,-0.054542,-0.027431,-0.063752,0.026121,-0.039993,-0.016974,-0.043267,0.003652,-0.006937,-0.029008,20,0.025534
volatility_20d,2021-12-14,0.116914,160,-0.081313,-0.047368,-0.043661,-0.005665,-0.04706,-0.048526,-0.071704,-0.028263,-0.035645,-0.033691,20,0.047622
volatility_20d,2021-12-15,0.10939,160,-0.055362,-0.065745,-0.017362,-0.036615,-0.044431,-0.04463,-0.032688,-0.042139,-0.045007,-0.022534,20,0.032828
volatility_20d,2021-12-16,0.083315,160,-0.075299,-0.02567,-0.032368,-0.00413,-0.064655,-0.020429,-0.031924,-0.054709,-0.039795,-0.004249,20,0.07105
volatility_20d,2021-12-17,0.1052,160,-0.070266,-0.050384,-0.018474,-0.021409,-0.040093,-0.028982,-0.045538,-0.062741,-0.017862,-0.020413,20,0.049852
volatility_20d,2021-12-20,0.069211,160,-0.080613,-0.026581,-0.028626,-0.002,-0.051006,-0.042441,-0.050688,-0.035275,-0.035134,-0.026344,20,0.05427
volatility_20d,2021-12-21,0.057626,160,-0.055681,-0.01561,-0.007018,-0.012912,-0.028347,-0.033921,-0.037127,-0.008309,-0.045376,-0.007712,20,0.047969
volatility_20d,2021-12-22,0.001392,160,-0.03732,-0.032462,-0.021714,-0.003892,-0.037173,-0.023013,-0.039599,-0.047383,-0.039696,-0.000381,20,0.03694
volatility_20d,2021-12-23,-0.023227,160,-0.034614,-0.016503,-0.028578,-0.001502,-0.042151,-0.006801,-0.024673,-0.049285,-0.04343,-0.009957,20,0.024657
volatility_20d,2021-12-24,-0.049502,160,-0.036792,-0.047988,-0.021561,0.012519,-0.044562,-0.001753,-0.016785,-0.076671,-0.069383,-0.013579,20,0.023213
volatility_20d,2021-12-27,0.023304,160,-0.057308,-0.021992,-0.014684,-0.00285,-0.000872,-0.010794,-0.019142,-0.022535,-0.066998,-0.006408,20,0.0509
volatility_20d,2021-12-28,-0.032354,160,-0.061538,-0.028517,-0.003679,-0.003409,-0.029848,-0.018526,-0.038761,-0.037201,-0.062755,-0.025689,20,0.035849
volatility_20d,2021-12-29,-0.038193,160,-0.055942,-0.018401,-0.050793,-0.004696,-0.030577,-0.030998,-0.046131,-0.067023,-0.054108,-0.02489,20,0.031052
volatility_20d,2021-12-30,-0.026729,160,-0.053317,-0.051716,-0.05177,-0.055876,-0.043143,-0.04566,-0.056279,-0.085477,-0.047285,-0.053429,20,-0.000112
volatility_20d,2021-12-31,-0.036467,160,-0.0305,-0.059216,-0.030629,-0.009298,-0.026188,-0.040902,0.002026,-0.052904,-0.044459,-0.051012,20,-0.020512
volatility_20d,2022-01-03,0.00658,160,-0.037038,-0.03192,0.000338,-0.013849,-0.012088,-0.050518,-0.010009,0.006186,-0.016247,-0.036026,20,0.001013
volatility_20d,2022-01-04,0.034721,160,-0.015463,-0.003616,-0.031791,0.018612,-0.012489,-0.005341,0.01546,0.002939,-0.000359,-0.018048,20,-0.002585
volatility_20d,2022-01-05,0.030397,160,0.005673,-0.008366,0.025029,-0.001716,0.020149,0.026361,0.01795,0.017123,0.031842,-0.001887,20,-0.00756
volatility_20d,2022-01-06,0.011499,160,-0.000405,-0.030367,-0.021455,-0.006036,0.022237,-0.000569,0.006698,0.012966,-0.015826,-0.016182,20,-0.015778
volatility_20d,2022-01-07,-0.015463,160,0.024387,-0.006056,0.021,0.008136,0.017758,0.010827,0.047685,0.038911,0.012621,-0.018054,20,-0.042441
volatility_20d,2022-01-10,-0.024209,160,0.042279,0.016435,-0.008293,0.074346,0.033538,0.048666,0.039153,0.07494,0.034327,-0.011708,20,-0.053987
volatility_20d,2022-01-11,0.006346,160,0.061288,0.009006,0.048334,0.070966,0.068699,0.075921,0.081073,0.07714,0.029012,0.034151,20,-0.027138
volatility_20d,2022-01-12,-0.013659,160,0.038883,0.098262,0.048972,0.036281,0.107074,0.101319,0.078279,0.062909,0.068664,0.026538,20,-0.012345
volatility_20d,2022-01-13,-0.027898,160,0.050379,0.090782,0.059753,0.058144,0.093484,0.062888,0.089368,0.086085,0.037436,0.049522,20,-0.000857
volatility_20d,2022-01-14,-0.003372,160,0.024665,0.048605,0.058515,0.105014,0.062916,0.08862,0.087783,0.048933,0.013623,0.054946,20,0.030281
volatility_20d,2022-01-17,-0.002549,160,0.040996,0.021489,0.102459,0.075608,0.051778,0.048715,0.053627,0.079809,0.039608,0.036218,20,-0.004778
volatility_20d,2022-01-18,0.021464,160,0.022595,0.018143,0.04793,0.031498,0.081372,0.026461,0.043045,0.03378,0.025508,0.027561,20,0.004966
volatility_20d,2022-01-19,-0.034457,160,0.023394,0.052039,0.036962,0.071693,0.067124,0.041802,0.063349,0.022662,0.028989,0.027071,20,0.003677
volatility_20d,2022-01-20,-0.01278,160,0.003041,0.030194,0.055345,0.045131,0.051734,0.028113,0.050506,0.00466,0.034811,0.018932,20,0.015891
volatility_20d,2022-01-21,-0.016272,160,0.027972,0.051136,0.063789,0.044935,0.045845,0.060805,0.045096,0.018558,0.061411,0.026706,20,-0.001266
volatility_20d,2022-01-24,-0.0296,160,0.036486,0.041334,0.07394,0.06502,0.036106,0.045578,0.05642,0.022813,0.033873,0.044289,20,0.007803
volatility_20d,2022-01-25,-0.061666,160,0.040002,0.048748,0.073538,0.052734,0.080367,0.041655,0.060841,0.027071,0.042811,0.028323,20,-0.011679
volatility_20d,2022-01-26,-0.054342,160,0.077168,0.068222,0.080467,0.040261,0.071117,0.079943,0.100384,0.06207,0.035901,0.046883,20,-0.030285
volatility_20d,2022-01-27,-0.048547,160,0.092183,0.109619,0.046844,0.094243,0.092732,0.064706,0.125324,0.038827,0.083128,0.065715,20,-0.026468
volatility_20d,2022-01-28,-0.0341,160,0.098095,0.040701,0.138332,0.086288,0.052743,0.058116,0.073898,0.080842,0.077127,0.052676,20,-0.045419
volatility_20d,2022-01-31,-0.033411,160,0.074682,0.06734,0.096468,0.06629,0.052018,0.053716,0.037446,0.073689,0.058726,0.052342,20,-0.02234
volatility_20d,2022-02-01,-0.033341,160,0.05576,0.074047,0.08461,0.044505,0.061817,0.026834,0.036179,0.053863,0.061594,0.050866,20,-0.004894
volatility_20d,2022-02-02,0.023775,160,0.078201,0.07049,0.075865,0.056561,0.050678,0.082796,0.0344,0.022698,0.084675,0.089822,20,0.011621
volatility_20d,2022-02-03,-0.026641,160,0.105635,0.117277,0.115458,0.07778,0.066845,0.086663,0.091419,0.076074,0.084649,0.115171,20,0.009536
volatility_20d,2022-02-04,-0.006431,160,0.092525,0.071374,0.081922,0.056423,0.067433,0.082277,0.069976,0.052829,0.056181,0.088023,20,-0.004502
volatility_20d,2022-02-07,-0.013102,160,0.129468,0.050862,0.073323,0.068049,0.044394,0.109487,0.052725,0.090162,0.063152,0.076852,20,-0.052616
volatility_20d,2022-02-08,-0.030892,160,0.097568,0.055953,0.107794,0.088411,0.0513,0.054504,0.079585,0.097569,0.06116,0.08213,20,-0.015439
volatility_20d,2022-02-09,-0.07713,160,0.064553,0.073672,0.064961,0.054132,0.07157,0.03697,0.064425,0.074427,0.044866,0.046005,20,-0.018547
volatility_20d,2022-02-10,-0.055086,160,0.06635,0.06884,0.05627,0.032521,0.045652,0.032689,0.023507,0.096558,0.043603,0.043735,20,-0.022615
volatility_20d,2022-02-11,-0.011872,160,0.063149,0.065768,0.031103,0.01983,0.039582,0.057329,0.033592,0.082215,0.052846,0.038404,20,-0.024745
volatility_20d,2022-02-14,-0.00663,160,0.049999,0.050612,0.044539,0.024081,0.022531,0.042371,0.033394,0.048388,0.050007,0.049726,20,-0.000274
volatility_20d,2022-02-15,0.013738,160,0.057726,0.068074,0.075568,0.025079,0.019759,0.033295,0.04567,0.051246,0.088837,0.081934,20,0.024208
volatility_20d,2022-02-16,0.025486,160,0.03729,0.042741,0.054897,0.035486,-0.000805,0.032693,0.016448,0.028002,0.062187,0.071015,20,0.033725
volatility_20d,2022-02-17,-0.027098,160,0.054562,0.048307,0.046789,0.0653,0.004704,0.012229,0.067604,0.036504,0.059338,0.057073,20,0.002511
volatility_20d,2022-02-18,-0.007969,160,0.031579,0.060697,0.027775,0.054243,-0.001719,0.024357,0.052987,0.028488,0.034951,0.066863,20,0.035285
volatility_20d,2022-02-21,-0.001573,160,0.032094,0.039912,0.020152,0.052416,0.003338,0.040098,0.024819,0.025325,0.04688,0.056545,20,0.024451
volatility_20d,2022-02-22,0.027821,160,0.031989,0.025755,-0.015771,0.039264,0.015853,0.018372,0.049727,-0.004933,0.045394,0.038231,20,0.006242
volatility_20d,2022-02-23,0.034173,160,-0.000892,-0.012223,-0.007555,0.011997,-0.001054,0.00049,-0.008843,0.00347,0.020228,-0.007237,20,-0.006345
volatility_20d,2022-02-24,0.043185,160,-0.008417,-0.007444,-0.008612,0.019374,-0.016254,-0.003552,0.021601,-0.000682,-0.00094,0.007574,20,0.015991
volatility_20d,2022-02-25,0.019299,160,-0.017573,-0.017217,-0.00596,0.007032,-0.029228,0.009397,-0.029137,-0.004498,0.002348,-0.018201,20,-0.000627
volatility_20d,2022-02-28,-0.075085,160,-0.027167,-0.007094,-0.010802,-0.011037,-0.010114,-0.00493,0.003152,-0.019439,-0.03008,-0.022716,20,0.004451
volatility_20d,2022-03-01,-0.062721,160,0.005497,-0.018684,0.020159,0.004266,-0.015518,-0.001461,-0.010523,-0.00854,0.009769,-0.004568,20,-0.010065
volatility_20d,2022-03-02,-0.058719,160,-0.009622,-0.003775,0.005073,-0.001296,-0.039961,-0.023669,0.003189,-0.011126,0.007688,-0.013922,20,-0.0043
volatility_20d,2022-03-03,-0.088208,160,-0.033525,-0.029069,-0.01009,-0.032625,-0.029124,-0.040188,-0.068261,-0.036928,-0.018569,-0.015846,20,0.017679
volatility_20d,2022-03-04,-0.035585,160,-0.031159,-0.030202,-0.044684,-0.028845,-0.041952,-0.047113,-0.055171,-0.038474,-0.022013,-0.019769,20,0.011389
volatility_20d,2022-03-07,-0.081838,160,-0.032209,-0.063093,-0.048945,-0.052081,-0.046187,-0.05977,-0.08374,-0.055229,-0.066978,-0.016633,20,0.015576
volatility_20d,2022-03-08,-0.082808,160,-0.042228,-0.071083,-0.044447,-0.06843,-0.061353,-0.083846,-0.091306,-0.068804,-0.061192,-0.039315,20,0.002913
volatility_20d,2022-03-09,-0.104295,160,-0.016423,-0.04369,-0.039106,-0.061798,-0.0405,-0.064463,-0.050725,-0.06159,-0.039044,-0.047011,20,-0.030589
volatility_20d,2022-03-10,-0.109525,160,-0.02062,-0.050045,-0.005233,-0.06448,-0.066908,-0.072639,-0.051101,-0.032324,-0.052226,-0.045637,20,-0.025017
volatility_20d,2022-03-11,-0.036863,160,0.015768,-0.038032,-0.035923,-0.033272,0.009477,-0.054406,-0.032345,-0.010082,-0.026324,-0.020778,20,-0.036546
volatility_20d,2022-03-14,-0.019466,160,0.011324,-0.032434,-0.022537,-0.035199,-0.02312,-0.033075,-0.038372,-0.02763,-0.003621,-0.021271,20,-0.032595
volatility_20d,2022-03-15,-0.032664,160,-0.015264,-0.005889,-0.026431,-0.019161,-0.028964,-0.019207,-0.056935,-0.022407,-0.02868,-0.00924,20,0.006024
volatility_20d,2022-03-16,0.0015,160,0.003077,-0.023181,-0.010142,-0.018843,-0.00194,0.010372,-0.024145,-0.01797,-0.00346,0.005643,20,0.002567
volatility_20d,2022-03-17,-0.009217,160,-0.026492,0.000423,-0.021582,-0.027549,-0.002938,-0.018432,-0.035501,-0.016114,-0.007696,-0.013192,20,0.0133
volatility_20d,2022-03-18,-0.032735,160,-0.028737,-0.047271,-0.003503,-0.055251,-0.001509,-0.048063,-0.046653,-0.035383,-0.024052,-0.027819,20,0.000918
volatility_20d,2022-03-21,-0.033338,160,-0.006516,-0.060623,-0.006118,-0.04761,-0.021995,-0.036928,-0.037184,-0.031802,-0.034401,-0.031333,20,-0.024817
volatility_20d,2022-03-22,0.00462,160,0.00118,-0.042197,0.004035,-0.018316,-0.021417,-0.034612,-0.025664,-0.020115,-0.013841,0.000933,20,-0.000246
volatility_20d,2022-03-23,0.005895,160,0.010175,-0.036155,-0.040262,-0.039868,-0.017406,-0.011621,-0.018519,-0.03537,-0.017138,-0.014781,20,-0.024956
volatility_20d,2022-03-24,-0.009636,160,0.007598,-0.049718,-0.072436,-0.019749,-0.05174,-0.019886,-0.033777,-0.039556,-0.042179,-0.024251,20,-0.031849
volatility_20d,2022-03-25,-0.03495,160,-0.033724,-0.051658,-0.067976,-0.069399,-0.0481,-0.021191,-0.062301,-0.07266,-0.072397,-0.032733,20,0.00099
volatility_20d,2022-03-28,-0.010222,160,-0.017982,-0.062084,-0.085352,-0.061207,-0.069011,-0.024893,-0.050866,-0.054794,-0.066872,-0.043038,20,-0.025056
volatility_20d,2022-03-29,-0.004582,160,-0.024697,-0.06293,-0.057586,-0.076574,-0.060653,-0.048281,-0.072161,-0.026521,-0.06702,-0.039918,20,-0.01522
volatility_20d,2022-03-30,-0.053999,160,-0.042683,-0.047402,-0.061838,-0.037506,-0.048587,-0.042671,-0.066673,-0.059599,-0.085092,-0.031811,20,0.010873
volatility_20d,2022-03-31,-0.030148,160,-0.034379,-0.051361,-0.051379,-0.010184,0.000998,-0.08167,-0.043147,-0.037028,-0.033369,-0.049749,20,-0.015371
volatility_20d,2022-04-01,0.008857,160,-0.034181,-0.073847,-0.017188,-0.009942,-0.045213,-0.052427,-0.060321,-0.030007,-0.038559,-0.033006,20,0.001175
volatility_20d,2022-04-04,-0.056686,160,-0.021472,-0.068903,-0.029043,-0.021693,-0.02974,-0.052164,-0.031614,-0.059634,-0.068035,-0.014113,20,0.007359
volatility_20d,2022-04-05,-0.03853,160,0.003111,-0.058063,-0.02224,-0.006594,-0.029476,-0.020397,-0.012188,-0.047662,-0.043818,-0.002537,20,-0.005648
volatility_20d,2022-04-06,-0.045998,160,-0.009949,-0.058722,-0.016588,-0.007812,-0.060464,0.013472,-0.036625,-0.046775,-0.043149,-0.012763,20,-0.002813
volatility_20d,2022-04-07,0.02021,160,-0.063058,-0.038666,-0.052625,-0.035919,-0.053031,-0.029455,-0.051373,-0.059362,-0.054724,-0.020204,20,0.042854
volatility_20d,2022-04-08,0.027414,160,-0.043153,-0.076987,-0.064583,-0.01437,-0.038395,-0.057498,-0.053134,-0.050097,-0.038963,-0.0471,20,-0.003947
volatility_20d,2022-04-11,-0.00934,160,-0.059156,-0.048166,-0.075498,-0.047519,-0.053815,-0.043241,-0.060267,-0.059051,-0.04087,-0.058336,20,0.00082
volatility_20d,2022-04-12,-0.02258,160,-0.055906,-0.052229,-0.036391,-0.073035,-0.069711,-0.015979,-0.041305,-0.042222,-0.055419,-0.056004,20,-9.8e-05
volatility_20d,2022-04-13,0.017591,160,-0.052589,-0.011144,-0.049347,-0.065014,-0.063563,-0.037883,-0.01404,-0.028031,-0.013735,-0.060528,20,-0.007939
volatility_20d,2022-04-14,0.02391,160,-0.030014,-0.025051,-0.011674,-0.041269,-0.051429,-0.006777,0.002898,-0.022592,-0.007402,-0.028837,20,0.001178
volatility_20d,2022-04-15,-0.012211,160,0.002546,0.010985,-0.004634,-0.016374,-0.022191,0.004295,-0.001243,0.007201,0.004647,-0.00519,20,-0.007736
volatility_20d,2022-04-18,-0.018106,160,0.037766,0.039307,0.008824,-0.007919,0.013457,0.022598,0.037985,0.026049,0.040889,0.008331,20,-0.029435
volatility_20d,2022-04-19,-0.013225,160,0.022445,0.014728,-0.016108,-0.008906,-0.030131,0.024503,0.030214,0.011286,-0.01368,0.010957,20,-0.011487
volatility_20d,2022-04-20,-0.025612,160,0.025726,0.006467,0.03019,-0.008802,-0.017105,0.015487,0.060462,-0.02526,-0.002835,0.020141,20,-0.005584
volatility_20d,2022-04-21,-0.01522,160,0.025473,0.036027,0.019635,0.001813,0.003529,0.017314,0.069721,-0.033091,0.019967,0.03565,20,0.010178
volatility_20d,2022-04-22,-0.122706,160,0.061981,0.066964,0.034739,0.043274,0.041777,0.035288,0.027576,-0.008974,0.033043,0.044867,20,-0.017114
volatility_20d,2022-04-25,-0.127985,160,0.10661,0.081089,0.06322,0.052483,0.071542,0.021861,0.04055,0.040294,0.067999,0.073333,20,-0.033277
volatility_20d,2022-04-26,-0.124666,160,0.097513,0.091146,0.030811,0.055037,0.047912,0.025576,0.006327,0.063661,0.055776,0.055972,20,-0.041542
volatility_20d,2022-04-27,-0.068302,160,0.043722,0.082293,0.023458,0.059539,0.027747,0.035851,0.021737,0.012494,0.060089,0.029,20,-0.014722
volatility_20d,2022-04-28,-0.072354,160,0.036678,0.053341,0.077783,0.023194,0.059053,0.036264,0.006003,0.018642,0.046035,0.033622,20,-0.003057
volatility_20d,2022-04-29,-0.069158,160,0.050352,0.06629,0.07476,0.05442,0.073692,0.053667,0.011561,0.044309,0.057095,0.053008,20,0.002656
volatility_20d,2022-05-02,-0.052019,160,0.035788,0.088506,0.067041,0.032177,0.068644,0.038538,0.018814,0.036828,0.04359,0.055489,20,0.019701
volatility_20d,2022-05-03,-0.045432,160,0.032563,0.053989,0.045045,0.061172,0.031418,0.035246,0.022557,0.007847,0.020181,0.046852,20,0.014289
volatility_20d,2022-05-04,-0.07406,160,0.046749,0.043092,0.077513,0.059199,0.019621,0.043288,0.021546,0.02176,0.055738,0.035751,20,-0.010998
volatility_20d,2022-05-05,0.026491,160,0.030619,0.0538,0.078592,0.089046,0.025283,0.036592,0.031541,0.069191,0.059523,0.056889,20,0.02627
volatility_20d,2022-05-06,0.034912,160,-0.01723,0.053419,0.042495,0.051263,0.033242,0.02709,0.038291,0.048275,-0.010269,0.049311,20,0.06654
volatility_20d,2022-05-09,-0.006709,160,0.004152,0.023725,0.033988,0.067653,0.025076,0.043366,0.038748,0.040565,-0.006476,0.043446,20,0.039295
volatility_20d,2022-05-10,0.025425,160,-0.019402,0.041737,0.014699,0.019789,0.013912,0.011056,0.017801,0.033695,-0.020331,0.047043,20,0.066445
volatility_20d,2022-05-11,0.080444,160,-0.032428,-0.005706,-0.004176,0.004277,0.013374,0.029605,-0.021078,0.008234,-0.013137,0.028975,20,0.061403
volatility_20d,2022-05-12,0.083939,160,-0.023285,0.012427,-0.017017,0.017848,0.006456,0.007908,0.02412,0.026648,-0.011916,0.021031,20,0.044317
volatility_20d,2022-05-13,0.043768,160,-0.003443,-0.025336,-0.009921,0.042979,0.028622,0.006244,-0.010673,0.038997,-0.01856,0.008611,20,0.012054
volatility_20d,2022-05-16,0.032623,160,-0.043776,-0.0327,0.013965,0.005498,0.001187,-0.016951,-0.00509,-0.01976,-0.009739,-0.00656,20,0.037216
volatility_20d,2022-05-17,0.053484,160,-0.030369,0.024054,-0.01956,0.015604,-0.002829,0.013159,-0.007665,0.014296,-0.008775,0.007168,20,0.037537
volatility_20d,2022-05-18,0.040827,160,0.003636,0.009452,-0.011517,-0.005206,0.042558,-0.007529,-0.002792,0.020784,0.005887,0.012215,20,0.008579
volatility_20d,2022-05-19,0.011444,160,0.015579,0.004214,-0.015023,0.010726,0.041677,0.010808,-0.029123,0.033439,0.0032,-0.000138,20,-0.015717
volatility_20d,2022-05-20,-0.037273,160,0.021701,0.048393,0.024273,0.024237,0.036559,0.015888,-0.002136,0.022099,0.035623,0.0117,20,-0.010001
volatility_20d,2022-05-23,-0.068704,160,0.022549,0.033949,0.019416,0.032813,0.029518,0.009332,0.015392,-0.001341,0.033237,-0.010399,20,-0.032948
volatility_20d,2022-05-24,-0.082796,160,0.04975,0.000403,0.029164,0.033834,0.007067,-0.002411,-0.014083,0.022911,0.017169,0.011891,20,-0.037859
volatility_20d,2022-05-25,-0.069518,160,0.017806,0.000405,0.025981,-0.011634,-0.002223,0.005293,-0.003699,0.002774,0.012649,-0.017032,20,-0.034838
volatility_20d,2022-05-26,-0.081636,160,0.010782,0.001571,0.014456,-0.026002,0.020327,-0.024166,0.017534,-0.032995,-0.017358,-0.008975,20,-0.019757
volatility_20d,2022-05-27,-0.077083,160,0.000927,-0.020374,0.018239,-0.030706,-0.011456,-0.011748,-0.011769,-0.042649,-0.007458,-0.035693,20,-0.03662
volatility_20d,2022-05-30,-0.098641,160,0.045702,-0.021157,0.010198,-0.009782,1.2e-05,-0.0118,-0.01199,-0.055023,0.007775,-0.000549,20,-0.046251
volatility_20d,2022-05-31,-0.075448,160,0.038373,-0.03341,0.028909,-0.010738,-0.003496,-0.004523,-0.005392,-0.045666,0.010871,-0.005094,20,-0.043467
volatility_20d,2022-06-01,-0.042257,160,0.024362,-0.012448,-0.011578,-0.023024,0.006992,-0.026385,-0.028175,-0.020104,-0.015477,0.003037,20,-0.021325
volatility_20d,2022-06-02,-0.071927,160,0.031713,0.032101,-0.009116,0.003747,-0.005158,0.002383,-0.023431,0.011868,0.004077,0.012422,20,-0.019291
volatility_20d,2022-06-03,-0.123195,160,0.086774,0.026187,0.01412,0.019728,0.012817,-0.002952,0.002616,0.002069,0.029851,0.033148,20,-0.053626
volatility_20d,2022-06-06,-0.129231,160,0.102407,0.076773,0.032096,0.044461,0.029141,0.001986,0.020343,0.044373,0.03019,0.060302,20,-0.042106
volatility_20d,2022-06-07,-0.121953,160,0.086811,0.048647,0.018557,0.029966,-0.004405,0.017247,0.016903,-0.01213,0.047819,0.02932,20,-0.05749
volatility_20d,2022-06-08,-0.153196,160,0.039629,0.070906,0.021859,-0.014415,0.006748,-0.003935,-0.00498,-0.02897,0.041446,0.000778,20,-0.038851
volatility_20d,2022-06-09,-0.145412,160,0.049567,0.01732,0.032376,-0.00964,0.034014,0.004718,-0.032338,0.003078,0.012293,-0.003668,20,-0.053235
volatility_20d,2022-06-10,-0.172419,160,0.057419,0.01762,0.019872,0.003436,-0.000158,0.004647,-0.006767,0.008994,0.017038,-0.008515,20,-0.065934
volatility_20d,2022-06-13,-0.203979,160,0.038127,0.062872,0.025077,0.015069,0.018119,0.004299,0.017821,0.009006,0.014316,-0.007695,20,-0.045823
volatility_20d,2022-06-14,-0.167593,160,0.036386,0.053286,0.032259,-0.003123,0.008427,0.010088,0.018292,0.002951,0.0051,0.00336,20,-0.033026
volatility_20d,2022-06-15,-0.219849,160,0.044038,0.024152,0.019686,-0.003487,0.004903,-0.016769,-0.010116,0.00206,-0.037367,-0.008592,20,-0.05263
volatility_20d,2022-06-16,-0.206167,160,0.049258,0.006295,0.002232,0.021831,-0.011256,-0.041988,-0.018821,0.028495,-0.045161,-0.012061,20,-0.061319
volatility_20d,2022-06-17,-0.164901,160,0.02563,0.011771,-0.018481,-0.015804,-0.046104,-0.036057,-0.039664,0.006664,-0.0462,-0.019033,20,-0.044663
volatility_20d,2022-06-20,-0.172697,160,0.00921,-0.026616,-0.040436,-0.061459,-0.042874,-0.069013,-0.062705,-0.046088,-0.047465,-0.061794,20,-0.071003
volatility_20d,2022-06-21,-0.198069,160,0.019508,-0.028199,-0.05678,-0.042704,-0.04933,-0.081249,-0.045256,-0.069671,-0.057805,-0.04829,20,-0.067798
volatility_20d,2022-06-22,-0.116064,160,0.012579,-0.007532,-0.038537,-0.024031,-0.020452,-0.047629,-0.058494,-0.015165,-0.03397,-0.028628,20,-0.041207
volatility_20d,2022-06-23,-0.094483,160,-0.00049,6.3e-05,-0.035049,-0.01649,-0.006467,-0.029053,-0.03654,-0.004824,-0.033736,-0.02844,20,-0.02795
volatility_20d,2022-06-24,-0.076937,160,0.021544,-0.023822,-0.004257,-0.001572,0.022686,0.002478,-0.022189,0.00935,-0.03412,-0.011653,20,-0.033197
volatility_20d,2022-06-27,-0.114649,160,0.020907,-0.019871,-0.004964,0.005819,0.0156,0.051805,-0.032852,-0.018119,-0.016954,-0.02013,20,-0.041037
volatility_20d,2022-06-28,-0.118437,160,0.032403,0.004397,-0.023472,0.024984,0.012901,0.029561,0.019166,-0.028541,-0.000379,-0.011804,20,-0.044207
volatility_20d,2022-06-29,-0.129389,160,0.04806,0.047726,0.001545,0.019408,0.044776,0.029193,0.035832,0.001924,-0.009649,0.023626,20,-0.024433
volatility_20d,2022-06-30,-0.117312,160,0.041036,0.002176,0.022074,0.001383,0.037624,0.001291,0.016113,0.010028,-0.022856,0.013096,20,-0.027941
volatility_20d,2022-07-01,-0.071801,160,0.011178,-0.003941,0.005978,-0.008449,2.1e-05,0.007028,-0.004563,-0.011271,-0.015758,-0.003099,20,-0.014277
volatility_20d,2022-07-04,-0.108441,160,0.0185,-0.040179,-0.026315,-0.019643,-1.3e-05,-0.019169,-0.026985,-0.028428,-0.043011,-0.021793,20,-0.040293
volatility_20d,2022-07-05,-0.007163,160,0.008921,0.016612,-0.036784,-0.01592,0.010265,-0.01089,-0.018808,-0.006018,0.023275,-0.017105,20,-0.026026
volatility_20d,2022-07-06,0.01878,160,0.062974,0.009288,0.023387,0.021795,0.061828,-0.008161,0.011831,0.025338,0.065395,0.034701,20,-0.028272
volatility_20d,2022-07-07,0.005822,160,0.025965,0.016444,0.000501,0.010458,0.027185,-0.039905,0.039605,0.025166,0.019366,0.020824,20,-0.005142
volatility_20d,2022-07-08,-0.028955,160,0.016425,0.014901,0.04517,0.016505,0.021305,-0.006947,-0.000736,0.041954,0.015299,0.013281,20,-0.003144
volatility_20d,2022-07-11,0.024757,160,-0.007062,0.018067,0.006187,-0.014127,0.003661,0.044908,-0.017699,0.013195,-0.01321,0.020602,20,0.027663
volatility_20d,2022-07-12,0.035099,160,-0.007028,0.01657,0.009645,-0.010287,0.037277,0.039733,0.011737,-0.011504,0.002777,0.034264,20,0.041291
volatility_20d,2022-07-13,0.119187,160,0.005149,0.032574,0.002829,0.022772,0.046051,0.023292,0.034539,-0.007372,0.016879,0.07858,20,0.073431
volatility_20d,2022-07-14,0.102947,160,0.007932,0.047543,0.021699,0.013326,0.05182,0.024521,0.037581,0.030668,0.017181,0.080226,20,0.072293
volatility_20d,2022-07-15,0.069149,160,0.048072,0.050336,0.017977,0.063312,0.052985,0.07217,0.028637,0.048609,0.027271,0.089342,20,0.04127
turnover_signal,2021-01-04,-0.085808,160,0.010235,0.001159,0.001267,0.00711,-0.003078,0.004307,0.002075,-0.001878,-0.007061,0.009418,1,-0.000817
turnover_signal,2021-01-05,-0.002936,160,-0.022042,-0.015941,-0.01286,-0.014044,-0.014502,-0.023478,-0.015046,-0.011131,-0.023993,-0.01633,1,0.005712
turnover_signal,2021-01-06,0.049051,160,0.013942,0.014477,0.01304,-0.000345,0.015918,0.009987,0.01325,0.016106,0.015554,0.013056,1,-0.000886
turnover_signal,2021-01-07,0.011795,160,0.00284,0.010194,0.011838,-0.002253,0.003296,0.01261,0.009811,0.010596,0.000907,0.004959,1,0.002119
turnover_signal,2021-01-08,-0.056964,160,0.006231,0.003922,-0.000629,-0.003678,-0.010565,-0.005834,0.001219,-0.004276,-0.001869,0.004647,1,-0.001584
turnover_signal,2021-01-11,0.070207,160,-0.002892,-0.004252,0.000799,0.000195,-0.005014,-0.000323,0.004937,0.002693,0.001006,-0.001659,1,0.001233
turnover_signal,2021-01-12,-0.042248,160,0.003529,0.009502,0.00075,-0.001592,0.007858,0.005482,0.001508,-0.003625,0.006149,0.000804,1,-0.002725
turnover_signal,2021-01-13,0.009416,160,-0.003601,-0.008209,-0.010708,0.002598,-0.00241,-0.002364,0.000407,-0.000697,-0.004228,-0.010261,1,-0.00666
turnover_signal,2021-01-14,-0.004406,160,-0.003324,0.006779,-0.002227,-0.001596,-0.004314,0.001285,-0.001529,0.003711,0.001238,-0.006212,1,-0.002888
turnover_signal,2021-01-15,-0.135105,160,0.008071,0.009721,0.009793,0.009577,0.013025,0.00754,0.005872,0.002427,0.003205,0.005464,1,-0.002607
turnover_signal,2021-01-18,0.082263,160,-0.006094,0.000287,0.004266,0.000694,0.005987,0.002396,0.004186,-0.000996,0.000448,0.004165,1,0.010259
turnover_signal,2021-01-19,-0.081513,160,0.003509,-0.003449,0.001088,0.00402,-0.003052,-0.006,0.001995,-0.005214,0.002339,-0.00291,1,-0.00642
turnover_signal,2021-01-20,-0.018525,160,0.00367,0.004332,-0.001821,-0.004876,0.000439,0.008266,-0.005264,-0.000743,0.004243,0.001707,1,-0.001962
turnover_signal,2021-01-21,-0.069679,160,0.003129,0.003496,-0.000287,0.010696,0.001515,0.002833,0.000187,0.005368,0.000144,-0.004143,1,-0.007272
turnover_signal,2021-01-22,0.092271,160,-0.001033,-0.00906,-0.013662,-0.004348,-0.003744,-0.007971,-0.002655,-0.004878,-0.00134,-0.004144,1,-0.003111
turnover_signal,2021-01-25,-0.051937,160,-0.00277,-0.001989,0.004384,-0.009183,0.006116,-0.001499,0.001265,-0.004742,-0.005086,-0.004448,1,-0.001678
turnover_signal,2021-01-26,-0.015088,160,0.002435,0.005631,0.008625,0.001108,0.006693,0.02026,0.003544,0.000891,0.003822,0.005508,1,0.003073
turnover_signal,2021-01-27,0.067418,160,-0.005687,-0.002276,-0.003052,0.01013,0.001427,0.005472,-0.00039,0.002738,-0.001692,0.00112,1,0.006807
turnover_signal,2021-01-28,-0.136775,160,-0.007613,-0.015601,-0.017262,-0.006348,-0.012126,-0.015663,-0.020305,-0.013095,-0.013403,-0.021317,1,-0.013705
turnover_signal,2021-01-29,-0.070901,160,-0.000615,-0.006631,0.000361,0.004671,-0.006652,-0.004328,-0.009593,0.002451,-0.005656,-0.006381,1,-0.005766
turnover_signal,2021-02-01,-0.053255,160,0.013076,0.009108,0.007267,0.000797,0.008493,0.007596,0.011525,0.00172,0.006331,0.011297,1,-0.001779
turnover_signal,2021-02-02,0.161625,160,-0.010205,-0.004195,0.005733,0.005393,-0.000404,0.008112,-0.000835,0.002275,-0.001507,0.009205,1,0.01941
turnover_signal,2021-02-03,0.08906,160,-0.004646,-0.00358,-0.004883,0.002736,0.00221,-0.00072,-0.011319,0.005088,0.002176,0.000991,1,0.005636
turnover_signal,2021-02-04,0.046522,160,-0.003843,0.013791,0.007794,0.00549,0.00865,6e-05,0.002719,0.013678,-0.000587,0.00988,1,0.013723
turnover_signal,2021-02-05,-0.064028,160,0.017264,0.027215,0.020068,0.000394,0.013804,0.013014,0.019838,0.018638,0.01385,0.015536,1,-0.001727
turnover_signal,2021-02-08,-0.022683,160,0.00187,-0.004901,-0.000634,-0.017009,-0.013195,0.00094,0.000247,-0.007213,-0.006076,-0.004292,1,-0.006162
turnover_signal,2021-02-09,-0.177039,160,0.023136,0.023568,0.008781,0.014305,0.013803,0.016723,0.009794,0.009436,0.009444,0.011028,1,-0.012108
turnover_signal,2021-02-10,-0.062112,160,-0.002348,-0.010439,-0.004994,-0.017102,-0.019605,-0.005641,-0.010268,-0.010764,-0.015149,-0.005207,1,-0.00286
turnover_signal,2021-02-11,-0.059721,160,0.009536,0.004216,0.00585,0.003144,-0.006004,0.011053,0.002719,-0.000797,-0.000664,0.008535,1,-0.001001
turnover_signal,2021-02-12,0.103894,160,-0.018178,-0.012719,-0.012802,-0.00526,-0.009171,-0.010385,-0.013421,-0.006326,-0.007462,-0.009489,1,0.008689
turnover_signal,2021-02-15,-0.03158,160,0.00888,0.016202,0.004894,0.011037,0.02123,0.015111,0.006119,0.01618,0.010074,0.003649,1,-0.005232
turnover_signal,2021-02-16,-0.148397,160,0.005143,0.009712,0.012388,0.012734,0.01179,0.002583,0.003747,-0.000853,0.002066,0.007652,1,0.002509
turnover_signal,2021-02-17,0.032963,160,0.008115,0.001936,0.012065,0.011614,0.01128,0.008721,0.008184,0.012369,-0.000886,0.015384,1,0.007269
turnover_signal,2021-02-18,0.169178,160,-0.015681,-0.011965,-0.005915,-0.009093,-0.005745,-0.002313,5.6e-05,-0.014532,0.001344,-0.001466,1,0.014216
turnover_signal,2021-02-19,-0.019428,160,0.009486,0.010682,0.006425,0.008946,0.009207,0.010234,0.006337,0.009147,0.012156,0.00215,1,-0.007335
turnover_signal,2021-02-22,-0.11619,160,0.001202,0.000105,-0.003524,-0.014425,-0.003893,-0.000779,-0.002238,-0.006108,-0.003677,-0.014169,1,-0.015371
turnover_signal,2021-02-23,0.008285,160,-0.00313,-0.007594,-0.002201,-0.001441,-0.001876,0.005904,-0.011731,-0.001812,0.002216,-0.008787,1,-0.005657
turnover_signal,2021-02-24,-0.021768,160,0.004086,0.011531,0.001422,-0.009301,0.013057,0.011606,0.0019,0.006874,0.002939,0.003272,1,-0.000814
turnover_signal,2021-02-25,0.088949,160,-0.002505,0.008309,0.00872,0.008066,0.001974,0.011477,0.004014,0.005015,0.009863,0.007538,1,0.010043
turnover_signal,2021-02-26,0.011737,160,0.000514,0.001351,-6e-06,0.000809,0.008172,-0.0017,0.005952,-0.002276,0.007584,-0.003423,1,-0.003936
turnover_signal,2021-03-01,0.068836,160,-0.004996,-0.008979,-0.015869,0.005949,0.00269,-0.007263,-0.004229,0.005891,-0.007139,-0.005175,1,-0.000179
turnover_signal,2021-03-02,0.00329,160,-0.012491,-0.005477,-0.011752,-0.000561,-0.014163,-0.016132,-0.010607,-0.011171,-0.001614,-0.010541,1,0.00195
turnover_signal,2021-03-03,0.011886,160,0.019467,0.014218,0.008649,0.012309,0.019038,0.014485,0.012859,0.01641,0.014022,0.01584,1,-0.003627
turnover_signal,2021-03-04,0.096534,160,0.00553,0.005304,0.006514,0.005285,0.00596,0.005747,0.005366,0.005957,0.004217,0.013906,1,0.008376
turnover_signal,2021-03-05,0.001556,160,0.008174,0.005892,0.00866,-0.000547,0.003324,0.010966,0.00374,0.006506,0.006374,0.009455,1,0.00128
turnover_signal,2021-03-08,0.008335,160,0.0198,0.022905,0.022974,0.019523,0.019518,0.016915,0.023128,0.025215,0.019794,0.020933,1,0.001133
turnover_signal,2021-03-09,0.044931,160,-0.010013,-0.00579,-0.010785,-0.006053,-0.010241,-0.016232,-0.008297,-0.006935,-0.009855,-0.004097,1,0.005917
turnover_signal,2021-03-10,0.059484,160,0.018924,0.021375,0.026893,0.01711,0.022062,0.025592,0.029544,0.02887,0.016295,0.021068,1,0.002144
turnover_signal,2021-03-11,0.008265,160,0.030199,0.02624,0.024236,0.028052,0.017867,0.023605,0.025406,0.025394,0.030116,0.026534,1,-0.003665
turnover_signal,2021-03-12,-0.015223,160,0.0112,0.016041,0.015543,0.014927,0.016753,0.010628,0.008472,0.015049,0.009422,0.019114,1,0.007914
turnover_signal,2021-03-15,-0.085981,160,0.009419,0.006144,0.012121,0.00273,0.00963,0.001365,0.006254,0.001879,0.002844,0.009332,1,-8.7e-05
turnover_signal,2021-03-16,0.000492,160,-0.006117,-0.008643,-0.002484,-0.00531,-0.007502,-0.004735,0.004902,-0.009358,-0.008232,-0.00349,1,0.002627
turnover_signal,2021-03-17,0.002227,160,0.011179,0.006565,0.01222,0.006842,0.008908,0.012395,0.002302,0.014562,0.003846,0.013155,1,0.001977
turnover_signal,2021-03-18,0.013331,160,-0.000251,-0.007773,0.005896,-0.003949,-0.007882,0.001673,-0.002914,-0.001956,-0.000248,-0.004965,1,-0.004715
turnover_signal,2021-03-19,-0.032213,160,0.002054,-0.002421,-0.003265,-0.001995,0.000259,-0.006455,-0.005889,0.009321,0.001077,-0.008572,1,-0.010625
turnover_signal,2021-03-22,0.023213,160,-0.006297,-0.000866,-0.001479,-0.003475,7.2e-05,0.001246,-0.003325,0.002427,-0.002858,-0.005488,1,0.000809
turnover_signal,2021-03-23,-0.080496,160,0.008916,0.008199,0.003753,0.003781,0.001518,-0.002781,0.004182,0.007609,-0.002864,0.007426,1,-0.00149
turnover_signal,2021-03-24,-0.05632,160,0.016072,0.011976,0.0133,0.015504,0.011106,0.013728,0.008444,0.015075,0.009208,0.012118,1,-0.003955
turnover_signal,2021-03-25,0.014866,160,0.000692,-0.005174,-0.004184,-0.002069,-0.004673,-0.004679,0.004891,0.000242,-0.005236,0.000432,1,-0.00026
turnover_signal,2021-03-26,0.028355,160,-0.004568,-0.002014,-0.012842,-0.008118,0.002187,-0.009962,-0.006155,-0.005717,-0.009135,-0.000991,1,0.003577
turnover_signal,2021-03-29,-0.134903,160,-0.000517,-0.004186,-0.008909,-0.010805,-0.007762,-0.004637,-0.010322,-0.015684,-0.006028,-0.009106,1,-0.008589
turnover_signal,2021-03-30,-0.059126,160,0.000803,-0.009366,-0.014076,-0.007659,-0.015785,-0.008371,-0.014325,-0.001301,-0.01118,-0.009661,1,-0.010463
turnover_signal,2021-03-31,-0.031138,160,-0.011764,-0.015621,-0.007511,-0.004307,-0.014083,-0.016521,-0.013024,-0.007784,-0.019432,-0.009051,1,0.002713
turnover_signal,2021-04-01,0.079172,160,-0.014662,-0.008325,-0.003277,-0.007675,-0.005795,-0.010555,-0.00337,-0.006137,-0.00957,-0.004391,1,0.010271
turnover_signal,2021-04-02,0.03911,160,0.008493,0.017024,0.01351,0.015013,0.013878,0.013848,0.012673,0.012534,0.019814,0.009242,1,0.000749
turnover_signal,2021-04-05,0.017517,160,-0.004814,-0.006234,-0.003949,-0.00251,0.00054,-0.007974,-0.005576,-0.004476,-0.002845,-0.000628,1,0.004186
turnover_signal,2021-04-06,0.143947,160,0.00031,-0.005506,0.00425,-0.001874,-0.00042,0.007258,0.01029,0.007235,0.005889,0.000974,1,0.000663
turnover_signal,2021-04-07,-0.107913,160,-0.010561,-0.024237,-0.002754,-0.006149,-0.006494,-0.007096,-0.015853,-0.013215,-0.007509,-0.021421,1,-0.01086
turnover_signal,2021-04-08,0.056583,160,0.005317,-0.007847,0.009475,0.001463,0.006607,0.004659,0.000498,0.007403,0.005069,0.006359,1,0.001042
turnover_signal,2021-04-09,-0.054415,160,-0.008842,-0.026918,-0.017161,-0.004002,-0.018492,-0.025074,-0.018395,-0.022655,-0.012445,-0.01795,1,-0.009108
turnover_signal,2021-04-12,0.079345,160,-0.011538,0.000273,-0.007689,-0.003277,-0.000697,-0.007372,-0.006099,-0.007732,0.000678,-0.003143,1,0.008395
turnover_signal,2021-04-13,-0.026702,160,0.019771,0.021911,0.0163,0.021158,0.021706,0.015756,0.013759,0.024704,0.017114,0.01917,1,-0.000601
turnover_signal,2021-04-14,0.127631,160,-0.010042,-0.01528,-0.003595,-0.000387,-0.00574,-0.004506,-0.002466,-0.009805,-0.002163,-0.00274,1,0.007302
turnover_signal,2021-04-15,-0.073849,160,0.018304,0.004751,0.011322,0.019663,0.011158,0.008111,0.010297,0.004503,0.00774,0.01269,1,-0.005615
turnover_signal,2021-04-16,0.028144,160,0.005351,-0.001571,0.013197,0.002789,0.011898,-0.000957,0.005106,0.012951,0.010644,-0.001416,1,-0.006766
turnover_signal,2021-04-19,-0.105693,160,-0.003409,0.00398,-0.002978,0.000929,0.005645,-0.006503,-0.00269,0.003063,-0.002633,-0.006445,1,-0.003036
turnover_signal,2021-04-20,0.024253,160,-0.007544,-0.003575,-0.009507,-0.00327,-0.005567,-0.005565,-0.013718,-0.002826,-0.007722,-0.002881,1,0.004663
turnover_signal,2021-04-21,-0.026632,160,0.011992,0.010635,0.008335,0.010313,0.006224,0.008397,0.008884,0.005863,0.010665,0.012239,1,0.000246
turnover_signal,2021-04-22,-0.067122,160,-0.003637,0.006134,-0.003456,0.000797,-0.00799,0.001075,-0.003046,-0.003034,-0.0045,-0.004889,1,-0.001252
turnover_signal,2021-04-23,0.137569,160,0.01228,0.013577,0.011042,0.007406,0.0142,0.007594,0.003332,0.013436,0.014499,0.027501,1,0.015222
turnover_signal,2021-04-26,-0.137056,160,-0.009379,-0.002366,-0.007612,0.002089,-0.007223,-0.004209,-0.010089,-0.007593,-0.014538,-0.009001,1,0.000378
turnover_signal,2021-04-27,-0.139596,160,0.011638,0.005691,-0.001069,-0.002453,0.000455,0.00993,-0.000705,-0.007974,-0.001307,0.001707,1,-0.009931
turnover_signal,2021-04-28,-0.10063,160,0.000899,0.002887,0.013232,0.006095,0.004323,0.000554,0.011655,-0.000667,-0.00488,-0.00232,1,-0.003218
turnover_signal,2021-04-29,0.106595,160,-0.005897,-0.000752,0.003202,0.00408,0.003761,0.008573,0.002892,0.000684,0.003224,0.005548,1,0.011445
turnover_signal,2021-04-30,0.029213,160,-0.013535,-0.001953,-0.012518,-0.025076,-0.009807,-0.021294,-0.018065,-0.007878,-0.00492,-0.010757,1,0.002778
turnover_signal,2021-05-03,0.103217,160,-0.007402,-0.009028,0.000938,-0.008255,-0.013096,-0.003876,-0.002167,-0.002652,-0.004679,-0.001906,1,0.005495
turnover_signal,2021-05-04,0.024719,160,-0.005902,0.00199,-0.002365,-0.001858,0.002413,-0.004707,-0.002573,0.001866,-0.000864,-0.004876,1,0.001026
turnover_signal,2021-05-05,0.033001,160,-0.0112,-0.006592,-0.00944,-0.008417,-0.006363,-0.006494,-0.004769,-0.008443,0.005194,-0.015915,1,-0.004716
turnover_signal,2021-05-06,-0.01164,160,0.008088,0.005613,0.004073,-0.000723,0.008577,0.017464,0.007099,0.008429,0.00438,0.00282,1,-0.005268
turnover_signal,2021-05-07,0.009888,160,-0.000785,0.011942,0.004229,0.005577,0.008409,-0.0024,0.007406,0.000263,0.002401,0.007984,1,0.008769
turnover_signal,2021-05-10,0.026623,160,-0.019379,-0.003256,-0.016908,-0.019669,-0.017594,-0.015498,-0.016108,-0.01794,-0.010179,-0.012787,1,0.006593
turnover_signal,2021-05-11,0.055156,160,-0.017462,-0.019443,-0.012559,-0.015243,-0.020818,-0.015897,-0.012734,-0.019598,-0.014074,-0.013673,1,0.003788
turnover_signal,2021-05-12,-0.161576,160,-0.010425,-0.008683,-0.004095,-0.012642,-0.017448,-0.009119,-0.012821,-0.015099,-0.010595,-0.018996,1,-0.008571
turnover_signal,2021-05-13,-0.057817,160,-2e-05,0.008209,-0.001976,0.000762,0.0046,-0.000167,0.000994,-0.003989,0.009307,-0.007069,1,-0.007049
turnover_signal,2021-05-14,-0.073025,160,0.022717,0.022327,0.013248,0.00863,0.023745,0.020531,0.010309,0.015071,0.02054,0.017626,1,-0.005091
turnover_signal,2021-05-17,0.137223,160,-0.004187,-0.009288,0.002408,-0.005161,-4.5e-05,-0.006147,0.00264,0.001604,-0.000316,0.001541,1,0.005728
turnover_signal,2021-05-18,0.05777,160,0.004454,-0.000233,-0.000207,0.005111,0.005165,0.003451,0.005593,0.003826,0.005867,0.003745,1,-0.000709
turnover_signal,2021-05-19,-0.019041,160,-0.009476,-0.012324,-0.011343,-0.005581,-0.012312,-0.006083,-0.014726,-0.009356,-0.012321,-0.012185,1,-0.002709
turnover_signal,2021-05-20,0.003018,160,-0.010534,-0.00756,-0.011629,-0.002569,-0.008646,-0.009535,-0.010113,-0.007438,-0.006171,-0.007827,1,0.002708
turnover_signal,2021-05-21,-0.075592,160,-0.012802,-0.01033,-0.016721,-0.020688,-0.013154,-0.011818,-0.018231,-0.012122,-0.021209,-0.018902,1,-0.0061
turnover_signal,2021-05-24,-0.08928,160,-0.003729,0.003496,0.000651,-0.000408,0.005451,0.010387,-0.012025,-0.005518,-0.00068,-0.003041,1,0.000688
turnover_signal,2021-05-25,-0.006451,160,0.003471,0.010827,0.013361,0.018188,0.005603,0.003191,0.01221,0.020049,0.003658,0.005007,1,0.001537
turnover_signal,2021-05-26,-0.003627,160,0.002492,0.000662,-0.001854,0.001222,-0.012533,-0.001648,-0.000303,6.4e-05,-0.00577,0.004099,1,0.001607
turnover_signal,2021-05-27,-0.07662,160,0.013627,0.011802,0.015676,0.015976,0.016922,0.013965,0.010303,0.010234,0.00496,0.016973,1,0.003346
turnover_signal,2021-05-28,-0.039336,160,0.000953,0.004199,0.007357,-0.001351,0.009376,0.002451,-0.005228,0.009133,0.00427,0.00239,1,0.001437
turnover_signal,2021-05-31,0.093094,160,0.005248,-0.001944,0.003582,-0.002189,-0.007187,0.008195,0.002916,0.000572,0.006122,0.005316,1,6.8e-05
turnover_signal,2021-06-01,-0.009317,160,0.003696,0.00659,0.002753,-0.004424,0.005208,0.009116,0.005403,0.002053,-0.000371,0.004897,1,0.0012
turnover_signal,2021-06-02,-0.078029,160,-0.002611,0.009324,0.006459,0.004835,0.003164,0.006077,0.002364,0.004396,0.000171,-0.002176,1,0.000434
turnover_signal,2021-06-03,0.04126,160,0.007806,0.012029,0.015634,0.010864,0.006146,0.010689,0.019037,0.015012,0.009125,0.010056,1,0.00225
turnover_signal,2021-06-04,0.112592,160,-0.007032,-0.005294,-0.009816,-0.008365,-0.016823,-0.004541,-0.003627,-0.001977,-0.004938,-0.002417,1,0.004615
turnover_signal,2021-06-07,-0.007761,160,-0.024693,-0.020548,-0.017191,-0.016153,-0.019482,-0.023858,-0.013508,-0.026809,-0.023325,-0.012078,1,0.012616
turnover_signal,2021-06-08,-0.089253,160,0.002933,-0.001753,-7.6e-05,0.002232,0.005797,-0.002268,-0.001773,-0.005491,-0.002357,-0.000365,1,-0.003297
turnover_signal,2021-06-09,-0.027622,160,-0.000548,-0.002486,-0.002635,-0.002207,-0.003252,-0.00568,-0.002894,-0.001242,-0.00716,0.000307,1,0.000854
turnover_signal,2021-06-10,-0.052795,160,0.002688,-0.004448,0.007554,-0.002556,0.000135,-0.001754,0.002773,0.006423,-0.00119,-0.006532,1,-0.00922
turnover_signal,2021-06-11,-0.002575,160,0.018095,0.006226,0.022953,0.026267,0.012626,0.019157,0.023176,0.022921,0.007693,0.017993,1,-0.000102
turnover_signal,2021-06-14,0.113568,160,-0.015015,-0.014411,-0.01989,-0.01443,-0.011349,-0.00841,-0.007588,-0.01224,-0.010309,-0.01146,1,0.003555
turnover_signal,2021-06-15,0.093364,160,0.007517,0.005966,0.006369,0.000149,0.005547,0.002746,0.013292,0.009638,0.012295,0.006776,1,-0.000741
turnover_signal,2021-06-16,0.026585,160,0.003241,0.015091,0.013168,0.004461,0.011169,0.008633,0.002098,0.016808,0.007344,0.012329,1,0.009088
turnover_signal,2021-06-17,-0.266175,160,0.017422,0.003063,0.005919,0.011794,0.003929,0.008291,-0.000446,-0.00033,0.004647,-0.005206,1,-0.022628
turnover_signal,2021-06-18,0.045895,160,0.011644,0.007835,0.010815,0.011048,0.015501,0.011813,0.013149,0.011897,0.013176,0.015924,1,0.00428
turnover_signal,2021-06-21,0.004541,160,-0.001067,-0.000399,-0.004958,-0.010363,-0.003234,0.001129,0.004394,-0.008143,0.001056,-0.004041,1,-0.002974
turnover_signal,2021-06-22,0.124423,160,-0.01296,-0.002116,-0.004946,-0.015342,-0.009446,-0.00742,-0.018075,0.000284,-0.007835,-0.001622,1,0.011338
turnover_signal,2021-06-23,0.080687,160,0.005035,0.004751,0.011333,0.011302,0.005143,0.014068,0.009606,0.011726,0.00765,0.00861,1,0.003575
turnover_signal,2021-06-24,0.204512,160,-0.008989,0.012781,0.0078,0.00615,0.00915,0.006234,0.013693,0.008415,0.00702,0.016007,1,0.024996
turnover_signal,2021-06-25,-0.04097,160,0.014624,0.009207,0.014892,0.003974,0.020991,0.019052,0.010013,0.015941,0.005685,0.012681,1,-0.001943
turnover_signal,2021-06-28,0.041275,160,-0.000621,-0.000886,0.003525,0.008603,-0.002399,0.005937,-0.004852,-0.001694,0.004946,0.005119,1,0.005739
turnover_signal,2021-06-29,-0.080101,160,0.007509,0.021271,0.012483,0.015994,0.018926,0.018871,0.01898,0.012663,0.007323,0.010648,1,0.003139
turnover_signal,2021-06-30,0.078026,160,-0.003819,-0.005759,-0.00634,-0.001492,0.000575,0.000588,-0.007292,0.000616,-0.006451,0.005473,1,0.009292
turnover_signal,2021-07-01,-0.071601,160,-0.00554,-0.012395,-0.008459,-0.009019,-0.003922,-0.01957,-0.012886,-0.016707,-0.007232,-0.014597,1,-0.009058
turnover_signal,2021-07-02,-0.087455,160,-0.011236,-0.01549,-0.016823,-0.012234,-0.01742,-0.015371,-0.014123,-0.020289,-0.019934,-0.019598,1,-0.008362
turnover_signal,2021-07-05,-0.060705,160,-0.004168,-0.002768,-0.011703,-0.011007,-0.005769,-0.012346,-0.016691,-0.009181,-0.009297,-0.008087,1,-0.003918
turnover_signal,2021-07-06,0.018314,160,0.005899,0.008575,0.004461,0.01198,0.001592,0.011559,-0.001964,0.012012,0.00797,0.007429,1,0.00153
turnover_signal,2021-07-07,-0.050686,160,-0.010254,-0.012472,-0.011347,-0.017318,-0.011868,-0.0085,-0.020056,-0.017941,-0.019302,-0.008774,1,0.00148
turnover_signal,2021-07-08,-0.096695,160,-0.00491,-0.000941,0.001914,-0.002484,-0.002627,-0.00265,0.004119,-0.007901,-0.009597,-0.004298,1,0.000612
turnover_signal,2021-07-09,-0.047214,160,0.01934,0.024124,0.021148,0.014471,0.013518,0.019151,0.018084,0.02169,0.0182,0.017475,1,-0.001865
turnover_signal,2021-07-12,-0.138468,160,0.013622,0.003069,0.005247,0.009758,0.01309,0.003814,0.005454,0.006527,0.001205,0.001852,1,-0.01177
turnover_signal,2021-07-13,-0.024086,160,0.020231,0.015934,0.023517,0.008989,0.017403,0.011409,0.022356,0.015577,0.022768,0.011809,1,-0.008422
turnover_signal,2021-07-14,-0.121068,160,-0.007173,0.001568,-0.003436,-0.010231,-0.009427,-0.014857,-0.015155,-0.016113,-0.008628,-0.001776,1,0.005398
turnover_signal,2021-07-15,0.049543,160,-0.01628,-0.028163,-0.021106,-0.018475,-0.021114,-0.024843,-0.022252,-0.017001,-0.019528,-0.015512,1,0.000769
turnover_signal,2021-07-16,-0.067995,160,0.020244,0.008696,0.013158,0.020312,0.018033,0.018907,0.012053,0.010527,0.008677,0.013007,1,-0.007237
turnover_signal,2021-07-19,-0.066952,160,-0.011149,-0.014108,-0.010554,-0.020131,-0.009241,-0.014535,-0.014071,-0.018791,-0.01531,-0.011719,1,-0.000569
turnover_signal,2021-07-20,-0.004887,160,0.000221,-0.004979,0.009234,-0.001647,0.011687,-0.000533,0.005171,-0.004341,0.002679,0.001886,1,0.001665
turnover_signal,2021-07-21,-0.125457,160,4.9e-05,0.003964,0.00964,0.001363,-0.001167,0.00673,0.002673,0.004756,-0.000706,-0.004531,1,-0.004579
turnover_signal,2021-07-22,-0.055927,160,-0.011155,-0.00824,0.000113,-0.009741,-0.006171,-0.008189,-0.011022,-0.00614,-0.007222,-0.00887,1,0.002285
turnover_signal,2021-07-23,0.056173,160,0.011134,0.013858,0.012029,0.008248,0.01586,0.012508,0.014576,0.009429,0.013226,0.018927,1,0.007793
turnover_signal,2021-07-26,-0.019545,160,0.016867,0.00991,0.019776,0.010471,0.012694,0.007026,0.009971,0.015525,0.01041,0.014608,1,-0.002259
turnover_signal,2021-07-27,-0.030364,160,0.009769,0.004453,0.015467,0.00496,0.007733,0.001321,0.005618,0.008284,0.005709,0.007758,1,-0.002011
turnover_signal,2021-07-28,-0.040027,160,-0.003901,0.009336,-0.002426,0.001355,-0.000561,0.00152,-0.002882,-0.00097,-0.004355,0.002396,1,0.006297
turnover_signal,2021-07-29,-0.038773,160,0.000709,-0.004594,0.003556,0.004133,0.006658,0.005985,-0.002665,-0.005982,0.003635,-0.004109,1,-0.004818
turnover_signal,2021-07-30,0.065929,160,-0.011419,-0.007385,-0.010111,-0.006809,-0.014141,-0.011673,-0.009728,-0.00808,-0.008392,-0.008611,1,0.002807
turnover_signal,2021-08-02,0.027435,160,-0.012395,0.001823,-0.008208,-0.003617,-0.000833,-0.001559,-0.006375,-0.004859,-0.00202,-0.00341,1,0.008985
turnover_signal,2021-08-03,-0.071282,160,0.001414,-0.00428,0.005835,-0.004531,-0.002609,0.004849,-0.002627,0.002239,-0.007879,-0.002841,1,-0.004255
turnover_signal,2021-08-04,0.122337,160,-0.013166,-0.005283,-0.009869,-0.009979,-0.003911,-0.003224,0.00197,-0.002727,-0.011103,-0.000655,1,0.012511
turnover_signal,2021-08-05,-0.007524,160,0.005266,0.00839,0.003873,0.006694,0.008377,0.010829,0.012632,0.002698,0.005202,0.003971,1,-0.001294
turnover_signal,2021-08-06,-0.069835,160,-0.016758,-0.013032,-0.013869,-0.006512,-0.014296,-0.00882,-0.018031,-0.018321,-0.007797,-0.017567,1,-0.000809
turnover_signal,2021-08-09,-0.091105,160,-0.001811,-0.000546,-0.003557,0.004379,-0.004225,-0.010878,0.000126,-0.00431,-0.006953,-0.005809,1,-0.003999
turnover_signal,2021-08-10,-0.11278,160,-0.020805,-0.019337,-0.019729,-0.018381,-0.02802,-0.021809,-0.017469,-0.031061,-0.024928,-0.024208,1,-0.003403
turnover_signal,2021-08-11,-0.03766,160,-0.000391,0.012736,0.011414,0.004251,0.013895,0.002018,0.009494,0.009836,0.004888,0.004802,1,0.005193
turnover_signal,2021-08-12,-0.034323,160,0.003894,0.004276,0.012489,0.001822,0.003723,0.000264,0.002048,-0.001141,0.000735,0.008296,1,0.004402
turnover_signal,2021-08-13,-0.08398,160,0.004663,0.009809,0.004592,0.003522,-0.00053,2e-05,0.004617,0.00182,0.006889,0.00228,1,-0.002383
turnover_signal,2021-08-16,0.056542,160,0.019731,0.018347,0.026239,0.018434,0.020473,0.02379,0.026546,0.025587,0.02541,0.017806,1,-0.001925
turnover_signal,2021-08-17,-0.041483,160,0.011818,0.007295,0.008661,0.007037,0.016545,-9.3e-05,0.009547,0.011622,0.007877,0.008174,1,-0.003645
turnover_signal,2021-08-18,0.069785,160,-0.016277,-0.012986,-0.003367,-0.012256,-0.008873,-0.011319,-0.012838,-0.008153,-0.010763,-0.010367,1,0.00591
turnover_signal,2021-08-19,-0.050308,160,0.025082,0.024342,0.023312,0.025325,0.023447,0.022447,0.0247,0.020521,0.023694,0.022308,1,-0.002774
turnover_signal,2021-08-20,-0.004023,160,-0.009426,-0.009402,-0.003175,-0.006249,-0.012735,-0.004092,-0.012774,-0.005252,-0.009748,-0.006078,1,0.003348
turnover_signal,2021-08-23,-0.16689,160,0.006163,0.014312,0.008871,0.00683,0.006218,0.005158,0.008381,0.004637,-0.00058,0.003992,1,-0.00217
turnover_signal,2021-08-24,-0.004767,160,0.009114,-0.001343,0.009394,0.004848,0.001962,0.003006,0.001162,0.009992,-0.007183,0.010249,1,0.001135
turnover_signal,2021-08-25,0.031032,160,-0.006284,-0.009075,-0.015627,-0.013633,-0.000254,-0.008844,-0.002914,-0.005699,-0.002347,-0.016059,1,-0.009775
turnover_signal,2021-08-26,-0.000905,160,0.017759,0.007739,0.009804,0.009264,0.010097,0.016271,0.009338,0.005296,0.004558,0.020381,1,0.002622
turnover_signal,2021-08-27,-0.021555,160,-0.001273,0.007191,-0.001103,0.006739,0.008071,0.008802,-0.006775,0.004379,0.005475,0.000385,1,0.001658
turnover_signal,2021-08-30,-0.001857,160,0.012193,0.003492,-0.002356,0.011204,0.002856,0.008765,0.005841,0.010282,0.001174,0.010062,1,-0.002131
turnover_signal,2021-08-31,-0.032465,160,-0.000313,-0.004714,0.000596,-0.005618,-0.004729,-0.008283,-0.012004,-0.005352,-0.004703,0.002712,1,0.003025
turnover_signal,2021-09-01,-0.002115,160,0.016215,0.017657,0.015581,0.012718,0.015657,0.011794,0.008299,0.017821,0.012367,0.017315,1,0.0011
turnover_signal,2021-09-02,0.079708,160,-0.006277,-0.00249,-0.007136,-0.0134,-0.009453,-0.008706,-6.5e-05,-0.007845,0.000725,-0.001896,1,0.004381
turnover_signal,2021-09-03,0.038832,160,-0.013197,-0.018795,-0.021426,-0.0068,-0.016252,-0.013717,-0.02214,-0.014623,-0.0142,-0.009606,1,0.003591
turnover_signal,2021-09-06,-0.121765,160,0.020451,0.018928,0.009839,0.023475,0.020128,0.014712,0.018118,0.014857,0.015237,0.011409,1,-0.009043
turnover_signal,2021-09-07,-0.08023,160,-0.005528,-0.003075,-0.000495,-0.003247,-0.002659,-0.004629,-0.004597,-0.004707,-0.009639,-0.004184,1,0.001345
turnover_signal,2021-09-08,0.037891,160,-0.000529,0.001133,-0.00178,-0.0051,0.005065,0.014267,0.003507,-0.000232,-0.003758,0.007673,1,0.008202
turnover_signal,2021-09-09,-0.021059,160,0.012865,0.025716,0.011703,0.016796,0.019659,0.013502,0.018502,0.01907,0.020471,0.010979,1,-0.001886
turnover_signal,2021-09-10,-0.082913,160,0.013191,0.013913,0.019055,0.013075,0.007691,0.008528,0.004892,0.009797,0.0156,0.009282,1,-0.003909
turnover_signal,2021-09-13,0.078753,160,0.005238,-0.001885,0.008756,0.00532,0.003935,0.013912,0.00655,0.005475,0.004693,0.008866,1,0.003628
turnover_signal,2021-09-14,-0.064377,160,0.00639,0.014328,0.004385,0.004895,0.008807,0.002147,0.000292,0.000406,0.003471,0.011761,1,0.005372
turnover_signal,2021-09-15,0.041545,160,-0.003822,-0.007764,-0.010823,-0.011668,-0.016389,-0.003847,-0.002785,-0.005521,0.000709,-0.010972,1,-0.00715
turnover_signal,2021-09-16,0.055865,160,-0.007705,0.002348,0.010109,0.00791,0.008081,0.006836,0.010486,0.000353,0.006316,0.004742,1,0.012448
turnover_signal,2021-09-17,-0.106958,160,0.01277,0.016071,0.01003,0.014798,0.015898,0.012738,0.010382,0.016702,0.009987,0.007169,1,-0.005601
turnover_signal,2021-09-20,-0.001368,160,0.010857,0.005261,0.007982,0.009477,-0.005101,0.002116,0.008953,0.008769,0.004991,0.011822,1,0.000965
turnover_signal,2021-09-21,0.07316,160,-0.011791,-0.002148,-0.002709,-0.003199,-0.004278,0.003978,-0.002665,0.001863,-0.009757,-0.00181,1,0.00998
turnover_signal,2021-09-22,-0.071613,160,-0.027914,-0.030434,-0.026284,-0.028822,-0.036626,-0.038228,-0.036339,-0.033888,-0.02739,-0.031274,1,-0.00336
turnover_signal,2021-09-23,-0.060281,160,0.002547,0.005957,0.00858,0.003332,0.008601,0.011411,0.006273,-0.00482,0.00429,-0.001965,1,-0.004512
turnover_signal,2021-09-24,-0.041583,160,0.005225,-0.001173,0.005245,-0.001399,-0.000496,-0.000976,-0.003349,0.008106,-0.000532,-5.5e-05,1,-0.00528
turnover_signal,2021-09-27,-0.156062,160,0.009114,0.001828,-0.002298,-0.007532,-0.004632,0.004308,-0.005587,-0.008313,-0.005449,-0.003718,1,-0.012831
turnover_signal,2021-09-28,-0.187794,160,0.017178,0.00625,0.007476,0.001856,0.005215,0.011533,0.003121,0.006744,0.001503,0.000465,1,-0.016713
turnover_signal,2021-09-29,0.047228,160,0.007457,0.006079,-0.000894,0.0058,0.008739,-0.001304,-0.002503,0.005034,0.000743,0.016831,1,0.009373
turnover_signal,2021-09-30,-0.096941,160,0.008357,0.003592,0.005745,0.007404,-0.004836,0.008389,0.007456,-0.004817,0.004004,0.001063,1,-0.007294
turnover_signal,2021-10-01,0.076398,160,-0.009947,-0.016726,-0.014296,-0.014312,-0.011089,-0.013033,-0.006584,-0.012621,-0.008529,-0.010329,1,-0.000381
turnover_signal,2021-10-04,0.118361,160,-0.010098,-0.014053,-0.022436,-0.015342,-0.012755,-0.009461,-0.018188,-0.00868,-0.010944,-0.006199,1,0.003899
turnover_signal,2021-10-05,0.008907,160,0.00391,0.003996,0.002959,0.001708,-0.00076,0.001615,0.005941,0.001235,0.004812,0.002489,1,-0.001421
turnover_signal,2021-10-06,-0.015505,160,-0.001645,0.007798,-0.001841,-0.003851,0.008118,0.006091,-0.00284,-0.001298,0.001199,0.000185,1,0.00183
turnover_signal,2021-10-07,-0.068414,160,-0.005373,0.008786,5.6e-05,-0.001639,-0.004446,0.005438,0.000333,0.003102,-0.004292,-0.003964,1,0.001409
turnover_signal,2021-10-08,-0.016594,160,0.002408,-0.000693,0.005261,-0.003372,0.000231,0.002565,0.007312,0.000229,0.004306,-0.003026,1,-0.005434
turnover_signal,2021-10-11,-0.056284,160,0.005397,0.008347,0.003578,0.00385,-7e-06,0.005758,0.005428,0.005842,0.002668,0.000964,1,-0.004433
turnover_signal,2021-10-12,-0.049654,160,0.008499,0.005538,0.001981,-0.003632,0.006009,0.000597,0.005429,0.004026,0.005988,-0.003828,1,-0.012328
turnover_signal,2021-10-13,0.128674,160,-0.004222,-0.003977,0.007479,0.000189,0.008867,-0.000609,0.003448,0.004533,0.004481,0.002582,1,0.006804
turnover_signal,2021-10-14,0.035202,160,1.9e-05,-0.006593,-0.002827,0.006889,0.001444,0.002537,-0.000176,-0.003188,0.001057,0.004295,1,0.004276
turnover_signal,2021-10-15,0.022612,160,0.004511,0.008448,0.00794,0.014206,0.011597,0.005516,0.004066,0.008577,0.006509,0.012291,1,0.007779
turnover_signal,2021-10-18,0.015534,160,0.001008,-0.003925,-0.007862,-0.005769,-0.005943,-0.001231,0.00508,-0.003973,-0.005311,-0.005109,1,-0.006117
turnover_signal,2021-10-19,0.087124,160,0.001349,0.008563,0.006727,0.00647,0.005211,0.011453,0.00908,0.011057,0.004917,0.007129,1,0.00578
turnover_signal,2021-10-20,-0.032571,160,0.003071,0.010132,0.002752,0.004975,0.000587,0.011364,0.008011,0.010118,0.003576,0.00191,1,-0.001161
turnover_signal,2021-10-21,-0.144337,160,0.004573,0.007823,-0.000834,0.003537,0.004831,0.000692,-0.001582,0.003451,0.002764,-0.009682,1,-0.014255
turnover_signal,2021-10-22,-0.06885,160,-0.000681,-0.003006,0.000635,-0.011996,0.000704,-0.005551,-0.012153,-0.001462,-0.009129,0.005215,1,0.005897
turnover_signal,2021-10-25,0.007603,160,-0.002533,0.002965,0.006325,0.001062,0.006299,0.008622,0.003121,0.007201,0.00317,2.7e-05,1,0.00256
turnover_signal,2021-10-26,0.194401,160,0.000117,0.003952,-0.00449,0.008554,0.012894,0.010695,0.01042,0.016679,0.011481,0.005798,1,0.005681
turnover_signal,2021-10-27,-0.020529,160,-0.01866,-0.006927,-0.007742,-0.011612,-0.010183,-0.01078,-0.00612,-0.011132,-0.012328,-0.014665,1,0.003995
turnover_signal,2021-10-28,0.011467,160,-0.003049,0.003822,-0.00624,0.002113,0.003242,0.004746,-0.001777,0.001202,0.002595,-0.002005,1,0.001044
turnover_signal,2021-10-29,-0.004213,160,-0.002991,-0.002893,0.008954,0.008348,0.009813,0.006,0.003691,0.001205,-0.001494,0.00265,1,0.005641
turnover_signal,2021-11-01,-0.054943,160,-0.004359,-0.001658,-0.003371,0.002219,-0.018695,-0.003219,-0.00574,0.001534,-0.001788,-0.011663,1,-0.007304
turnover_signal,2021-11-02,0.058857,160,-0.002778,-0.012843,-0.001671,-0.003814,-0.006611,-0.006188,-0.006808,-0.00404,-0.004677,-0.002123,1,0.000655
turnover_signal,2021-11-03,-0.021182,160,-0.013354,-0.009048,-0.01213,-0.02024,-0.013609,-0.011185,-0.008273,-0.014107,-0.015713,-0.013946,1,-0.000592
turnover_signal,2021-11-04,-0.118317,160,-0.011301,-0.005542,-0.005943,-0.008116,-0.014969,-0.009513,-0.012009,-0.013089,-0.018424,-0.011667,1,-0.000366
turnover_signal,2021-11-05,-0.049435,160,-0.00928,-0.0173,-0.016343,-0.011918,-0.018027,-0.01377,-0.012201,-0.018252,-0.017373,-0.014993,1,-0.005713
turnover_signal,2021-11-08,0.008104,160,-0.006451,-0.004434,-0.020748,-0.005656,-0.000458,-0.012432,-0.003938,-0.002726,-0.007436,-0.013974,1,-0.007522
turnover_signal,2021-11-09,-0.118469,160,-0.004008,-0.004584,-0.001683,0.000964,-0.002239,-0.006742,0.000258,-0.017407,-0.007771,-0.004122,1,-0.000115
turnover_signal,2021-11-10,-0.079072,160,-0.005255,0.003095,-0.001983,-0.005183,-0.004578,-0.00077,0.00105,-0.008235,-0.008204,-0.00343,1,0.001824
turnover_signal,2021-11-11,-0.008042,160,0.00325,0.008575,0.002852,-0.006379,-0.003912,0.000891,-0.001338,-0.000967,0.001378,0.006313,1,0.003064
turnover_signal,2021-11-12,-0.054307,160,-0.002887,0.00186,-0.004591,-0.00659,0.002235,-0.00077,0.006612,0.001672,-0.007678,-0.009083,1,-0.006196
turnover_signal,2021-11-15,-0.062329,160,-0.003718,-0.003852,-0.020117,0.00231,0.001064,-0.008819,-0.003831,-0.008861,-0.010067,-0.008778,1,-0.00506
turnover_signal,2021-11-16,-0.024651,160,-0.007371,-0.003236,-0.006224,-0.012563,-0.01068,-0.002959,-0.008562,-0.012759,-0.013759,-0.002808,1,0.004563
turnover_signal,2021-11-17,-0.173078,160,0.004572,-0.012242,-0.016609,-0.007983,-0.008407,-0.018939,-0.010998,-0.012148,-0.015247,-0.014653,1,-0.019225
turnover_signal,2021-11-18,0.028689,160,0.002148,-0.003594,0.001053,0.002608,-0.008348,-0.001842,0.003151,-0.000155,0.005774,-0.000767,1,-0.002915
turnover_signal,2021-11-19,0.006094,160,-0.005026,0.002181,0.002102,-0.004022,-0.002663,-0.000529,-0.001684,0.000899,-0.002757,-0.001832,1,0.003194
turnover_signal,2021-11-22,0.007052,160,0.008726,0.017401,0.014436,0.015656,0.009504,0.009841,0.013048,0.00821,0.013791,0.018424,1,0.009698
turnover_signal,2021-11-23,0.057351,160,0.008011,0.013052,0.01618,0.017881,0.015849,0.016471,0.010236,0.017151,0.013823,0.015405,1,0.007394
turnover_signal,2021-11-24,-0.01532,160,0.013172,0.013615,0.021494,0.016103,0.016141,0.014691,0.017387,0.021363,0.009164,0.010912,1,-0.00226
turnover_signal,2021-11-25,-0.015323,160,0.019575,0.022693,0.017331,0.017836,0.014667,0.018755,0.020697,0.023932,0.016345,0.015666,1,-0.003909
turnover_signal,2021-11-26,0.056314,160,-0.014389,-0.014664,-0.009728,-0.018033,-0.011066,-0.016165,-0.011453,-0.008264,-0.010889,-0.017649,1,-0.00326
turnover_signal,2021-11-29,0.127186,160,0.005419,0.007914,0.000808,0.003917,0.003578,0.004869,0.006341,0.010172,0.001186,0.015963,1,0.010544
turnover_signal,2021-11-30,-0.041527,160,0.004602,0.006915,0.013477,0.005109,0.009036,0.002235,0.011237,0.010379,0.00621,0.001627,1,-0.002975
turnover_signal,2021-12-01,0.067971,160,-0.005358,0.004252,0.002392,0.007511,0.003791,0.00613,-0.002691,0.010828,0.004356,-0.000839,1,0.004518
turnover_signal,2021-12-02,0.109862,160,0.017515,0.018526,0.017522,0.018716,0.018745,0.016809,0.027051,0.021898,0.024645,0.021534,1,0.004019
turnover_signal,2021-12-03,0.041568,160,0.024459,0.021131,0.019982,0.018472,0.018025,0.026158,0.021193,0.023329,0.023102,0.020846,1,-0.003613
turnover_signal,2021-12-06,-0.12166,160,0.014155,0.015078,0.01352,0.006577,0.006083,0.017546,0.004288,0.006121,0.006551,0.011322,1,-0.002833
turnover_signal,2021-12-07,-0.065607,160,0.010747,0.004899,0.004781,0.005014,0.011769,0.002129,0.00897,0.010623,-0.001467,0.0035,1,-0.007247
turnover_signal,2021-12-08,-0.1158,160,0.00102,-0.011806,-0.006192,-0.0112,-0.006552,-0.012725,-0.012838,-0.018085,-0.005288,-0.013052,1,-0.014072
turnover_signal,2021-12-09,-0.001904,160,-0.006298,-0.011047,-0.019516,-0.007192,-0.015047,-0.016562,-0.006294,-0.003561,-0.011716,-0.014703,1,-0.008405
turnover_signal,2021-12-10,0.089933,160,0.0044,-0.000492,0.007789,0.003996,0.004785,0.004818,0.00448,0.008606,0.015025,0.006725,1,0.002325
turnover_signal,2021-12-13,-0.054034,160,-0.002143,0.006,-0.002392,-0.001503,-0.003054,-0.002501,0.005599,0.002942,-0.002127,-0.00267,1,-0.000527
turnover_signal,2021-12-14,0.219079,160,-0.012164,-0.020384,-0.019257,-0.016868,-0.014677,-0.018398,-0.007204,-0.011282,-0.007465,-0.004667,1,0.007497
turnover_signal,2021-12-15,0.04269,160,0.002871,-0.008768,-0.003561,-0.007015,-0.000618,-0.000619,-0.001729,0.00133,0.001774,-0.004473,1,-0.007344
turnover_signal,2021-12-16,-0.075478,160,0.00675,0.004963,0.007289,0.003092,-0.000195,0.00584,0.004738,-0.003448,0.001577,0.00309,1,-0.00366
turnover_signal,2021-12-17,0.042822,160,0.005519,0.003271,0.00851,0.005204,0.020709,0.008222,0.007817,0.012192,0.00822,0.005761,1,0.000242
turnover_signal,2021-12-20,0.10501,160,-0.00441,-0.007283,0.000695,0.000216,0.007991,0.003152,-0.01028,-0.000581,0.010472,0.000938,1,0.005349
turnover_signal,2021-12-21,-0.044539,160,0.007319,-0.004315,-0.003551,-0.00338,0.004952,-0.006382,0.003002,-0.006654,0.003959,-0.00221,1,-0.009529
turnover_signal,2021-12-22,0.021191,160,-0.003895,-0.003167,-0.000305,0.004506,0.001409,0.01187,0.002127,8.9e-05,0.002567,-0.004557,1,-0.000662
turnover_signal,2021-12-23,-0.143777,160,0.008313,0.009978,0.007521,-0.001328,0.007071,0.008209,-0.003891,-0.001025,0.002864,0.002506,1,-0.005808
turnover_signal,2021-12-24,0.101518,160,-0.012469,-0.01486,-0.01704,-0.015809,-0.012348,-0.014818,-0.015253,-0.008062,-0.008432,-0.006238,1,0.006231
turnover_signal,2021-12-27,-0.008866,160,0.006564,0.007044,0.011313,0.005106,0.003594,0.003296,0.005692,0.007223,0.013378,0.004025,1,-0.002539
turnover_signal,2021-12-28,-0.047647,160,0.026798,0.013042,0.022793,0.020156,0.012399,0.014835,0.015178,0.024048,0.008871,0.025018,1,-0.00178
turnover_signal,2021-12-29,-0.006293,160,0.018323,0.003342,0.005625,0.013199,0.008372,0.009366,-0.000313,0.006553,0.011561,0.014223,1,-0.0041
turnover_signal,2021-12-30,0.047835,160,-0.014779,-0.006261,-0.019565,-0.017646,-0.012335,-0.009035,-0.006171,-0.016408,-0.003677,-0.014874,1,-9.5e-05
turnover_signal,2021-12-31,-0.05281,160,-0.000952,-0.003629,0.003149,-0.00299,-0.003352,-0.006922,-0.000972,-0.000285,-8.4e-05,-0.007376,1,-0.006424
turnover_signal,2022-01-03,-0.060831,160,-0.010878,-0.016343,-0.02226,-0.017085,-0.013568,-0.014811,-0.016099,-0.014886,-0.025985,-0.018357,1,-0.007479
turnover_signal,2022-01-04,-0.091726,160,-0.011704,-0.01646,-0.015473,-0.014222,-0.021732,-0.014767,-0.015505,-0.019201,-0.019276,-0.016913,1,-0.005209
turnover_signal,2022-01-05,-0.022902,160,0.004156,0.011218,0.01586,0.005933,0.009327,-0.000197,0.002177,0.008742,0.001592,0.011436,1,0.00728
turnover_signal,2022-01-06,-0.053522,160,0.004291,0.001315,-0.00117,0.005654,-0.00493,-0.004799,-0.000192,0.002079,0.002534,-0.001649,1,-0.00594
turnover_signal,2022-01-07,0.002625,160,-0.004261,-0.006617,-0.010344,-0.004192,-0.006108,-0.005218,-0.006143,-0.002222,-0.002035,-0.013802,1,-0.009541
turnover_signal,2022-01-10,-0.039037,160,-0.017746,-0.023228,-0.015633,-0.022824,-0.017206,-0.011947,-0.023728,-0.03092,-0.019405,-0.016019,1,0.001727
turnover_signal,2022-01-11,0.022199,160,-0.007335,-0.01525,-0.012075,-0.005625,-0.011531,-0.00484,-0.006892,-0.008113,-0.011442,-0.009599,1,-0.002264
turnover_signal,2022-01-12,-0.131531,160,0.014195,0.00298,0.009865,-0.00096,0.002095,-0.002753,0.003486,0.008021,-0.005258,0.002676,1,-0.011519
turnover_signal,2022-01-13,-0.088035,160,0.00709,-0.000647,-0.001035,0.002854,-0.002137,0.006305,0.00044,0.002635,-0.006654,-0.001022,1,-0.008112
turnover_signal,2022-01-14,-0.061476,160,0.010577,0.012585,0.012113,0.004501,-0.000512,0.009966,0.01148,0.003913,0.006071,0.013333,1,0.002756
turnover_signal,2022-01-17,-0.021763,160,0.012714,0.014011,0.013379,0.014827,0.015915,0.013324,0.0139,0.012561,0.009429,0.016205,1,0.00349
turnover_signal,2022-01-18,-0.060694,160,-0.003384,-0.000288,0.00055,-0.006406,-0.004374,-0.00303,-0.006438,-0.004884,-0.007802,-0.003555,1,-0.000171
turnover_signal,2022-01-19,0.048333,160,0.004813,0.002368,-0.000847,0.008279,-0.000908,0.00628,0.002335,0.002618,0.003047,0.007986,1,0.003173
turnover_signal,2022-01-20,0.091536,160,-0.007825,0.001301,-0.008266,0.007295,-0.007868,-0.006085,-0.002696,-0.003222,-0.001522,0.00811,1,0.015935
turnover_signal,2022-01-21,0.011863,160,-0.001784,-0.00688,-0.001615,-0.003076,-0.005011,-0.003059,0.001611,-0.001108,-0.008396,-0.001393,1,0.000391
turnover_signal,2022-01-24,-0.183743,160,0.008177,-0.000553,0.000376,-0.001213,-0.000917,-0.009103,-0.00498,-0.001852,-0.004818,-0.006097,1,-0.014274
turnover_signal,2022-01-25,0.050782,160,0.013791,0.00073,0.018124,0.012376,0.003842,0.009044,0.009232,0.018231,0.012074,0.011081,1,-0.00271
turnover_signal,2022-01-26,0.020617,160,-0.009687,-0.010619,-0.004427,-0.005869,-0.002109,-0.017073,-0.004965,-0.012719,-0.008789,-0.002087,1,0.007601
turnover_signal,2022-01-27,0.004483,160,0.014064,0.013931,0.003836,0.0072,-0.001323,0.00936,0.008255,0.018609,0.005531,0.008869,1,-0.005195
turnover_signal,2022-01-28,0.211245,160,0.007201,0.007595,0.006732,0.009307,0.010417,0.008626,0.018675,0.017596,0.021082,0.014725,1,0.007524
turnover_signal,2022-01-31,-0.026198,160,-0.006061,-0.003025,0.007004,-0.002294,-0.002335,-0.001979,-0.004964,-0.001266,0.001306,-0.006669,1,-0.000608
turnover_signal,2022-02-01,-0.069647,160,-0.001346,0.00663,0.005937,0.005568,0.001151,-0.005839,-0.005627,0.006257,-0.002065,0.003331,1,0.004677
turnover_signal,2022-02-02,-0.074971,160,-0.010941,-0.007674,-0.004884,-0.015439,-0.017742,-0.009166,-0.012544,-0.010987,-0.014784,-0.009165,1,0.001776
turnover_signal,2022-02-03,-0.134044,160,0.027712,0.022458,0.019214,0.02095,0.028385,0.022274,0.014909,0.012412,0.019733,0.021877,1,-0.005835
turnover_signal,2022-02-04,-0.121927,160,0.021183,0.013715,0.013143,0.008359,0.012475,0.011571,0.011955,0.005941,0.007736,0.013153,1,-0.00803
turnover_signal,2022-02-07,-0.012332,160,-0.003571,0.004237,-0.003969,0.002163,0.002629,0.008625,-0.003036,-0.002726,-0.00167,-0.000105,1,0.003466
turnover_signal,2022-02-08,-0.012475,160,-0.00703,0.009825,-0.004368,0.008467,0.005102,-0.001703,0.004896,0.001544,-0.008327,0.000489,1,0.007519
turnover_signal,2022-02-09,-0.084859,160,0.009755,0.001797,0.004644,0.005658,0.006331,-0.001749,0.010164,0.004763,0.001243,0.002431,1,-0.007324
turnover_signal,2022-02-10,-0.030423,160,-0.000783,-0.001897,-0.012331,-0.010079,-0.010612,-0.01091,-0.0034,-0.00336,-0.014493,-0.004424,1,-0.00364
turnover_signal,2022-02-11,0.015771,160,0.007813,0.004939,0.00315,0.001087,-0.003786,0.003446,0.009462,0.010659,0.006291,0.001279,1,-0.006534
turnover_signal,2022-02-14,-0.07955,160,0.002348,-0.00486,-0.006124,-0.004391,-0.001152,-0.011343,-0.009877,0.001552,-0.015023,0.000344,1,-0.002004
turnover_signal,2022-02-15,0.023928,160,0.002097,0.006153,0.005409,-0.000194,0.004577,0.00149,6.8e-05,0.005211,0.007892,0.001688,1,-0.000409
turnover_signal,2022-02-16,0.016548,160,-0.011906,0.000302,-0.006503,-0.009195,-0.00631,-0.005108,-0.012053,-0.004766,-0.008213,-0.004355,1,0.00755
turnover_signal,2022-02-17,0.131692,160,0.00323,0.007151,0.011139,0.009112,0.010351,0.007891,0.014962,0.010147,0.01215,0.013358,1,0.010129
turnover_signal,2022-02-18,-0.028964,160,0.002541,-0.000855,-0.000677,-0.005406,-0.001151,-0.009729,-0.002346,0.000606,-0.00074,-0.004131,1,-0.006672
turnover_signal,2022-02-21,0.200504,160,-0.011544,-0.004486,0.002569,0.006215,-0.003589,0.002971,0.012397,0.000578,0.004501,0.007065,1,0.018609
turnover_signal,2022-02-22,-0.009619,160,0.02405,0.028628,0.024925,0.030255,0.03072,0.030133,0.028344,0.018986,0.020922,0.03414,1,0.01009
turnover_signal,2022-02-23,-0.003905,160,0.006562,0.013703,0.003489,0.005043,0.000735,0.004453,0.007108,0.008636,0.007335,0.004453,1,-0.002109
turnover_signal,2022-02-24,-0.019486,160,0.003454,0.003422,0.006447,0.00141,0.004029,0.009814,0.002353,0.002862,-0.0011,0.006809,1,0.003356
turnover_signal,2022-02-25,0.126983,160,0.003741,-0.002005,-0.006057,0.001505,-0.003199,-0.003852,0.003641,-0.000136,0.0039,0.006023,1,0.002282
turnover_signal,2022-02-28,-0.015519,160,-0.015942,-0.003061,-0.004876,-0.010685,-0.016332,-0.009839,-0.007735,-0.008822,-0.011229,-0.009709,1,0.006234
turnover_signal,2022-03-01,-0.106601,160,0.009216,0.017325,0.00984,0.013326,0.01634,0.009665,0.003506,0.012939,0.005968,0.004841,1,-0.004374
turnover_signal,2022-03-02,0.149092,160,0.014589,0.011969,0.015727,0.011176,0.0157,0.004688,0.018861,0.021088,0.020953,0.01864,1,0.004051
turnover_signal,2022-03-03,0.025738,160,0.001286,-0.002847,0.001501,0.0002,0.000446,0.00067,0.00367,-0.002084,0.00116,0.003308,1,0.002022
turnover_signal,2022-03-04,-0.157023,160,0.019525,0.021404,0.021479,0.020753,0.007954,0.007179,0.0141,0.019554,0.012904,0.013611,1,-0.005914
turnover_signal,2022-03-07,-0.102191,160,0.008425,0.001297,0.001509,0.00379,0.001952,-0.00143,0.005111,-0.000208,0.002346,-0.003423,1,-0.011848
turnover_signal,2022-03-08,0.029679,160,-0.014119,-0.017703,-0.021492,-0.012633,-0.009646,-0.017249,-0.020367,-0.018142,-0.010592,-0.016702,1,-0.002583
turnover_signal,2022-03-09,-0.096036,160,0.005638,0.000126,-0.016293,0.005496,-0.008098,-0.006122,-0.004122,-0.006046,-0.005578,-0.002213,1,-0.007851
turnover_signal,2022-03-10,0.036271,160,-0.006669,-0.008573,-0.009454,-0.009452,-0.013571,-0.017164,-0.012964,-0.005943,-0.010929,-0.005169,1,0.0015
turnover_signal,2022-03-11,-0.011655,160,0.002866,-0.002395,-0.009525,-0.001272,-0.002541,-0.000887,-0.00834,0.008231,0.001487,-0.007937,1,-0.010802
turnover_signal,2022-03-14,-0.106003,160,0.013894,0.001603,0.008269,0.015081,0.010532,0.005766,0.009145,0.002039,0.002939,0.00773,1,-0.006164
turnover_signal,2022-03-15,-0.103399,160,-0.013676,-0.001361,-0.010791,-0.013447,-0.00971,-0.016147,-0.014541,-0.011899,-0.016717,-0.012201,1,0.001475
turnover_signal,2022-03-16,-0.134958,160,0.006103,0.002077,0.002992,-0.000598,0.001803,0.000475,3.3e-05,0.002397,-0.008737,-0.002222,1,-0.008325
turnover_signal,2022-03-17,-0.030608,160,0.001319,0.00606,-0.002095,0.004662,0.008046,0.005987,0.003864,-0.004848,0.007419,-0.000858,1,-0.002177
turnover_signal,2022-03-18,-0.006416,160,-0.00931,0.001106,-0.005077,-0.00614,-0.013314,-0.003608,-0.01122,-0.001382,-0.004233,-0.005073,1,0.004237
turnover_signal,2022-03-21,-0.075439,160,-0.006858,-0.002767,-0.001702,-0.010073,-0.009695,-0.002672,-0.017608,-0.012653,-0.007476,-0.00619,1,0.000667
turnover_signal,2022-03-22,-0.101084,160,0.00519,0.004995,0.0075,0.000733,0.001362,0.003752,0.002351,-0.000769,0.002558,-0.001306,1,-0.006496
turnover_signal,2022-03-23,0.055113,160,0.007173,0.005416,0.005793,0.006125,0.00331,0.012794,0.005277,0.003658,0.008677,0.008206,1,0.001034
turnover_signal,2022-03-24,-0.140935,160,-0.00213,-0.008542,-0.001634,-0.005018,0.002155,-0.010475,-0.014422,-0.009483,-0.008687,-0.007301,1,-0.005171
turnover_signal,2022-03-25,0.073966,160,-0.004757,-0.00451,-0.00668,-0.002367,-0.007056,-0.004526,0.000373,-0.001863,-0.004815,0.001488,1,0.006245
turnover_signal,2022-03-28,0.043716,160,-0.000823,0.001751,0.003096,0.003775,0.00488,-0.00656,0.006035,0.003554,0.003616,0.004168,1,0.004991
turnover_signal,2022-03-29,-0.002528,160,0.004111,0.00244,0.01134,-0.001785,-0.000299,0.006652,0.003102,0.001468,0.002812,0.005248,1,0.001137
turnover_signal,2022-03-30,0.104486,160,-0.006215,-0.013603,-0.012182,-0.014287,-0.002789,-0.007089,0.002803,-0.014774,-0.009829,-0.001214,1,0.005001
turnover_signal,2022-03-31,0.119791,160,-0.004866,-0.009325,-0.004563,-0.005219,-0.009261,0.007154,-0.007857,-0.006672,0.004434,-0.00354,1,0.001325
turnover_signal,2022-04-01,-0.009123,160,-0.00204,-0.002946,-0.001104,0.002623,9.8e-05,-0.007574,-0.002383,-0.001233,0.001538,-0.002966,1,-0.000927
turnover_signal,2022-04-04,0.008666,160,-0.005699,-0.011815,-0.015604,-0.004274,-0.013195,-0.003921,-0.007132,-0.011905,-0.011491,-0.007637,1,-0.001938
turnover_signal,2022-04-05,0.013272,160,-0.002215,0.002582,0.002995,-3.5e-05,0.003115,0.005986,0.007034,-0.003442,-0.002403,0.00288,1,0.005094
turnover_signal,2022-04-06,0.005212,160,-0.002333,-0.003225,-0.004519,-0.001633,0.000226,-0.013674,-0.005457,-0.001413,-0.001936,-0.001015,1,0.001318
turnover_signal,2022-04-07,-0.019668,160,0.008001,0.012995,0.021414,0.017689,0.014487,0.011235,0.017097,0.012484,0.006329,0.018126,1,0.010125
turnover_signal,2022-04-08,-0.015185,160,-0.001342,0.011125,-0.000807,-0.01355,-0.005928,-0.001621,-0.00386,-0.005288,0.002038,-0.002134,1,-0.000792
turnover_signal,2022-04-11,-0.025492,160,0.004881,0.009383,0.006199,0.002355,0.007144,0.016133,0.007581,0.010376,0.009546,-0.002135,1,-0.007016
turnover_signal,2022-04-12,-0.043352,160,0.007652,0.006264,0.000177,0.003077,-0.00271,0.00678,0.000679,0.004119,0.000238,0.004411,1,-0.003241
turnover_signal,2022-04-13,-0.176784,160,-0.008081,-0.002913,-0.008065,-0.005158,-0.004656,-0.005607,-0.01071,-0.012563,-0.012118,-0.014997,1,-0.006916
turnover_signal,2022-04-14,-0.061831,160,-0.012532,-0.017639,-0.004929,-0.00587,-0.019343,-0.013347,-0.007363,-0.015226,-0.012336,-0.015495,1,-0.002963
turnover_signal,2022-04-15,-0.025188,160,-0.002511,-0.010074,-0.008288,-0.000371,-0.006181,-0.005545,-0.000595,-0.004555,-0.007673,-0.00832,1,-0.005809
turnover_signal,2022-04-18,-0.088767,160,0.008967,0.006308,0.012823,0.006387,0.005981,0.010206,0.008315,-0.003115,0.008551,0.004888,1,-0.004079
turnover_signal,2022-04-19,-0.017453,160,0.000861,-0.004473,-0.001122,-0.003258,-0.001313,-0.0094,0.00067,-0.001447,-0.005338,-0.003048,1,-0.003909
turnover_signal,2022-04-20,-0.003375,160,-0.00687,-0.006416,0.000306,-0.014396,-0.003437,-0.007863,-0.008043,0.003165,-0.009741,-0.008121,1,-0.001251
turnover_signal,2022-04-21,0.034498,160,-0.021883,-0.036222,-0.025242,-0.017965,-0.032326,-0.024967,-0.026429,-0.022007,-0.026725,-0.02282,1,-0.000937
turnover_signal,2022-04-22,-0.031876,160,-0.005507,-0.003399,0.000838,-0.008359,-0.001416,-0.005146,0.003217,-0.000881,-0.008877,-0.010667,1,-0.00516
turnover_signal,2022-04-25,-0.106361,160,0.00418,0.009717,0.003527,0.006765,-0.000173,-0.009724,0.004463,0.00357,0.002086,-0.000914,1,-0.005093
turnover_signal,2022-04-26,0.00344,160,0.00626,0.008057,-0.00112,-0.001219,0.009513,0.011759,-0.002624,0.006668,0.010284,0.000397,1,-0.005863
turnover_signal,2022-04-27,0.085834,160,0.000909,0.003854,0.00859,0.005216,0.003555,0.003624,0.016927,0.002053,0.002709,0.013473,1,0.012564
turnover_signal,2022-04-28,0.157582,160,-0.009205,-0.000368,-0.007371,-0.007688,-0.006074,-0.001972,-0.007644,-0.00723,0.003143,0.001537,1,0.010742
turnover_signal,2022-04-29,-0.051096,160,-0.002794,0.005048,-0.003092,0.003194,-0.007536,-0.00603,0.003613,-0.005175,-0.001146,-0.002749,1,4.5e-05
turnover_signal,2022-05-02,-0.03916,160,0.009901,0.007092,0.005113,0.007612,0.005045,0.009215,0.006587,0.010958,0.00179,0.004617,1,-0.005284
turnover_signal,2022-05-03,0.145866,160,-0.006165,-0.003364,-0.007384,-0.002918,-0.001486,-0.000133,-0.009177,0.005511,-0.001064,0.002127,1,0.008292
turnover_signal,2022-05-04,-0.098494,160,-0.021132,-0.025557,-0.007028,-0.021951,-0.020153,-0.031587,-0.02644,-0.012941,-0.027106,-0.025116,1,-0.003984
turnover_signal,2022-05-05,0.004755,160,0.01029,0.010948,0.017592,0.008654,0.002855,0.013649,0.0058,0.016729,0.014063,0.010714,1,0.000424
turnover_signal,2022-05-06,0.054843,160,-0.014878,-0.018466,-0.003679,-0.005854,-0.006377,0.000127,-0.008811,-0.012147,-0.004338,-0.010106,1,0.004772
turnover_signal,2022-05-09,-0.026066,160,0.00875,0.007093,0.022493,0.012884,0.016581,0.016172,0.007881,0.01013,0.009464,0.014364,1,0.005614
turnover_signal,2022-05-10,-0.039368,160,0.019126,0.014074,0.008381,0.013573,0.013912,0.016448,0.020482,0.018945,0.005006,0.008662,1,-0.010464
turnover_signal,2022-05-11,-0.031938,160,0.010511,0.007573,0.014143,0.010881,0.010116,0.004618,0.009101,0.012475,0.005811,0.011264,1,0.000753
turnover_signal,2022-05-12,0.038395,160,0.001538,0.005865,0.016517,0.008917,0.007961,0.01246,0.001348,0.006909,0.011859,0.008386,1,0.006847
turnover_signal,2022-05-13,0.063331,160,0.016168,0.013017,0.018184,0.022744,0.024331,0.019984,0.019485,0.016694,0.021768,0.017187,1,0.001019
turnover_signal,2022-05-16,0.064412,160,-0.015009,-0.007926,-0.015002,-0.008496,-0.011524,-0.012196,-0.007511,-0.014735,-0.010315,-0.007042,1,0.007968
turnover_signal,2022-05-17,-0.021303,160,0.001103,0.003202,0.004972,0.005364,-0.001117,0.003431,0.002668,0.003198,0.001564,0.003285,1,0.002182
turnover_signal,2022-05-18,0.039145,160,-0.000398,0.00315,0.005256,0.002423,-0.002257,0.006328,8.4e-05,0.010942,0.003037,-0.001017,1,-0.00062
turnover_signal,2022-05-19,0.093745,160,-0.01414,-0.014323,-0.007435,-0.004183,-0.004076,-0.008811,-0.005362,-0.008674,-0.008804,-0.003425,1,0.010715
turnover_signal,2022-05-20,0.054005,160,0.021631,0.01972,0.015238,0.017152,0.009364,0.018592,0.023853,0.019371,0.015967,0.026259,1,0.004629
turnover_signal,2022-05-23,0.015718,160,-0.001094,-0.010073,-0.005082,-0.012319,0.002213,-0.010784,-0.011027,-0.003144,-0.004564,-0.005189,1,-0.004095
turnover_signal,2022-05-24,-0.037343,160,-0.004183,-0.012555,-0.009244,-0.000247,-0.008088,-0.011773,-0.005719,-0.009893,-0.009899,-0.007535,1,-0.003352
turnover_signal,2022-05-25,-0.026796,160,0.003154,0.010257,0.008948,0.001208,0.010132,0.006202,-0.000251,0.009488,-0.000792,0.005947,1,0.002793
turnover_signal,2022-05-26,0.085401,160,0.006967,0.011356,0.005797,0.007126,0.01596,0.009487,0.01155,0.003952,0.01124,0.016742,1,0.009774
turnover_signal,2022-05-27,0.04315,160,-0.003167,-0.006084,-0.006403,-0.014694,-0.010781,-0.00109,-0.00222,-0.01024,-0.003621,-0.006,1,-0.002833
turnover_signal,2022-05-30,-0.119079,160,-0.007436,0.000327,0.000383,-0.000851,-0.008862,-0.013686,-0.012385,-0.001889,-0.00072,-0.011459,1,-0.004023
turnover_signal,2022-05-31,-0.023734,160,0.002609,0.006613,0.007102,0.003536,0.002393,-0.002262,0.006154,0.008736,-0.001028,0.005693,1,0.003083
turnover_signal,2022-06-01,-0.13458,160,-0.006189,-0.012429,-0.010944,-0.009252,-0.016468,-0.010094,-0.008393,-0.010891,-0.021739,-0.013756,1,-0.007568
turnover_signal,2022-06-02,-0.019381,160,-0.005147,-0.013572,-0.004454,-0.012177,-0.004287,-0.013874,-0.007714,-0.016932,-0.00487,-0.010655,1,-0.005508
turnover_signal,2022-06-03,0.030874,160,-0.001989,-0.015149,-0.012282,-0.007895,-0.016465,-0.008883,0.002585,-0.013499,-0.007065,-0.004342,1,-0.002353
turnover_signal,2022-06-06,0.037909,160,-0.007966,-0.001542,-0.00196,-0.001235,-0.008261,-0.000625,-0.001789,0.003972,0.001789,-0.007194,1,0.000772
turnover_signal,2022-06-07,-0.152684,160,0.001492,-0.000302,0.003698,-0.001638,-0.003402,-0.000465,0.00292,-0.002628,0.001248,-0.012213,1,-0.013705
turnover_signal,2022-06-08,0.070046,160,0.014017,0.01875,0.008341,0.013228,0.012609,0.012185,0.016882,0.02319,0.017054,0.015204,1,0.001187
turnover_signal,2022-06-09,0.018376,160,0.004833,0.006257,0.013295,0.005934,0.01053,0.006785,0.011035,0.006313,0.00467,0.007002,1,0.002169
turnover_signal,2022-06-10,-0.023614,160,0.001269,-0.00053,0.000275,0.0078,0.005276,0.000506,0.000219,0.000709,0.000305,0.000986,1,-0.000283
turnover_signal,2022-06-13,0.060656,160,0.001612,-0.001474,0.001734,-0.001913,0.000945,-0.003542,0.007362,0.001724,-0.003712,0.006287,1,0.004675
turnover_signal,2022-06-14,0.057867,160,0.005715,0.004731,0.012004,0.00989,0.01136,0.006064,0.007087,0.007478,0.007566,0.016519,1,0.010804
turnover_signal,2022-06-15,0.024563,160,-0.000612,0.004454,0.003403,0.008213,0.000124,0.002402,0.001445,0.008819,-0.004588,0.014125,1,0.014737
turnover_signal,2022-06-16,-0.004931,160,0.008361,0.008749,0.007,0.001564,0.010902,0.014792,0.013212,0.000328,0.012367,0.00427,1,-0.004091
turnover_signal,2022-06-17,0.095597,160,0.011724,0.005377,0.018027,0.007461,0.007621,0.015013,0.02502,0.012178,0.007956,0.021221,1,0.009497
turnover_signal,2022-06-20,-0.018431,160,-0.009306,-0.012838,-0.005627,-0.010819,-0.009139,-0.002565,-0.008096,-0.009928,-0.010358,-0.011628,1,-0.002322
turnover_signal,2022-06-21,0.060914,160,-0.026203,-0.015167,-0.030029,-0.014927,-0.015292,-0.023508,-0.01997,-0.011877,-0.020933,-0.023596,1,0.002607
turnover_signal,2022-06-22,-0.007957,160,-0.00666,-0.000872,-0.001976,-0.000717,0.001185,-0.005425,0.000364,0.003049,-0.006444,-0.00623,1,0.00043
turnover_signal,2022-06-23,-0.054565,160,0.009771,-0.007298,-0.000206,-0.003277,-0.003885,0.000438,-0.001806,0.005713,-0.003351,-0.005382,1,-0.015152
turnover_signal,2022-06-24,-0.000955,160,0.00093,0.00531,0.007511,-1.2e-05,0.004313,0.004781,0.005591,0.007401,0.008782,-0.00076,1,-0.00169
turnover_signal,2022-06-27,-0.099695,160,-0.002645,0.000466,-0.002546,0.002921,-0.002566,-0.012284,-0.007635,0.000253,-0.010308,-0.003404,1,-0.00076
turnover_signal,2022-06-28,0.181287,160,-0.00729,-0.001538,-0.010291,-0.004822,-0.007725,-0.008206,0.003229,-0.004224,0.005166,0.000972,1,0.008263
turnover_signal,2022-06-29,-0.006032,160,0.009234,0.00177,-0.001806,0.002087,0.007578,-0.001823,0.011282,0.006407,0.004055,0.002255,1,-0.006979
turnover_signal,2022-06-30,-0.005227,160,0.003956,0.010952,0.010272,0.003257,0.010486,0.007879,0.008004,0.001621,0.002302,0.009844,1,0.005888
turnover_signal,2022-07-01,0.089816,160,0.007944,0.009756,0.01404,0.009718,0.018011,0.010336,0.016939,0.009984,0.019433,0.011275,1,0.003331
turnover_signal,2022-07-04,0.049493,160,-0.017208,-0.02645,-0.006468,-0.016718,-0.025448,-0.018437,-0.022788,-0.014778,-0.015802,-0.014383,1,0.002825
turnover_signal,2022-07-05,0.123078,160,-0.01528,-0.026806,-0.01254,-0.013841,-0.017429,-0.009136,-0.014468,-0.023457,-0.010734,-0.010474,1,0.004807
turnover_signal,2022-07-06,-0.089072,160,0.018486,0.015385,0.011445,0.010404,0.012652,0.016019,0.008727,0.015534,0.011989,0.008605,1,-0.009881
turnover_signal,2022-07-07,-0.064924,160,0.010996,0.011313,0.010007,0.002657,0.011115,0.007368,0.009316,0.004485,0.011651,0.005941,1,-0.005055
turnover_signal,2022-07-08,-0.093962,160,0.005515,0.014567,0.015747,0.010385,0.012287,0.013512,0.009703,0.005957,0.00603,0.005604,1,8.8e-05
turnover_signal,2022-07-11,-0.224678,160,0.009465,-0.003706,-0.002271,0.00387,0.003551,-0.000899,-0.010244,-0.00661,-0.012527,-0.002868,1,-0.012333
turnover_signal,2022-07-12,0.010752,160,-0.001646,-0.004124,-0.010695,-0.007219,-0.015101,-0.003821,-0.002919,-0.006078,-0.005807,-0.001705,1,-5.9e-05
turnover_signal,2022-07-13,0.0038,160,-0.008582,0.005265,0.005657,0.00261,-0.004032,-0.002812,-0.002695,0.001029,0.006182,-0.005039,1,0.003544
turnover_signal,2022-07-14,-0.026992,160,-0.011314,-0.004355,-0.007172,-0.005922,-0.007082,-0.006704,-0.01041,-0.012423,-0.005137,-0.005807,1,0.005507
turnover_signal,2022-07-15,-0.15293,160,-0.009355,-0.014344,-0.015679,-0.01334,-0.010389,-0.017944,-0.013164,-0.014823,-0.015362,-0.026833,1,-0.017478
turnover_signal,2022-07-18,-0.063146,160,-0.011682,-0.020248,-0.003157,-0.004328,9.4e-05,-0.011835,-0.014306,-0.009099,-0.013641,-0.013318,1,-0.001636
turnover_signal,2022-07-19,0.021777,160,0.0008,0.003493,-0.008041,-0.007048,0.008122,0.001542,-0.000666,0.003306,0.005678,-0.003847,1,-0.004647
turnover_signal,2022-07-20,-0.014177,160,0.004303,-7.5e-05,0.006608,0.002967,0.01053,0.005026,0.009859,0.002887,0.00864,-0.001743,1,-0.006046
turnover_signal,2022-07-21,0.14981,160,0.005914,0.006462,0.024644,0.013607,0.01016,0.00922,0.017935,0.017334,0.0229,0.016513,1,0.010599
turnover_signal,2022-07-22,0.151688,160,-0.002308,0.012609,0.005476,-0.000124,0.008351,-0.000222,0.00646,0.013355,0.007905,0.015154,1,0.017463
turnover_signal,2022-07-25,-0.141413,160,0.006771,0.007811,0.012895,0.001807,-0.001385,0.005218,0.000738,0.002439,0.006483,-0.002241,1,-0.009011
turnover_signal,2022-07-26,-0.032037,160,0.011575,0.024663,0.010052,0.020603,0.014259,0.008893,0.016701,0.007786,0.010429,0.019121,1,0.007546
turnover_signal,2022-07-27,-0.00893,160,0.002156,-0.008376,-0.012194,-0.009245,-0.017064,-0.003384,-0.006486,-0.010482,-0.007442,-0.004774,1,-0.00693
turnover_signal,2022-07-28,0.032691,160,-0.004751,-0.012543,-0.004668,-0.00514,-0.006965,-0.011349,-0.012411,-0.0053,-0.008955,-0.003337,1,0.001414
turnover_signal,2022-07-29,-0.004946,160,-0.008845,-0.00056,-0.004904,-0.003377,-0.004247,-0.011404,-0.011783,-0.00374,-0.009231,-0.004494,1,0.004351
turnover_signal,2022-08-01,-0.012882,160,0.00257,-0.004745,-0.001167,-0.008462,-0.003733,0.003685,-9.5e-05,-0.001395,0.000473,-0.00485,1,-0.007421
turnover_signal,2022-08-02,0.037367,160,0.019984,0.016913,0.013981,0.015711,0.022991,0.028817,0.023593,0.016671,0.021872,0.01581,1,-0.004174
turnover_signal,2022-08-03,-0.06999,160,0.00617,-0.005749,-0.005641,-0.003441,-0.007717,-0.000727,-0.002738,-0.004712,-0.003316,-0.002591,1,-0.008761
turnover_signal,2022-08-04,0.065833,160,0.010535,0.005041,0.010312,0.021254,0.007895,0.011744,0.01114,0.015825,0.012123,0.00975,1,-0.000785
turnover_signal,2022-08-05,0.057374,160,-0.006065,-0.00736,0.000117,0.00193,0.001145,-0.001116,-0.007514,0.002553,-0.002798,-0.002354,1,0.003711
turnover_signal,2022-08-08,-0.098403,160,0.006085,0.004547,0.009964,0.006475,0.007965,-0.000956,0.00664,0.000364,-0.001158,0.004906,1,-0.001179
turnover_signal,2022-08-09,0.003053,160,0.009636,0.002562,0.005227,0.005844,0.008511,0.005112,0.012741,0.00974,0.00194,0.006589,1,-0.003047
turnover_signal,2022-08-10,-0.031296,160,0.010634,0.006593,0.004703,0.006594,0.004042,0.004681,0.005245,0.012188,0.012584,0.003836,1,-0.006798
turnover_signal,2022-08-11,0.000281,160,0.007091,0.011832,0.006806,0.015049,0.006012,0.005265,0.014036,0.005409,0.005872,0.007476,1,0.000385
turnover_signal,2021-01-04,0.102203,160,-0.008651,-0.019161,0.01925,0.014263,-0.006191,0.017913,-0.007455,-0.012509,0.009735,0.023151,5,0.031802
turnover_signal,2021-01-05,-0.015217,160,0.006294,-0.001105,-0.011515,0.002473,0.002577,-0.006007,0.009909,0.002177,0.000512,-0.003192,5,-0.009486
turnover_signal,2021-01-06,0.052637,160,0.005797,0.030859,0.027733,-0.003403,0.027871,0.014846,0.02079,0.036944,0.021395,0.021976,5,0.016178
turnover_signal,2021-01-07,0.025199,160,0.002343,0.008314,0.003371,-0.009949,0.002273,0.007903,0.020126,0.00641,-0.006199,0.004838,5,0.002495
turnover_signal,2021-01-08,0.001028,160,0.012557,-0.006281,-0.004185,-0.004107,-0.020613,-0.005978,-0.007898,-0.001641,-0.011977,0.019019,5,0.006462
turnover_signal,2021-01-11,-0.000976,160,0.01613,-0.002837,0.005475,0.000337,-0.016286,0.016088,0.03225,-0.007503,0.011543,-0.001201,5,-0.017331
turnover_signal,2021-01-12,-0.149962,160,0.028823,0.016967,0.003039,-0.000955,-0.002531,0.015608,0.00243,0.002653,0.012801,-0.004639,5,-0.033462
turnover_signal,2021-01-13,0.069565,160,-0.003253,-0.003445,0.006556,-0.002972,0.001114,0.007034,0.02291,0.012043,-0.003225,8.8e-05,5,0.003341
turnover_signal,2021-01-14,-0.077347,160,0.022077,0.005674,0.009181,0.008766,0.006314,0.012639,0.01145,0.004159,0.006492,0.00049,5,-0.021587
turnover_signal,2021-01-15,-0.059495,160,0.021943,0.016427,0.010102,0.011485,0.013937,0.00804,-0.004803,0.012553,0.016488,0.010179,5,-0.011764
turnover_signal,2021-01-18,-0.166158,160,-8.2e-05,-0.006095,0.021137,0.005117,0.008751,-0.005808,0.003539,-0.019025,0.007603,-0.027712,5,-0.02763
turnover_signal,2021-01-19,0.135231,160,-0.01734,-0.006713,-0.012429,-0.000204,-0.009794,-0.002077,-0.007502,0.005576,-0.00337,0.007228,5,0.024568
turnover_signal,2021-01-20,0.013621,160,0.012886,-0.005738,-0.000843,-0.007579,0.003947,0.004229,-0.005639,0.002783,0.006761,0.009172,5,-0.003714
turnover_signal,2021-01-21,-0.111576,160,0.005905,0.005044,0.011926,0.010453,-0.000384,-0.001107,-0.006815,0.007517,0.001862,-0.016491,5,-0.022396
turnover_signal,2021-01-22,0.067189,160,-0.015035,-0.01831,-0.023824,-0.01257,-0.013892,-0.015528,-0.019516,-0.007523,-0.004847,-0.016885,5,-0.00185
turnover_signal,2021-01-25,0.040376,160,-0.014029,-0.014322,-0.010996,-0.035957,-0.013646,-0.005173,0.006194,-0.013534,-0.01629,-0.008949,5,0.005079
turnover_signal,2021-01-26,-0.035336,160,-0.010018,0.005137,-0.002479,-0.00458,-0.01001,0.016555,0.001149,-0.02284,0.009731,-0.016013,5,-0.005995
turnover_signal,2021-01-27,-0.033558,160,-0.00076,-0.007776,-0.018264,0.012174,-0.020855,-0.012636,-0.023193,0.01119,-0.016206,-0.001812,5,-0.001052
turnover_signal,2021-01-28,-0.095532,160,-0.003697,-0.008179,-0.006184,-0.009737,-0.004181,-0.00018,-0.028069,0.001183,-0.015441,-0.023024,5,-0.019327
turnover_signal,2021-01-29,-0.072047,160,0.021665,0.003724,0.025383,0.007111,0.008691,0.010048,0.000564,0.001743,0.022497,0.002564,5,-0.019102
turnover_signal,2021-02-01,-0.026948,160,0.046115,0.044257,0.019175,0.008524,0.019726,0.028945,0.033785,0.020337,0.03691,0.040856,5,-0.005258
turnover_signal,2021-02-02,0.004562,160,0.01572,0.01498,0.009285,0.014801,0.017953,0.025261,0.009882,0.015239,0.012516,0.032957,5,0.017237
turnover_signal,2021-02-03,0.064054,160,0.027306,0.015708,0.026268,0.042541,0.027049,0.031169,0.032835,0.036472,0.02875,0.028251,5,0.000945
turnover_signal,2021-02-04,-0.074224,160,0.021126,0.03404,0.024117,0.020903,0.023947,0.007314,0.017679,0.024622,0.015955,0.014182,5,-0.006944
turnover_signal,2021-02-05,0.032143,160,0.019365,0.007904,0.021246,0.018979,0.02419,0.015594,0.013093,0.016303,0.029318,0.016392,5,-0.002973
turnover_signal,2021-02-08,-0.078287,160,0.004915,0.000455,0.003067,-0.026373,-0.017823,-0.014586,0.001789,-0.004233,-0.014916,-0.013863,5,-0.018778
turnover_signal,2021-02-09,-0.054228,160,0.006616,0.02134,0.006069,0.017148,0.010658,0.01409,-0.000702,0.012182,-0.013336,0.009236,5,0.00262
turnover_signal,2021-02-10,-0.114072,160,0.015165,-0.006499,0.023974,-0.00151,-0.012452,0.004325,-0.004852,0.002502,-0.014959,0.004863,5,-0.010302
turnover_signal,2021-02-11,-0.112891,160,0.018876,0.025691,0.035411,0.028233,0.031751,0.01875,0.007315,-0.004945,0.008478,0.033714,5,0.014838
turnover_signal,2021-02-12,0.070471,160,-0.003823,-0.001593,0.011723,0.028986,0.014955,-0.004046,0.001394,0.021982,0.02023,0.007564,5,0.011387
turnover_signal,2021-02-15,-0.216152,160,0.044393,0.040551,0.023704,0.032236,0.036197,0.038286,0.01665,0.031146,0.020748,0.00558,5,-0.038814
turnover_signal,2021-02-16,-0.232902,160,0.011491,0.026408,0.027646,0.015508,0.017835,0.021746,-0.000165,0.001417,-0.001662,0.005984,5,-0.005507
turnover_signal,2021-02-17,-0.152569,160,0.007981,0.003922,0.007185,0.018542,0.008156,0.003854,-0.004676,-0.001665,-0.000456,-0.014467,5,-0.022448
turnover_signal,2021-02-18,-0.069228,160,0.002492,-0.014149,0.000915,0.011332,-0.00049,0.020164,0.008665,-0.014804,-0.006394,-0.01876,5,-0.021252
turnover_signal,2021-02-19,-0.059074,160,0.021041,0.014735,0.001076,0.014947,0.022927,0.011994,0.006089,0.006282,0.011872,0.006498,5,-0.014542
turnover_signal,2021-02-22,-0.087762,160,0.01739,0.003741,0.015299,-0.008093,-0.001947,0.004911,0.001868,0.016165,0.008878,-0.008727,5,-0.026117
turnover_signal,2021-02-23,-0.169381,160,0.0269,0.013793,0.01893,0.006754,-0.00733,0.013681,-0.013387,-0.002875,0.005082,-0.003956,5,-0.030856
turnover_signal,2021-02-24,-0.062097,160,-0.005956,0.007777,-0.001504,-0.009495,0.011062,0.0163,0.00282,-0.008739,0.003517,-0.022235,5,-0.016279
turnover_signal,2021-02-25,0.148353,160,0.004642,-0.006199,0.012238,0.012316,0.002014,0.014593,0.009464,0.004975,0.023628,0.01341,5,0.008767
turnover_signal,2021-02-26,-0.032793,160,0.004279,0.002724,-0.006229,0.03449,0.025439,0.016511,0.001548,0.009953,0.011993,-0.007162,5,-0.011441
turnover_signal,2021-03-01,0.104723,160,0.010066,0.006494,-0.002072,0.02338,0.026935,0.007783,0.017184,0.01555,0.019523,0.014661,5,0.004595
turnover_signal,2021-03-02,0.123225,160,0.024713,0.043155,0.031034,0.03666,0.040435,0.031614,0.043419,0.055272,0.04747,0.040653,5,0.01594
turnover_signal,2021-03-03,0.016398,160,0.052058,0.03063,0.016094,0.049818,0.040284,0.037902,0.052149,0.033905,0.05494,0.032776,5,-0.019282
turnover_signal,2021-03-04,-0.054251,160,0.049512,0.048657,0.063271,0.03753,0.051235,0.045297,0.04059,0.048996,0.037942,0.059651,5,0.010139
turnover_signal,2021-03-05,-0.052326,160,0.074997,0.061646,0.06932,0.062186,0.0775,0.084227,0.070344,0.063484,0.063482,0.05721,5,-0.017787
turnover_signal,2021-03-08,-0.094937,160,0.095914,0.078046,0.070432,0.072855,0.071689,0.076715,0.076074,0.079095,0.066431,0.076177,5,-0.019737
turnover_signal,2021-03-09,0.079764,160,0.055637,0.05652,0.053878,0.061332,0.078304,0.055294,0.047305,0.065117,0.073027,0.060335,5,0.004698
turnover_signal,2021-03-10,-0.126649,160,0.076525,0.065956,0.07278,0.053287,0.077246,0.066681,0.064715,0.056148,0.045103,0.067296,5,-0.009228
turnover_signal,2021-03-11,0.081856,160,0.045193,0.047251,0.038393,0.061898,0.045169,0.05048,0.054995,0.053064,0.051656,0.056462,5,0.011268
turnover_signal,2021-03-12,0.048336,160,0.015134,0.029102,0.005454,0.041019,0.01936,0.021522,0.014212,0.018436,0.024484,0.029419,5,0.014285
turnover_signal,2021-03-15,0.024484,160,0.003236,-0.003701,0.015045,-0.007614,0.014306,0.011566,0.003006,0.015341,-0.005712,0.017547,5,0.01431
turnover_signal,2021-03-16,-0.073884,160,0.004662,0.003784,0.004732,0.001915,-0.016666,-0.008249,0.004774,-0.013332,0.001743,-0.001646,5,-0.006308
turnover_signal,2021-03-17,0.058713,160,0.007506,0.007258,0.001979,0.00242,0.002508,0.012298,0.006594,0.007741,0.008385,0.015394,5,0.007889
turnover_signal,2021-03-18,-0.054075,160,0.026764,-0.001393,0.010866,0.005663,0.009003,0.015597,0.023605,0.004142,0.017695,-0.004142,5,-0.030906
turnover_signal,2021-03-19,-0.018809,160,0.013566,0.007849,0.013318,0.01945,0.014076,-0.007686,0.005249,0.033015,0.012036,-0.000548,5,-0.014114
turnover_signal,2021-03-22,-0.109191,160,0.007183,0.016726,-7.3e-05,0.017115,0.008254,0.019055,-0.010151,0.007349,-0.000663,0.00299,5,-0.004193
turnover_signal,2021-03-23,0.016978,160,0.003086,0.011375,-0.011715,-0.00651,-0.003285,0.004524,-0.002852,0.008248,0.001864,0.004873,5,0.001787
turnover_signal,2021-03-24,0.007902,160,-0.002699,-0.013702,-0.01357,-0.011797,-0.030973,-0.009733,-0.014931,-0.018524,0.011824,-0.016148,5,-0.013449
turnover_signal,2021-03-25,0.045758,160,-0.035986,-0.043891,-0.028874,-0.03041,-0.050761,-0.045289,-0.032956,-0.025696,-0.037207,-0.029277,5,0.006709
turnover_signal,2021-03-26,-0.013322,160,-0.035322,-0.051728,-0.036176,-0.04574,-0.027628,-0.041013,-0.044764,-0.04161,-0.055889,-0.033015,5,0.002307
turnover_signal,2021-03-29,-0.03763,160,-0.019192,-0.034257,-0.01127,-0.021271,-0.016135,-0.025585,-0.026289,-0.034336,-0.004136,-0.033221,5,-0.014029
turnover_signal,2021-03-30,0.054644,160,-0.011495,-0.025642,-0.014941,-0.022521,-0.023735,-0.040442,-0.024427,-0.005268,-0.004594,-0.014624,5,-0.003129
turnover_signal,2021-03-31,-0.062024,160,-0.017429,-0.009105,0.015977,0.000963,-0.010609,-0.013613,-0.002302,-0.010627,-0.024258,0.002017,5,0.019445
turnover_signal,2021-04-01,-0.092752,160,-0.000393,-0.011349,0.009266,-0.003434,-0.003464,-0.009335,-0.009017,-0.004434,-0.02648,-0.006563,5,-0.00617
turnover_signal,2021-04-02,-0.011321,160,0.008686,0.009587,0.004366,-0.010009,-0.000546,0.013136,-0.000335,0.01476,0.007625,0.000159,5,-0.008527
turnover_signal,2021-04-05,0.006847,160,-0.031179,-0.028787,-0.025443,-0.010352,-0.033322,-0.038336,-0.013462,-0.021493,-0.032659,-0.021853,5,0.009326
turnover_signal,2021-04-06,0.081437,160,-0.031123,-0.04233,-0.025678,-0.024196,-0.033439,-0.021721,-0.030484,-0.006555,-0.013986,-0.034381,5,-0.003257
turnover_signal,2021-04-07,0.004462,160,-0.01743,-0.022566,-0.007516,-0.001603,0.001729,0.000994,-0.014893,-0.009068,-0.029939,-0.00628,5,0.01115
turnover_signal,2021-04-08,0.117687,160,-0.007057,-0.023631,-0.000504,-0.013044,-0.018554,0.005571,0.005832,-0.002554,0.007992,-0.001021,5,0.006036
turnover_signal,2021-04-09,-0.028246,160,0.008349,-0.000563,0.005158,0.011463,-0.002449,0.000428,-0.007663,0.009454,-0.000456,-0.003466,5,-0.011815
turnover_signal,2021-04-12,0.139462,160,0.004008,0.02137,0.033017,0.027454,0.030339,0.00529,0.027469,0.025335,0.045006,0.035807,5,0.031799
turnover_signal,2021-04-13,-0.102514,160,0.034713,0.036972,0.039594,0.034831,0.035753,0.017679,0.010303,0.037591,0.009895,0.035399,5,0.000686
turnover_signal,2021-04-14,0.08531,160,-0.007012,-0.027807,0.021896,0.0261,-0.007639,0.003661,0.00342,0.005288,0.00543,0.013876,5,0.020888
turnover_signal,2021-04-15,0.057943,160,0.036464,0.001404,0.007965,0.017712,0.015144,0.005234,0.038395,0.015885,0.026989,0.024035,5,-0.012429
turnover_signal,2021-04-16,-0.078176,160,0.021043,-0.02505,0.031704,0.008131,0.015183,0.014752,-0.008275,0.013021,0.007478,-0.02013,5,-0.041173
turnover_signal,2021-04-19,-0.07391,160,0.016445,0.014178,0.011513,0.019849,0.026761,-0.000823,0.010485,0.016595,0.012208,-0.003846,5,-0.020291
turnover_signal,2021-04-20,0.086757,160,-0.005592,-0.001516,0.004955,0.009558,0.003875,0.021884,-0.008672,0.020398,-0.000838,0.019126,5,0.024718
turnover_signal,2021-04-21,-0.011514,160,0.015265,0.013529,0.008151,0.021702,0.019689,0.002921,0.014246,-0.009076,0.034875,0.019748,5,0.004483
turnover_signal,2021-04-22,0.122176,160,-0.012979,0.017145,0.004233,0.011549,-0.002655,0.007879,0.020329,0.014834,0.008609,0.010361,5,0.02334
turnover_signal,2021-04-23,0.007579,160,-0.005857,0.039501,0.006077,0.007872,0.019896,0.011836,0.002771,0.008314,0.008953,0.029008,5,0.034865
turnover_signal,2021-04-26,-0.084525,160,-0.015951,9e-06,-0.007898,0.001333,-0.010016,-0.010465,-0.024212,-0.01318,-0.025292,-0.015851,5,0.0001
turnover_signal,2021-04-27,-0.116006,160,0.010552,0.000633,-0.012412,-0.02974,-0.010621,-0.003182,-0.002708,-0.024586,-0.016328,-0.01521,5,-0.025762
turnover_signal,2021-04-28,-0.094706,160,-0.011483,-0.015939,0.001238,-0.025995,0.006442,-0.02252,0.002224,-0.020113,-0.029109,-0.022764,5,-0.011281
turnover_signal,2021-04-29,0.085662,160,-0.029987,-0.04648,-0.02055,-0.009332,-0.025486,-0.018886,-0.025013,-0.016973,-0.027071,-0.020448,5,0.00954
turnover_signal,2021-04-30,0.064766,160,-0.020349,-0.001902,-0.027666,-0.03096,-0.02545,-0.023092,-0.017062,-0.015973,-0.017031,-0.021114,5,-0.000765
turnover_signal,2021-05-03,-0.036734,160,-0.006042,-0.00366,0.003402,0.003687,-0.003675,-0.004271,0.000325,-0.014899,-0.002227,-0.003528,5,0.002514
turnover_signal,2021-05-04,0.018329,160,-0.012071,-0.009569,-0.033124,-0.007582,-0.005761,-0.007868,-0.018865,-0.01173,-0.00882,-0.013928,5,-0.001857
turnover_signal,2021-05-05,0.049373,160,-0.030404,-0.031679,-0.013952,-0.045638,-0.026851,-0.028292,-0.015422,-0.032664,-0.002684,-0.043303,5,-0.012899
turnover_signal,2021-05-06,-0.038172,160,-0.022052,-0.029749,-0.030783,-0.033881,-0.041924,-0.02502,-0.043762,-0.025136,-0.026412,-0.039594,5,-0.017542
turnover_signal,2021-05-07,-0.003053,160,-0.034808,-0.038232,-0.036023,-0.049621,-0.027819,-0.038368,-0.031008,-0.04472,-0.036067,-0.034331,5,0.000477
turnover_signal,2021-05-10,0.021921,160,-0.043394,-0.002752,-0.027344,-0.033759,-0.021587,-0.028132,-0.023952,-0.017561,-0.012525,-0.035698,5,0.007696
turnover_signal,2021-05-11,-0.110257,160,-0.010856,-0.008356,0.001186,-0.00902,-0.010867,-0.013395,-0.016199,-0.018444,-0.010837,-0.018332,5,-0.007475
turnover_signal,2021-05-12,-0.171903,160,0.021397,0.018436,0.007964,0.008857,0.012619,0.012003,0.003777,-0.003635,0.003717,-0.000301,5,-0.021698
turnover_signal,2021-05-13,-0.026236,160,0.00526,0.014221,0.023431,0.015582,-0.000689,0.000177,0.009578,0.005989,0.023749,0.000742,5,-0.004518
turnover_signal,2021-05-14,-0.097044,160,0.010979,0.011211,-0.015883,-0.000437,0.016385,-0.000371,0.005881,-0.020126,-0.004442,-0.000138,5,-0.011117
turnover_signal,2021-05-17,0.068727,160,-0.025942,-0.039297,-0.034314,-0.028945,-0.041107,-0.042974,-0.029842,-0.034209,-0.018472,-0.02636,5,-0.000418
turnover_signal,2021-05-18,-0.031123,160,-0.031266,-0.038447,-0.032471,-0.02229,-0.031331,-0.034985,-0.011814,-0.035032,-0.034326,-0.038763,5,-0.007497
turnover_signal,2021-05-19,-0.022299,160,-0.019289,-0.026909,-0.030762,-0.034754,-0.024001,-0.008927,-0.022024,-0.013851,-0.032429,-0.040336,5,-0.021046
turnover_signal,2021-05-20,0.024476,160,-0.002697,-0.024431,-0.027715,-0.010268,-0.026538,-0.015188,-0.017099,-0.011008,-0.008245,-0.019764,5,-0.017067
turnover_signal,2021-05-21,-0.144882,160,0.021618,0.001938,0.004781,0.011728,0.00391,-0.005416,0.015684,0.021534,-0.021077,-0.006585,5,-0.028204
turnover_signal,2021-05-24,0.102739,160,0.009917,0.024639,0.015971,0.029484,0.02719,0.028439,0.014944,0.025786,0.040581,0.024131,5,0.014214
turnover_signal,2021-05-25,-0.243677,160,0.026628,0.05101,0.025332,0.018938,0.038676,0.036207,0.034852,0.035486,-0.000491,0.001164,5,-0.025464
turnover_signal,2021-05-26,0.078038,160,0.01843,0.021354,0.012667,0.015596,0.010739,0.030531,0.013724,0.027813,0.02579,0.030089,5,0.011659
turnover_signal,2021-05-27,-0.086028,160,0.028135,0.02626,0.038027,0.039111,0.030375,0.01798,0.003459,0.032029,0.009356,0.02878,5,0.000645
turnover_signal,2021-05-28,-0.12519,160,0.028675,0.022308,0.02391,0.029337,0.043375,0.026077,0.009291,0.03967,0.007734,0.008499,5,-0.020175
turnover_signal,2021-05-31,0.086479,160,0.007074,-0.00497,0.020182,0.015714,0.017665,0.03137,0.001111,0.024547,0.013483,0.012062,5,0.004988
turnover_signal,2021-06-01,-0.045974,160,-0.007964,0.006544,-0.012021,-0.012005,-0.00058,-0.005856,-0.01719,-0.013595,-0.012194,-0.007724,5,0.00024
turnover_signal,2021-06-02,0.021736,160,-0.02678,-0.013167,-0.011554,-0.002855,-0.002265,-0.013808,-0.010933,-0.006513,-0.011874,-0.020051,5,0.00673
turnover_signal,2021-06-03,-0.033722,160,-0.024516,-0.005226,-0.013525,-0.013837,-0.021559,-0.023329,-0.023274,-0.012266,-0.018179,-0.022001,5,0.002515
turnover_signal,2021-06-04,0.158951,160,-0.035312,-0.04068,-0.036861,-0.023328,-0.037176,-0.024263,-0.029499,-0.019162,-0.024338,-0.018146,5,0.017166
turnover_signal,2021-06-07,0.002757,160,-0.01573,0.010508,-0.013056,0.006166,-0.000563,-0.018902,-0.001563,-0.009204,-0.018646,0.009003,5,0.024733
turnover_signal,2021-06-08,0.049769,160,0.000715,-0.000782,-0.00085,0.010066,0.007512,-0.004913,-0.001522,-0.008003,0.001756,0.017069,5,0.016354
turnover_signal,2021-06-09,0.104488,160,-0.004129,0.004138,0.002407,0.003679,0.022071,0.011796,0.005952,0.023831,0.005766,0.019653,5,0.023782
turnover_signal,2021-06-10,-0.146238,160,0.031095,0.019276,0.040497,0.014808,0.028623,0.005586,0.040385,0.027281,0.009056,0.002432,5,-0.028663
turnover_signal,2021-06-11,0.122636,160,0.010981,0.019854,0.027382,0.025643,0.025353,0.027307,0.027666,0.042142,0.021376,0.038465,5,0.027484
turnover_signal,2021-06-14,0.012709,160,0.013056,0.033756,0.008883,0.029633,0.023785,0.020066,0.012776,0.016569,0.020174,0.033529,5,0.020473
turnover_signal,2021-06-15,0.083971,160,0.024182,0.030582,0.028475,0.034402,0.025052,0.023257,0.037769,0.031107,0.050104,0.029406,5,0.005225
turnover_signal,2021-06-16,-0.019419,160,0.004979,0.017805,0.030152,0.025751,0.027003,0.00148,0.005294,0.02055,0.013403,0.014855,5,0.009876
turnover_signal,2021-06-17,-0.2357,160,0.043958,0.01121,0.021289,0.025295,0.010187,0.01289,0.009504,0.013693,0.011501,-0.003299,5,-0.047258
turnover_signal,2021-06-18,0.05726,160,0.01201,0.024587,0.0136,0.020365,0.012415,0.023906,0.014378,0.030039,0.013907,0.019166,5,0.007156
turnover_signal,2021-06-21,0.104005,160,0.010952,0.011025,0.012508,0.006911,0.02487,0.031756,0.024177,0.022377,0.02927,0.014601,5,0.00365
turnover_signal,2021-06-22,-0.08129,160,0.024136,0.033475,0.03804,0.012868,0.024858,0.017466,0.003156,0.025181,0.030165,0.022561,5,-0.001575
turnover_signal,2021-06-23,0.037625,160,0.049273,0.036841,0.039067,0.04974,0.051423,0.043839,0.035018,0.047503,0.055525,0.054398,5,0.005125
turnover_signal,2021-06-24,0.128949,160,0.024547,0.040022,0.026192,0.039504,0.020147,0.043565,0.034206,0.031693,0.036834,0.049116,5,0.024568
turnover_signal,2021-06-25,0.005118,160,0.019746,0.014036,0.013052,-0.011271,0.034913,0.031362,0.020017,0.018002,-0.002185,0.015441,5,-0.004305
turnover_signal,2021-06-28,0.177909,160,-0.032683,-0.019355,-0.017872,-0.007449,-0.020072,-0.001066,-0.01104,-0.021531,-0.004102,-0.000929,5,0.031753
turnover_signal,2021-06-29,-0.017344,160,-0.022725,-0.029873,-0.037535,-0.008375,-0.022128,-0.029966,-0.016399,-0.014742,-0.026036,-0.034836,5,-0.012111
turnover_signal,2021-06-30,0.163111,160,-0.044811,-0.025769,-0.042066,-0.035405,-0.045643,-0.019596,-0.038597,-0.024815,-0.013823,-0.023892,5,0.020919
turnover_signal,2021-07-01,-0.128797,160,-0.041679,-0.037726,-0.016208,-0.039356,-0.038825,-0.053663,-0.029566,-0.072235,-0.046652,-0.048116,5,-0.006436
turnover_signal,2021-07-02,-0.147448,160,-0.032112,-0.023523,-0.031754,-0.017817,-0.038707,-0.028926,-0.039436,-0.03803,-0.035493,-0.060511,5,-0.028399
turnover_signal,2021-07-05,0.010922,160,-0.001859,0.008505,0.006195,-0.002165,-0.000561,-0.007179,-0.010651,-0.006923,0.00972,0.000914,5,0.002773
turnover_signal,2021-07-06,0.016668,160,0.018087,0.010505,0.017496,0.020673,0.009419,0.0104,0.013007,0.018267,0.010853,0.022905,5,0.004818
turnover_signal,2021-07-07,-0.089511,160,0.025056,0.049937,0.034881,0.013669,0.019099,0.033413,0.017354,0.02362,0.005528,0.030759,5,0.005703
turnover_signal,2021-07-08,0.040223,160,0.023753,0.012143,0.041344,0.042714,0.035758,0.032712,0.029358,0.016859,0.04161,0.031944,5,0.008191
turnover_signal,2021-07-09,-0.023778,160,0.007826,0.025266,0.02737,0.005225,-0.011794,0.013166,0.002185,0.02354,0.022701,0.011999,5,0.004173
turnover_signal,2021-07-12,0.030203,160,-0.000766,-0.002795,0.008144,0.020465,0.031661,-0.008901,0.005268,0.015182,0.012094,0.003185,5,0.003951
turnover_signal,2021-07-13,-0.171373,160,0.005132,-0.005056,0.013046,-0.022451,-0.016701,-0.026189,-0.014271,-0.020298,-0.005457,-0.029405,5,-0.034537
turnover_signal,2021-07-14,0.010471,160,-0.036481,-0.022097,-0.013155,-0.030381,-0.031352,-0.016034,-0.039963,-0.041591,-0.030718,-0.006083,5,0.030398
turnover_signal,2021-07-15,0.128762,160,-0.012662,-0.040574,-0.011185,-0.008497,-0.025842,-0.029867,-0.005334,-0.01182,-0.008381,-0.007117,5,0.005545
turnover_signal,2021-07-16,-0.054491,160,0.008072,-0.006574,-0.021674,-0.002907,0.01555,0.006176,-0.005408,-0.015483,0.00366,-0.013806,5,-0.021879
turnover_signal,2021-07-19,-0.115888,160,0.002844,-0.00591,0.004755,-0.01332,0.000553,-0.005198,-0.001169,-0.014652,-0.008911,-0.004577,5,-0.007421
turnover_signal,2021-07-20,-0.078665,160,0.024926,0.024313,0.03527,0.015764,0.037672,-0.003037,0.028506,0.021634,0.007793,0.030018,5,0.005093
turnover_signal,2021-07-21,-0.030739,160,0.020649,0.020617,0.047044,0.02884,0.025554,0.043847,0.026264,0.015543,0.030458,0.016894,5,-0.003754
turnover_signal,2021-07-22,-0.066993,160,0.019048,0.016369,0.044634,0.030585,0.038327,0.017364,0.024738,0.018116,0.021769,0.020567,5,0.001518
turnover_signal,2021-07-23,-0.123295,160,0.048068,0.01911,0.04066,0.029311,0.055326,0.032388,0.030129,0.033185,0.029676,0.020674,5,-0.027394
turnover_signal,2021-07-26,-0.006015,160,0.016872,0.001627,0.003284,0.013522,0.020377,0.017224,0.008391,0.006887,0.018525,0.001107,5,-0.015766
turnover_signal,2021-07-27,-0.052441,160,0.014304,-0.014385,-0.0038,-0.002811,-0.005509,-0.023262,-0.004134,-0.012646,-0.017403,0.008878,5,-0.005426
turnover_signal,2021-07-28,0.017312,160,-0.02007,0.002188,-0.037727,-0.010902,-0.007997,-0.010234,-0.005906,-0.02341,-0.023865,-0.003274,5,0.016797
turnover_signal,2021-07-29,0.016372,160,-0.011141,-0.024959,-0.03144,-0.021408,-0.018869,-0.014697,-0.017631,-0.03215,-0.002476,-0.023337,5,-0.012195
turnover_signal,2021-07-30,-0.038709,160,-0.006624,-0.015953,-0.01732,-0.003338,-0.028342,-0.010504,-0.011593,-0.010735,-0.017496,-0.016822,5,-0.010198
turnover_signal,2021-08-02,-0.134229,160,-0.012227,0.003184,-0.00921,-0.018353,-0.024664,-0.021909,-0.024741,-0.024789,-0.024932,-0.019132,5,-0.006904
turnover_signal,2021-08-03,-0.146657,160,-0.010307,-0.00995,-0.019336,-0.009087,-0.014707,-0.016927,-0.011217,-0.022806,-0.039022,-0.016021,5,-0.005715
turnover_signal,2021-08-04,0.030341,160,-0.041814,-0.02926,-0.049174,-0.040305,-0.033486,-0.046567,-0.022845,-0.040042,-0.044601,-0.032612,5,0.009203
turnover_signal,2021-08-05,0.005939,160,-0.011106,-0.033684,-0.025182,-0.027059,-0.040499,-0.023674,-0.019591,-0.043998,-0.009338,-0.019896,5,-0.00879
turnover_signal,2021-08-06,-0.035697,160,-0.024635,-0.037714,-0.036047,-0.014149,-0.022018,-0.013445,-0.033579,-0.035425,-0.024961,-0.04239,5,-0.017754
turnover_signal,2021-08-09,-0.085764,160,-0.000142,-0.009209,-0.018472,-0.006662,-0.006507,-0.017572,-0.000357,-0.014703,-0.014523,-0.025804,5,-0.025661
turnover_signal,2021-08-10,0.016706,160,0.011152,0.01369,0.000735,0.032001,0.014371,0.022184,0.020333,0.005272,0.011226,0.00854,5,-0.002611
turnover_signal,2021-08-11,-0.024291,160,0.035736,0.051964,0.055612,0.054504,0.057083,0.02289,0.044566,0.051592,0.040799,0.050345,5,0.014609
turnover_signal,2021-08-12,-0.051439,160,0.040266,0.025773,0.037643,0.02735,0.017781,0.023294,0.035071,0.013894,0.024743,0.032196,5,-0.008069
turnover_signal,2021-08-13,0.012062,160,0.052436,0.045945,0.054544,0.026596,0.052855,0.054584,0.057014,0.042945,0.042853,0.0516,5,-0.000836
turnover_signal,2021-08-16,0.034821,160,0.033221,0.03501,0.038712,0.032436,0.03365,0.03881,0.036691,0.043732,0.051604,0.016324,5,-0.016897
turnover_signal,2021-08-17,-0.00472,160,0.023517,0.015038,0.014843,0.022388,0.035619,-0.004883,0.028265,0.026408,0.020768,0.018187,5,-0.00533
turnover_signal,2021-08-18,0.132415,160,0.00087,0.005025,0.011229,0.017911,0.017372,0.022614,0.0233,0.024618,0.0006,0.027299,5,0.026429
turnover_signal,2021-08-19,0.096516,160,0.017785,0.01463,0.00289,0.006774,0.013987,0.028312,0.022295,0.0108,0.030996,0.029802,5,0.012016
turnover_signal,2021-08-20,0.024915,160,-0.001277,0.021109,-0.000852,0.014545,-0.003823,0.009611,-0.003752,0.005652,0.004741,0.008714,5,0.009992
turnover_signal,2021-08-23,-0.16643,160,0.030531,0.032558,0.015822,0.007049,0.017261,0.017609,0.016909,0.000973,0.005546,0.022971,5,-0.00756
turnover_signal,2021-08-24,0.021812,160,0.027035,0.013049,0.014122,0.012572,0.018149,0.008779,0.017647,0.018119,0.001681,0.037093,5,0.010057
turnover_signal,2021-08-25,-0.034235,160,-0.002362,0.005211,0.002552,0.017398,0.024057,0.01072,0.018009,0.013338,0.002619,-0.008659,5,-0.006297
turnover_signal,2021-08-26,0.069882,160,0.034953,0.03229,0.016663,0.02635,0.03816,0.03277,0.012165,0.033765,0.035406,0.049296,5,0.014343
turnover_signal,2021-08-27,-0.032767,160,0.009258,0.028329,0.007036,0.016882,0.025271,0.010274,0.000501,0.015479,0.01097,0.017685,5,0.008427
turnover_signal,2021-08-30,0.020374,160,-0.004819,0.004602,-0.017506,0.009401,-0.013065,-0.015328,-0.000169,0.007675,-0.010998,-0.002755,5,0.002064
turnover_signal,2021-08-31,-0.107679,160,0.017563,0.001511,0.019212,0.006888,0.007835,-0.009117,0.009236,0.013281,-0.009284,0.001494,5,-0.01607
turnover_signal,2021-09-01,0.02473,160,0.014723,-0.001038,0.008304,0.002137,0.002146,0.006042,-0.006619,0.002352,0.014769,0.015945,5,0.001222
turnover_signal,2021-09-02,0.105464,160,-0.010321,-0.008098,0.001318,-0.027506,-0.006075,-0.012764,0.003627,-0.009674,0.002563,0.001272,5,0.011594
turnover_signal,2021-09-03,-0.037818,160,0.020175,0.020888,0.004382,0.017472,0.016124,0.023709,0.00809,0.022661,0.00869,0.017372,5,-0.002803
turnover_signal,2021-09-06,-0.013366,160,0.034503,0.062382,0.031531,0.051967,0.043833,0.037506,0.050462,0.046324,0.040214,0.034953,5,0.000449
turnover_signal,2021-09-07,0.019187,160,0.034093,0.036174,0.033845,0.024266,0.017009,0.032772,0.026393,0.051462,0.044502,0.024499,5,-0.009594
turnover_signal,2021-09-08,-0.025938,160,0.049122,0.050458,0.032373,0.035953,0.03638,0.065089,0.036941,0.049467,0.022973,0.049753,5,0.000631
turnover_signal,2021-09-09,-0.034595,160,0.042583,0.037088,0.030995,0.033306,0.029618,0.026839,0.014502,0.032645,0.040633,0.042906,5,0.000324
turnover_signal,2021-09-10,0.070497,160,0.024293,0.023658,0.022467,0.019694,0.014917,0.00735,0.012098,0.028657,0.026358,0.030867,5,0.006575
turnover_signal,2021-09-13,0.049209,160,0.020103,0.01022,0.030347,0.016429,0.027974,0.027374,0.016084,0.032464,0.010366,0.030801,5,0.010699
turnover_signal,2021-09-14,-0.018256,160,0.019671,0.022554,0.034497,0.019507,0.030363,0.028929,0.010153,0.016999,0.01541,0.028428,5,0.008757
turnover_signal,2021-09-15,0.101978,160,0.008799,0.025336,-0.011855,0.005524,0.008373,0.010328,0.027172,0.021324,0.023069,0.018359,5,0.00956
turnover_signal,2021-09-16,0.042069,160,-0.029743,-0.002245,-0.01512,0.005324,-0.014775,-0.001277,-0.006952,-0.023612,-0.017976,-0.007393,5,0.02235
turnover_signal,2021-09-17,0.023664,160,-0.007204,-0.020816,-0.019428,-0.014876,-0.008365,-0.023579,0.004787,-0.000669,-0.008453,-0.020526,5,-0.013322
turnover_signal,2021-09-20,0.111461,160,-0.023559,-0.020134,-0.027683,-0.027598,-0.040404,-0.026716,-0.015794,-0.011263,-0.01639,-0.023299,5,0.00026
turnover_signal,2021-09-21,0.080514,160,-0.039448,-0.023035,-0.042399,-0.039299,-0.038162,-0.034804,-0.022087,-0.02301,-0.040935,-0.014073,5,0.025375
turnover_signal,2021-09-22,-0.005277,160,-0.016235,-0.030051,-0.024988,-0.018258,-0.022686,-0.026526,-0.00578,-0.036629,-0.021899,-0.023653,5,-0.007418
turnover_signal,2021-09-23,-0.0227,160,0.028307,0.018197,0.003226,-0.001085,0.031143,0.007929,0.010114,0.007199,0.02264,0.012027,5,-0.016281
turnover_signal,2021-09-24,-0.063208,160,0.025844,0.01167,0.019461,0.020785,-0.005933,0.006638,0.007535,0.020902,0.006416,0.018275,5,-0.007569
turnover_signal,2021-09-27,-0.01157,160,0.0016,0.006086,0.002724,-0.01648,0.000394,0.010635,-0.00511,0.002454,0.00332,-0.003977,5,-0.005578
turnover_signal,2021-09-28,0.040346,160,-0.016772,-0.019435,0.00024,-0.012733,-0.020092,0.003207,-0.007347,0.002341,-0.013758,-0.01963,5,-0.002858
turnover_signal,2021-09-29,-0.11433,160,-0.000994,-0.005207,-0.013186,-0.007234,-0.011192,-0.023533,-0.02441,-0.014706,-0.020469,-0.015316,5,-0.014321
turnover_signal,2021-09-30,-0.03773,160,-0.026542,-0.004254,-0.017917,-0.020127,-0.015485,-0.014502,-0.002481,-0.029779,-0.020472,-0.018741,5,0.007801
turnover_signal,2021-10-01,0.073377,160,-0.019771,-0.027928,-0.019598,-0.037991,-0.022188,-0.01879,-0.013248,-0.005557,-0.011576,-0.030511,5,-0.01074
turnover_signal,2021-10-04,0.045386,160,-0.003703,-0.012895,-0.013596,-0.010772,-0.009624,-0.006405,-0.009483,0.003546,-0.015838,0.003124,5,0.006827
turnover_signal,2021-10-05,-0.139939,160,0.022315,0.017931,0.007928,0.017781,0.00213,0.015767,0.002259,0.001799,0.010619,-0.003707,5,-0.026022
turnover_signal,2021-10-06,-0.060881,160,0.001003,0.027822,0.002698,0.011675,0.012621,0.024545,0.007036,-0.005216,0.008607,0.007385,5,0.006382
turnover_signal,2021-10-07,0.009205,160,-0.005959,0.03217,0.013335,0.00403,-0.006987,0.01599,0.016482,0.025694,0.007485,0.006613,5,0.012572
turnover_signal,2021-10-08,-0.013638,160,0.034421,0.007549,-0.006219,0.006241,0.016064,0.008776,0.005625,0.015791,0.022311,0.00288,5,-0.031541
turnover_signal,2021-10-11,0.104327,160,0.010498,0.01091,-0.004209,0.038331,0.019253,0.020828,0.026365,0.019487,0.024705,0.015909,5,0.005412
turnover_signal,2021-10-12,-0.010281,160,0.006982,0.014076,0.009297,-0.003461,0.021772,0.019201,0.012194,0.015073,0.006889,0.004561,5,-0.002421
turnover_signal,2021-10-13,-0.052912,160,0.02514,0.009187,0.028679,0.010885,0.014506,0.014241,0.005956,0.017863,0.01273,0.009147,5,-0.015993
turnover_signal,2021-10-14,0.144486,160,0.008032,0.013169,0.010544,0.02342,0.015293,0.01544,0.018442,0.017702,0.036877,0.024524,5,0.016492
turnover_signal,2021-10-15,-0.0189,160,0.020626,0.006203,0.015438,0.044239,0.025943,0.017564,0.012123,0.024872,0.015649,0.014203,5,-0.006423
turnover_signal,2021-10-18,-0.04218,160,0.013967,0.001729,0.00246,0.012391,0.001001,0.015153,0.019429,0.009459,0.006707,-0.007387,5,-0.021354
turnover_signal,2021-10-19,0.109024,160,0.020357,-0.000355,0.014829,0.002843,0.016134,-0.001357,0.030092,0.030328,0.014436,0.016658,5,-0.003699
turnover_signal,2021-10-20,0.024865,160,0.007945,0.019227,0.012495,0.008681,0.017451,0.019557,0.017253,0.024038,0.020162,0.000517,5,-0.007428
turnover_signal,2021-10-21,-0.082269,160,-0.000459,0.007989,-0.011698,0.010981,-0.002441,-0.003364,-0.014452,-0.003134,0.007536,-0.011713,5,-0.011254
turnover_signal,2021-10-22,-0.117271,160,0.006305,0.005512,0.009029,-0.019561,-0.002634,-0.003969,-0.012914,-0.004914,-0.012094,0.003141,5,-0.003164
turnover_signal,2021-10-25,0.052813,160,-0.020759,-0.002983,0.00143,0.020275,0.005677,0.025771,0.005194,0.006928,0.002155,-0.00468,5,0.016078
turnover_signal,2021-10-26,0.096402,160,-0.016444,-0.000244,-0.025043,-0.005311,0.000437,0.00655,0.004961,0.00963,-0.002371,-0.015837,5,0.000606
turnover_signal,2021-10-27,-0.175976,160,-0.007744,-0.005751,-0.010571,-0.01283,-0.019666,-0.026159,-0.020843,-0.010081,-0.030903,-0.024871,5,-0.017127
turnover_signal,2021-10-28,0.063761,160,-0.037901,-0.010959,-0.021218,-0.011519,-0.017613,-0.019774,-0.023089,-0.026588,-0.01134,-0.011605,5,0.026296
turnover_signal,2021-10-29,0.034967,160,-0.060418,-0.029681,-0.016427,-0.017567,-0.022536,-0.020424,-0.027894,-0.039028,-0.049755,-0.019848,5,0.04057
turnover_signal,2021-11-01,-0.192579,160,-0.031525,-0.042722,-0.054446,-0.032951,-0.05943,-0.044558,-0.04106,-0.037333,-0.063546,-0.07234,5,-0.040815
turnover_signal,2021-11-02,-0.099423,160,-0.042227,-0.055762,-0.047933,-0.038546,-0.063603,-0.038347,-0.054788,-0.042953,-0.071061,-0.056204,5,-0.013977
turnover_signal,2021-11-03,0.008877,160,-0.051954,-0.05022,-0.048498,-0.054366,-0.050435,-0.048199,-0.051075,-0.049924,-0.051625,-0.050796,5,0.001157
turnover_signal,2021-11-04,-0.080001,160,-0.042032,-0.043687,-0.03106,-0.031144,-0.049318,-0.040115,-0.031584,-0.043845,-0.047044,-0.053295,5,-0.011263
turnover_signal,2021-11-05,0.060899,160,-0.034734,-0.04521,-0.022688,-0.026697,-0.018121,-0.024564,-0.035791,-0.039467,-0.039683,-0.008396,5,0.026337
turnover_signal,2021-11-08,-0.028507,160,-0.012752,-0.022643,-0.020427,-0.016998,-0.005806,-0.012135,-0.017092,-0.011174,-0.022329,-0.025047,5,-0.012294
turnover_signal,2021-11-09,-0.166782,160,-0.001392,-0.007527,-0.010567,-0.010144,-0.012187,-0.02396,-0.017885,-0.027968,-0.01505,-0.026831,5,-0.025439
turnover_signal,2021-11-10,-0.084285,160,0.000881,-0.012832,-0.029415,-0.022898,-0.014965,-0.022715,-0.012985,-0.034047,-0.02456,-0.013882,5,-0.014764
turnover_signal,2021-11-11,-0.00813,160,-0.031722,-0.026822,-0.029305,-0.026233,-0.020182,-0.025553,-0.013385,-0.042099,-0.019071,-0.03179,5,-6.8e-05
turnover_signal,2021-11-12,-0.052039,160,-0.029635,-0.014884,-0.022447,-0.046715,-0.035628,-0.017999,-0.022539,-0.019684,-0.031078,-0.035348,5,-0.005713
turnover_signal,2021-11-15,0.028797,160,-0.027544,-0.028549,-0.043219,-0.022171,-0.021698,-0.024176,-0.015953,-0.024197,-0.036424,-0.026272,5,0.001272
turnover_signal,2021-11-16,0.04003,160,-0.003694,-0.01177,-0.003146,-0.015139,-0.012591,-0.008641,-0.003555,-0.010839,-0.007356,-0.002732,5,0.000961
turnover_signal,2021-11-17,-0.072325,160,0.021904,0.021869,0.012731,0.028751,0.022395,0.013363,-0.013974,0.014463,0.00473,0.020246,5,-0.001657
turnover_signal,2021-11-18,-0.042623,160,0.049136,0.040961,0.0409,0.06474,0.012936,0.044043,0.039083,0.034786,0.043224,0.050264,5,0.001128
turnover_signal,2021-11-19,0.044644,160,0.056075,0.069656,0.058249,0.046607,0.058734,0.065666,0.070814,0.074058,0.056392,0.059078,5,0.003003
turnover_signal,2021-11-22,-0.023611,160,0.05095,0.053129,0.048845,0.055687,0.053995,0.036434,0.032775,0.054479,0.04524,0.056884,5,0.005935
turnover_signal,2021-11-23,0.154726,160,0.038096,0.041593,0.017604,0.049595,0.028663,0.044928,0.05114,0.041468,0.049086,0.054865,5,0.016769
turnover_signal,2021-11-24,0.041448,160,0.031219,0.026043,0.038619,0.02618,0.027007,0.045414,0.035534,0.049625,0.044635,0.017275,5,-0.013944
turnover_signal,2021-11-25,-0.011778,160,0.016609,0.026374,0.028506,0.014442,0.013834,0.026485,0.027517,0.020842,0.02418,0.016643,5,3.4e-05
turnover_signal,2021-11-26,-0.010237,160,0.027,0.018978,0.02862,0.02319,0.019186,0.016998,0.034183,0.043833,8.7e-05,0.020034,5,-0.006966
turnover_signal,2021-11-29,0.071845,160,0.062815,0.062065,0.05476,0.053195,0.057134,0.051289,0.047426,0.057937,0.059949,0.087379,5,0.024565
turnover_signal,2021-11-30,-0.051647,160,0.064333,0.074741,0.062229,0.057943,0.084084,0.054452,0.062345,0.051432,0.064564,0.059804,5,-0.004529
turnover_signal,2021-12-01,0.058693,160,0.056438,0.052921,0.062346,0.074689,0.067464,0.057802,0.045918,0.076309,0.063632,0.067812,5,0.011374
turnover_signal,2021-12-02,0.095919,160,0.058046,0.022529,0.05165,0.061317,0.033792,0.041574,0.047141,0.068434,0.055852,0.05189,5,-0.006156
turnover_signal,2021-12-03,0.028437,160,0.021893,0.030648,0.003025,0.025143,0.002026,0.005059,0.0175,0.022346,0.020328,0.019895,5,-0.001998
turnover_signal,2021-12-06,-0.090191,160,0.025403,0.00891,0.005189,-0.021022,-0.01298,0.004504,0.002103,-0.003625,-0.011733,0.014788,5,-0.010615
turnover_signal,2021-12-07,-0.039497,160,-0.009612,-0.017987,0.001945,0.002398,-0.009661,-0.009249,-0.015495,-0.011531,-0.015232,-0.007608,5,0.002005
turnover_signal,2021-12-08,-0.085392,160,-0.007785,-0.029813,-0.02983,-0.03568,-0.019605,-0.027409,-0.025927,-0.040803,-0.035213,-0.029763,5,-0.021978
turnover_signal,2021-12-09,0.032228,160,-0.01966,-0.01802,-0.021889,-0.029738,-0.015775,-0.024605,-0.029506,-0.020571,-0.016126,-0.011958,5,0.007702
turnover_signal,2021-12-10,0.040868,160,-0.004377,-0.002881,-0.002827,-0.020596,-0.010959,-0.015151,-0.019898,0.006583,0.022521,-0.014359,5,-0.009982
turnover_signal,2021-12-13,0.130139,160,-0.019913,-0.007791,-0.015222,0.011527,-0.010142,0.006389,-0.00508,0.010764,-0.011795,0.004307,5,0.02422
turnover_signal,2021-12-14,0.062601,160,0.00392,-0.018177,-0.005324,-0.01221,-0.000856,-0.01118,0.005084,0.000638,9.6e-05,0.003376,5,-0.000544
turnover_signal,2021-12-15,0.042743,160,0.011394,-0.003957,0.015968,-0.002621,0.002928,0.027604,0.006775,0.007348,0.006682,0.019834,5,0.00844
turnover_signal,2021-12-16,0.00782,160,0.014976,0.007125,0.011577,0.022434,0.000784,0.02256,0.014341,0.001589,0.008162,0.01886,5,0.003884
turnover_signal,2021-12-17,-0.040692,160,0.01136,0.000756,0.017609,0.020093,0.036805,0.01276,0.008794,0.013397,0.004657,0.003084,5,-0.008275
turnover_signal,2021-12-20,-0.021106,160,-0.005871,-0.011922,-0.018385,-0.001249,0.006515,-0.00785,-0.01706,-0.011839,-0.009886,-0.004551,5,0.00132
turnover_signal,2021-12-21,-0.060682,160,0.012867,-0.009719,0.003627,0.006874,-0.009942,0.003952,-0.013262,-0.010914,0.006067,-0.005107,5,-0.017974
turnover_signal,2021-12-22,0.161362,160,-0.006963,0.017215,0.023012,0.027577,0.01512,0.024479,0.006129,0.017797,0.025109,0.024953,5,0.031916
turnover_signal,2021-12-23,-0.150958,160,0.044041,0.041677,0.028359,0.008975,0.022397,0.037374,-0.000247,0.01325,0.033449,0.026414,5,-0.017626
turnover_signal,2021-12-24,-0.104893,160,0.025287,0.015963,-0.003778,0.007159,0.007278,0.010724,0.008786,0.017045,0.007162,-0.005296,5,-0.030582
turnover_signal,2021-12-27,0.1212,160,0.0126,0.01951,0.022955,0.00154,0.014564,0.022963,0.011973,0.039916,0.019391,0.030067,5,0.017467
turnover_signal,2021-12-28,-0.157354,160,0.021626,-0.006947,0.004326,0.011728,-0.020488,-0.011148,-0.016089,-0.007289,-0.021798,0.001686,5,-0.019939
turnover_signal,2021-12-29,-0.044384,160,-0.024122,-0.036532,-0.045319,-0.044535,-0.041083,-0.041372,-0.035244,-0.039115,-0.027236,-0.051706,5,-0.027584
turnover_signal,2021-12-30,0.100384,160,-0.047695,-0.042196,-0.04841,-0.043142,-0.037557,-0.047241,-0.045399,-0.040068,-0.027927,-0.025259,5,0.022436
turnover_signal,2021-12-31,0.012083,160,-0.041478,-0.034284,-0.005531,-0.037208,-0.022208,-0.034292,-0.019114,-0.024633,-0.028876,-0.036454,5,0.005024
turnover_signal,2022-01-03,-0.072246,160,-0.015403,-0.034129,-0.035329,-0.029466,-0.02468,-0.043748,-0.037309,-0.026078,-0.030687,-0.044209,5,-0.028807
turnover_signal,2022-01-04,0.056574,160,-0.050673,-0.044962,-0.012282,-0.034878,-0.040744,-0.042865,-0.014322,-0.035697,-0.048492,-0.024904,5,0.02577
turnover_signal,2022-01-05,-0.146484,160,-0.014036,-0.026093,-0.020487,-0.016079,-0.025498,-0.040755,-0.042765,-0.027916,-0.033161,-0.031642,5,-0.017606
turnover_signal,2022-01-06,0.035612,160,-0.026972,-0.039357,-0.030732,-0.040236,-0.0256,-0.03572,-0.032223,-0.029832,-0.011849,-0.040607,5,-0.013635
turnover_signal,2022-01-07,-0.048392,160,-0.036073,-0.02933,-0.027142,-0.032622,-0.011252,-0.039091,-0.032051,-0.023765,-0.039193,-0.037772,5,-0.001699
turnover_signal,2022-01-10,0.087824,160,-0.02537,-0.024699,-0.015768,-0.024825,-0.012661,-0.001626,-0.005871,-0.030334,-0.004235,-0.022205,5,0.003166
turnover_signal,2022-01-11,-0.048069,160,0.014908,0.011691,0.017152,0.022924,0.020973,0.019122,0.016649,0.02626,0.012322,0.005697,5,-0.00921
turnover_signal,2022-01-12,-0.104333,160,0.033689,0.017869,0.045176,0.018265,0.01881,0.010505,0.021054,0.024392,0.012178,0.021025,5,-0.012663
turnover_signal,2022-01-13,0.024253,160,0.04364,0.016461,0.003252,0.033164,0.00928,0.016251,0.024215,0.027699,0.024637,0.026918,5,-0.016722
turnover_signal,2022-01-14,-0.121818,160,0.016821,0.030042,0.04258,0.010453,0.017115,0.030559,0.025056,0.009969,-0.004471,0.018909,5,0.002089
turnover_signal,2022-01-17,-0.062343,160,0.00467,0.01008,0.023495,0.018049,0.009663,0.001285,0.010482,-0.012983,-0.001058,0.016718,5,0.012049
turnover_signal,2022-01-18,0.092377,160,0.006174,-0.012258,-0.011368,-0.017766,-0.03248,0.009844,-0.014933,-0.011217,0.006362,0.002348,5,-0.003826
turnover_signal,2022-01-19,-0.071174,160,-0.003877,0.011409,0.004513,0.021044,0.026903,0.011816,0.001457,0.000236,-0.006436,0.004277,5,0.008154
turnover_signal,2022-01-20,-0.101992,160,0.007475,-0.003727,-0.007061,0.004539,-0.014802,-0.00718,-0.011561,-0.000694,-0.020772,0.00987,5,0.002395
turnover_signal,2022-01-21,-0.083713,160,0.008797,0.007904,0.023803,-0.003861,0.007247,0.017897,0.002107,0.023636,-0.016132,-0.005189,5,-0.013986
turnover_signal,2022-01-24,-0.035421,160,0.033345,0.014618,0.032436,0.009928,0.017225,0.015225,0.029208,0.026988,0.023086,0.017953,5,-0.015392
turnover_signal,2022-01-25,0.064763,160,0.014475,0.003378,0.036814,0.034329,0.01069,0.026738,0.019098,0.015785,0.030263,0.029965,5,0.01549
turnover_signal,2022-01-26,-0.03345,160,0.004507,0.024407,0.031314,0.002709,0.013846,-0.000155,0.011691,-0.002421,0.027277,0.01339,5,0.008883
turnover_signal,2022-01-27,-0.015768,160,0.004634,0.016877,0.006961,0.01841,-0.016727,0.020834,0.010629,0.036262,-0.005753,-0.001532,5,-0.006166
turnover_signal,2022-01-28,0.022671,160,0.008892,0.02939,0.028064,0.01341,0.027076,0.004459,0.024426,0.024984,0.029803,0.019943,5,0.011052
turnover_signal,2022-01-31,0.008186,160,0.019488,0.021575,0.0362,0.021262,0.021862,0.026313,-0.006067,0.01723,0.02401,0.025873,5,0.006385
turnover_signal,2022-02-01,-0.087244,160,0.021265,0.040581,0.018171,0.036511,0.022892,0.019683,0.01896,0.019037,0.020391,0.012668,5,-0.008597
turnover_signal,2022-02-02,-0.036857,160,0.034946,0.025031,0.026609,0.009744,0.019533,0.025285,0.002803,0.037039,0.023781,0.021566,5,-0.013379
turnover_signal,2022-02-03,-0.035377,160,0.043543,0.040723,0.03371,0.046204,0.028688,0.052361,0.051726,0.025679,0.025204,0.042253,5,-0.00129
turnover_signal,2022-02-04,-0.140654,160,0.009844,0.01152,0.030664,0.003764,0.020431,0.01015,0.010097,0.003965,0.004809,-0.001484,5,-0.011328
turnover_signal,2022-02-07,-0.06658,160,0.001537,0.011469,0.002814,0.005764,0.003149,0.012082,-0.015868,0.014554,-0.00977,0.002388,5,0.000851
turnover_signal,2022-02-08,0.045591,160,-0.0069,0.006195,-0.018557,-0.010868,0.023093,-0.003747,0.000276,-0.000931,-0.015687,0.003698,5,0.010598
turnover_signal,2022-02-09,0.036766,160,-0.009473,-0.002924,0.005857,-0.003652,0.006792,0.013842,-0.007704,0.002786,0.001292,-0.004293,5,0.005179
turnover_signal,2022-02-10,-0.043305,160,-0.006814,-0.007347,-0.01522,-0.019506,-0.012981,-0.005548,-0.008641,-0.018926,-0.007047,-0.00868,5,-0.001865
turnover_signal,2022-02-11,-0.028598,160,0.010215,0.016545,-0.001411,0.000979,-0.011245,0.012797,0.016859,0.005878,0.006943,0.002243,5,-0.007971
turnover_signal,2022-02-14,-0.021944,160,0.007794,-0.009112,-0.004859,-0.001123,0.0079,-0.002194,0.004686,0.015743,-0.017769,-0.006932,5,-0.014726
turnover_signal,2022-02-15,0.013208,160,0.014607,-0.000628,0.004838,0.003257,0.004476,-0.012014,0.013149,0.013504,0.006943,0.012389,5,-0.002218
turnover_signal,2022-02-16,0.132811,160,0.012446,0.033637,0.021977,0.013888,0.037724,0.045355,0.031067,0.042918,0.027956,0.030289,5,0.017843
turnover_signal,2022-02-17,0.032998,160,0.037829,0.052616,0.046324,0.017641,0.046094,0.038468,0.051844,0.033669,0.058883,0.048708,5,0.010879
turnover_signal,2022-02-18,-0.031727,160,0.048251,0.038299,0.037051,0.035016,0.03509,0.029526,0.022008,0.048551,0.035522,0.040149,5,-0.008102
turnover_signal,2022-02-21,0.153686,160,0.034638,0.018835,0.036486,0.051763,0.03262,0.046663,0.040714,0.029846,0.038894,0.065169,5,0.030531
turnover_signal,2022-02-22,-0.127692,160,0.0312,0.026932,0.037609,0.031638,0.03791,0.034968,0.021696,0.023913,0.014129,0.015633,5,-0.015566
turnover_signal,2022-02-23,0.129954,160,-0.007538,0.010148,0.013723,0.012856,0.003988,0.010602,0.009407,0.010462,0.023668,0.020845,5,0.028384
turnover_signal,2022-02-24,0.046223,160,0.017499,0.025773,0.022489,0.010321,0.015848,0.033006,0.01343,0.020381,0.012975,0.029341,5,0.011842
turnover_signal,2022-02-25,-0.043795,160,0.021593,0.014992,0.020834,0.019833,0.007839,0.004017,0.02498,0.025976,0.011751,0.015807,5,-0.005785
turnover_signal,2022-02-28,-0.058397,160,0.027895,0.036055,0.034245,0.035227,0.040839,0.037451,0.040287,0.024569,0.013526,0.03583,5,0.007935
turnover_signal,2022-03-01,-0.100765,160,0.045055,0.052383,0.061267,0.046025,0.053322,0.031707,0.033711,0.039141,0.037495,0.048301,5,0.003246
turnover_signal,2022-03-02,0.118918,160,0.017452,-0.008268,0.026989,0.018333,0.006992,0.020655,0.009162,0.031111,0.023918,0.031328,5,0.013875
turnover_signal,2022-03-03,0.086417,160,0.006289,-0.015917,0.001001,-0.003917,-0.005995,0.001169,-0.008745,0.001743,-0.006329,0.016907,5,0.010618
turnover_signal,2022-03-04,-0.008959,160,-0.010434,-0.010069,-0.013901,-0.002676,-0.018315,-0.023437,-0.018852,0.000679,-0.001265,-0.021609,5,-0.011175
turnover_signal,2022-03-07,-0.06055,160,-0.019669,-0.030874,-0.036397,-0.026447,-0.022685,-0.034819,-0.023675,-0.040064,-0.024692,-0.035066,5,-0.015396
turnover_signal,2022-03-08,0.016398,160,-0.021618,-0.032943,-0.035818,-0.004183,-0.027711,-0.024335,-0.036065,-0.017733,-0.008754,-0.02952,5,-0.007902
turnover_signal,2022-03-09,0.004342,160,-0.01587,-0.016578,-0.020273,-0.016176,-0.040908,-0.022859,-0.010303,-0.01827,-0.013688,-0.02693,5,-0.01106
turnover_signal,2022-03-10,-0.033189,160,-0.022057,-0.008258,-0.020806,-0.008015,-0.02274,-0.012612,-0.025153,0.002207,-0.017763,-0.026629,5,-0.004572
turnover_signal,2022-03-11,0.029119,160,-0.009542,0.005641,-0.005428,0.001193,-0.019787,-0.017628,0.005398,0.018426,0.006537,-0.0175,5,-0.007957
turnover_signal,2022-03-14,-0.038843,160,-0.009158,-0.008741,0.001851,-0.00335,-0.011657,-0.009372,-0.006348,-0.010415,-0.002614,-0.008896,5,0.000263
turnover_signal,2022-03-15,-0.117992,160,-0.027317,-0.000466,-0.016408,-0.020315,-0.008987,-0.029399,-0.023807,-0.032386,-0.043543,-0.017905,5,0.009412
turnover_signal,2022-03-16,0.02694,160,0.013276,-0.004575,-0.024312,-0.023578,-0.009814,-0.014629,-0.005375,-0.000794,-0.013963,0.008771,5,-0.004505
turnover_signal,2022-03-17,-0.048605,160,0.002403,-0.005691,0.008217,0.002138,0.000235,-0.000718,0.001073,-0.024766,0.008994,-0.00606,5,-0.008463
turnover_signal,2022-03-18,-0.18371,160,0.009776,-0.004711,-0.009734,-0.00373,-0.029404,-0.001716,-0.020195,-0.013644,-0.004528,-0.031707,5,-0.041483
turnover_signal,2022-03-21,-0.059191,160,-0.021361,0.013982,6.9e-05,-0.020833,-0.006127,-0.004159,-0.021585,0.001444,-0.008866,-0.018639,5,0.002723
turnover_signal,2022-03-22,0.004392,160,0.007398,-0.001351,0.001024,-0.011256,-0.005238,0.012957,0.002901,0.009326,0.001683,-0.00217,5,-0.009568
turnover_signal,2022-03-23,0.115258,160,-0.006965,-0.003698,0.002032,-0.004165,-0.001672,0.01787,0.000618,0.015189,0.004229,-0.000326,5,0.006639
turnover_signal,2022-03-24,0.018127,160,-0.000588,-0.027178,-0.014747,-0.001386,-0.009871,-0.02453,-0.024504,-0.00573,-0.003715,-0.009573,5,-0.008986
turnover_signal,2022-03-25,0.000888,160,-0.0061,-0.004868,-0.013418,-0.009542,-0.022902,-0.006955,0.008071,-0.011551,-0.00904,-0.020225,5,-0.014125
turnover_signal,2022-03-28,0.075316,160,-0.020829,-0.006831,0.005669,-0.015637,-0.00846,0.000113,-0.013604,-0.021302,-0.002436,0.007109,5,0.027938
turnover_signal,2022-03-29,0.009566,160,-0.018367,-0.020695,-0.013203,-0.020142,-0.019325,-0.015428,-0.019903,-0.031741,-0.006963,-0.024618,5,-0.006251
turnover_signal,2022-03-30,-0.005335,160,-0.027432,-0.022384,-0.019485,-0.024982,-0.001196,-0.016579,-0.018242,-0.042767,-0.018021,-0.018754,5,0.008677
turnover_signal,2022-03-31,0.233022,160,-0.019473,-0.028102,-0.040531,-0.019325,-0.021037,-0.008409,-0.022237,-0.014219,0.014044,-0.007091,5,0.012382
turnover_signal,2022-04-01,0.027317,160,-0.004086,-0.011332,0.007345,0.005979,0.009195,9e-06,0.010341,-0.005397,0.006636,-0.007789,5,-0.003703
turnover_signal,2022-04-04,-0.061816,160,-0.000683,-0.00627,0.005358,0.014421,-0.005991,0.018345,-0.003732,0.003393,-0.008053,-0.011462,5,-0.010779
turnover_signal,2022-04-05,0.04315,160,0.018376,0.013491,0.018898,0.000886,0.021307,0.018838,0.030506,0.030129,0.016819,0.004448,5,-0.013928
turnover_signal,2022-04-06,0.041161,160,0.031047,0.011672,0.003422,0.020203,0.022978,0.009652,0.01351,0.036469,0.013549,0.025558,5,-0.00549
turnover_signal,2022-04-07,-0.065894,160,-0.000511,0.026097,0.026488,0.016376,0.015396,0.008835,0.021036,0.014392,0.002435,0.004541,5,0.005052
turnover_signal,2022-04-08,-0.018428,160,-0.025269,0.026843,-0.012166,-0.035207,-0.022444,-0.016585,-0.025021,0.004879,0.005183,-0.027826,5,-0.002557
turnover_signal,2022-04-11,-0.026582,160,-0.022215,-0.008522,-0.012478,-0.013896,-0.028584,0.000382,-0.025397,-0.000895,-0.024059,-0.025886,5,-0.003671
turnover_signal,2022-04-12,0.052423,160,-0.016633,-0.007969,-0.023156,-0.019679,-0.027328,-0.005489,-0.032875,-0.015725,-0.001807,-0.012259,5,0.004374
turnover_signal,2022-04-13,-0.072668,160,-0.028368,-0.01228,-0.021599,-0.021303,-0.00688,-0.024534,-0.014462,-0.03193,-0.028811,-0.030716,5,-0.002349
turnover_signal,2022-04-14,-0.102136,160,-0.018546,-0.015828,-0.006678,0.001734,-0.03606,-0.024249,-0.015277,-0.035206,-0.025602,-0.0218,5,-0.003254
turnover_signal,2022-04-15,0.006466,160,-0.032871,-0.036551,-0.026552,-0.026892,-0.03691,-0.036105,-0.025372,-0.039052,-0.02838,-0.040877,5,-0.008006
turnover_signal,2022-04-18,-0.000337,160,-0.030067,-0.034586,-0.022108,-0.027718,-0.036429,-0.032217,-0.037867,-0.0308,-0.020154,-0.044072,5,-0.014005
turnover_signal,2022-04-19,0.044208,160,-0.041385,-0.032522,-0.03042,-0.054328,-0.030035,-0.056529,-0.009194,-0.020729,-0.042209,-0.041527,5,-0.000143
turnover_signal,2022-04-20,-0.070922,160,-0.038935,-0.008872,-0.02032,-0.033849,-0.03485,-0.018675,-0.034182,-0.031701,-0.040742,-0.024656,5,0.014279
turnover_signal,2022-04-21,-0.00155,160,-0.019441,-0.028992,-0.013246,-0.004827,-0.013957,-0.026722,-0.003458,-0.008438,-0.03038,-0.017846,5,0.001595
turnover_signal,2022-04-22,0.066158,160,0.008295,0.007276,0.016786,-0.018133,0.01123,-0.006214,0.0054,-0.000962,0.015845,0.00876,5,0.000465
turnover_signal,2022-04-25,0.037047,160,-0.005528,0.019558,0.008564,0.006601,0.008876,0.004388,-0.00074,0.008149,0.008157,0.014432,5,0.019961
turnover_signal,2022-04-26,0.004691,160,0.013707,0.010521,0.006844,0.000897,0.011347,0.020798,0.004956,0.034616,0.012943,0.001985,5,-0.011722
turnover_signal,2022-04-27,-0.054987,160,0.009307,0.006777,0.01323,0.017314,-0.004412,-0.007651,0.007733,0.004012,-0.008896,0.008343,5,-0.000964
turnover_signal,2022-04-28,0.098509,160,-0.040552,-0.015333,-0.023394,-0.025783,-0.017422,-0.007602,-0.032322,-0.02154,-0.030937,-0.018464,5,0.022088
turnover_signal,2022-04-29,0.019451,160,-0.02076,0.011512,-0.012227,-0.002048,-0.024659,-0.022555,0.018506,-0.009872,-0.011154,-0.009481,5,0.011279
turnover_signal,2022-05-02,-0.202786,160,-0.00097,-0.014184,-0.007374,-0.003448,-0.025535,-0.013148,-0.010478,-0.021789,-0.032087,-0.022479,5,-0.021509
turnover_signal,2022-05-03,-0.058414,160,0.001039,-0.015692,-0.005115,-0.011893,-0.002232,-0.016948,-0.028505,0.015994,-0.015213,-0.016523,5,-0.017563
turnover_signal,2022-05-04,0.022978,160,0.002284,-0.007662,0.030749,0.014631,-0.001845,0.00056,-0.001285,0.016871,0.009277,0.00284,5,0.000556
turnover_signal,2022-05-05,0.02483,160,0.03748,0.053622,0.034324,0.040953,0.012702,0.043991,0.024427,0.051116,0.049637,0.042858,5,0.005377
turnover_signal,2022-05-06,-0.082134,160,0.036164,0.045189,0.048919,0.025549,0.048544,0.042984,0.018531,0.028164,0.032103,0.034182,5,-0.001982
turnover_signal,2022-05-09,0.161664,160,0.047337,0.053307,0.065232,0.060208,0.073189,0.080554,0.057717,0.067079,0.062004,0.081146,5,0.033808
turnover_signal,2022-05-10,-0.027104,160,0.043996,0.060092,0.024781,0.0306,0.032088,0.042309,0.055154,0.034131,0.035097,0.042494,5,-0.001502
turnover_signal,2022-05-11,0.035251,160,0.036479,0.02257,0.035632,0.021449,0.023234,0.026412,0.014442,0.03283,0.022255,0.051827,5,0.015348
turnover_signal,2022-05-12,0.103794,160,0.014577,0.007176,0.016094,0.042175,0.026431,0.013412,0.012532,0.026796,0.020241,0.037811,5,0.023235
turnover_signal,2022-05-13,-0.067886,160,0.011979,0.00474,0.009595,0.005027,0.019284,0.004043,-0.011362,0.002034,0.007653,0.000764,5,-0.011215
turnover_signal,2022-05-16,0.136916,160,-0.004575,-0.005975,-0.005508,0.000841,0.008126,0.024919,0.002309,0.014865,0.004972,0.010773,5,0.015347
turnover_signal,2022-05-17,0.030262,160,0.010237,0.024018,0.001375,0.003107,0.004563,0.0135,0.008059,0.014412,0.005296,0.01521,5,0.004973
turnover_signal,2022-05-18,0.125305,160,-0.024947,0.005701,-0.003688,0.001573,-0.006396,-0.002918,0.004281,0.012804,0.007222,-0.001216,5,0.023731
turnover_signal,2022-05-19,0.067013,160,-0.007876,-0.005229,0.004725,-0.000237,0.005925,0.004918,0.004127,0.000477,0.00016,0.011389,5,0.019265
turnover_signal,2022-05-20,0.070933,160,0.014221,0.022736,0.013612,0.023095,0.011971,0.00384,0.032263,0.021071,0.026783,0.029654,5,0.015432
turnover_signal,2022-05-23,0.021273,160,0.001424,-0.01379,-0.007608,-0.011113,-0.007954,0.004352,-0.013712,0.001794,-0.004876,-0.000858,5,-0.002282
turnover_signal,2022-05-24,0.086792,160,-0.007754,-0.008725,-0.008881,-0.008211,8.6e-05,-0.020818,0.001324,-0.00145,0.000965,0.005507,5,0.013261
turnover_signal,2022-05-25,-0.048951,160,-0.005583,0.008825,0.026469,0.001733,0.012282,0.012653,0.008589,0.015606,-0.005313,-0.003236,5,0.002347
turnover_signal,2022-05-26,0.045137,160,-0.023269,-0.01286,0.003967,-0.018399,-0.013955,0.001268,-0.001557,-0.022207,-0.010332,-0.004055,5,0.019214
turnover_signal,2022-05-27,0.045019,160,-0.020283,-0.053139,-0.012828,-0.026284,-0.039968,-0.016594,-0.035129,-0.03057,-0.032564,-0.025055,5,-0.004772
turnover_signal,2022-05-30,-0.039541,160,-0.036506,-0.027752,-0.01031,-0.025043,-0.032557,-0.04657,-0.054326,-0.009231,-0.037903,-0.031811,5,0.004695
turnover_signal,2022-05-31,-0.06583,160,-0.025606,-0.002712,-0.035363,-0.027178,-0.047385,-0.038485,-0.017736,-0.020729,-0.041226,-0.025025,5,0.000581
turnover_signal,2022-06-01,-0.06157,160,-0.017372,-0.038628,-0.027391,-0.047244,-0.029381,-0.028493,-0.027227,-0.034019,-0.046047,-0.035637,5,-0.018265
turnover_signal,2022-06-02,-0.064667,160,-0.002294,-0.006846,0.003594,-0.010855,-0.009858,-0.006499,0.003581,-0.022177,-0.008594,-0.005099,5,-0.002805
turnover_signal,2022-06-03,0.00317,160,0.014131,0.015599,0.008675,0.002822,0.009747,0.002402,0.025362,-0.001274,0.018545,0.009272,5,-0.004859
turnover_signal,2022-06-06,0.017467,160,0.024487,0.022585,0.01901,0.021696,0.014801,0.004082,0.019655,0.031808,0.033345,0.018332,5,-0.006155
turnover_signal,2022-06-07,-0.060234,160,0.027751,0.030368,0.048478,0.003722,0.023656,0.020604,0.016194,0.019599,0.037076,0.016569,5,-0.011183
turnover_signal,2022-06-08,0.059742,160,0.026707,0.028778,0.025535,0.029033,0.040707,0.044156,0.032319,0.041972,0.04296,0.034525,5,0.007818
turnover_signal,2022-06-09,-0.044606,160,0.025577,0.021984,0.032689,0.022098,0.033069,0.021897,0.005694,0.023514,0.024757,0.018719,5,-0.006857
turnover_signal,2022-06-10,-0.006545,160,0.03529,0.013119,0.028149,0.030694,0.023253,0.01539,0.025417,0.020767,0.02136,0.021337,5,-0.013953
turnover_signal,2022-06-13,0.112712,160,0.031512,0.030575,0.024459,0.031449,0.031963,0.043558,0.045982,0.042346,0.026738,0.043846,5,0.012334
turnover_signal,2022-06-14,0.020125,160,0.023874,0.021639,0.040801,0.027807,0.0127,0.023176,0.017424,0.021132,0.008371,0.053298,5,0.029424
turnover_signal,2022-06-15,-0.01171,160,-7e-05,-0.002633,-0.006955,-0.005713,-0.008231,-0.003677,-0.020853,0.016039,-0.004369,-0.008765,5,-0.008696
turnover_signal,2022-06-16,0.03224,160,-0.010287,-0.014843,-0.018772,-0.013471,-0.004144,-0.006609,-0.007993,-0.007167,0.003586,-0.026457,5,-0.016169
turnover_signal,2022-06-17,-0.039945,160,-0.016865,-0.028632,-0.010776,-0.012075,-0.022829,-0.016857,-0.018084,-0.028045,-0.031707,-0.009793,5,0.007072
turnover_signal,2022-06-20,-0.024798,160,-0.017425,-0.025165,-0.024525,-0.048552,-0.035447,-0.034293,-0.012898,-0.030201,-0.026918,-0.025216,5,-0.007791
turnover_signal,2022-06-21,-0.124142,160,-0.020133,-0.008813,-0.028178,-0.02882,-0.017962,-0.015044,-0.025049,-0.022184,-0.039544,-0.023049,5,-0.002916
turnover_signal,2022-06-22,-0.07432,160,0.00913,-0.00075,-0.003122,-0.013616,-0.010491,-0.015071,-0.00816,0.004248,-0.009478,-0.014458,5,-0.023587
turnover_signal,2022-06-23,-0.009721,160,0.020805,-0.016794,-0.000273,-0.000127,0.000879,-0.004838,0.004554,0.008887,-0.002575,-0.007515,5,-0.02832
turnover_signal,2022-06-24,0.033458,160,0.011076,0.00171,0.025892,-0.01204,0.009485,0.001473,-0.005775,0.002495,0.034964,0.0116,5,0.000524
turnover_signal,2022-06-27,-0.120992,160,0.03065,0.002637,0.034955,0.028524,0.020227,-0.007669,0.012646,0.022685,-0.006019,0.02641,5,-0.00424
turnover_signal,2022-06-28,-0.004922,160,0.007992,0.000473,0.002037,0.000127,-0.003461,-0.009655,0.006698,0.006441,-0.002259,0.01264,5,0.004648
turnover_signal,2022-06-29,-1.5e-05,160,-0.006185,-0.026114,-0.011631,-0.000255,-0.008154,-0.004682,-0.007398,-0.014623,-0.009761,-0.010199,5,-0.004014
turnover_signal,2022-06-30,0.033104,160,-0.00669,0.00105,-0.000537,-0.005289,-0.001009,0.013727,-0.006143,-0.007637,-0.008784,0.008399,5,0.015089
turnover_signal,2022-07-01,0.001503,160,-0.006218,0.003442,0.00128,0.008792,0.006746,-0.015565,0.001468,-0.000605,-0.007967,0.011398,5,0.017616
turnover_signal,2022-07-04,-0.000375,160,-0.008181,-0.00089,0.004842,-0.001996,-0.008087,0.003661,-0.009387,-0.014776,-0.002531,0.012981,5,0.021162
turnover_signal,2022-07-05,0.012663,160,0.023529,0.006011,0.008106,0.001313,0.006743,0.035165,0.021049,0.000328,0.028911,0.002659,5,-0.02087
turnover_signal,2022-07-06,-0.005174,160,0.025923,0.030076,0.020711,0.019332,0.00969,0.015969,0.024845,0.04117,0.025452,0.018053,5,-0.00787
turnover_signal,2022-07-07,-0.144287,160,0.028523,0.00765,-0.004976,0.019068,0.018615,0.004438,0.02259,0.009306,-0.00129,-0.004759,5,-0.033282
turnover_signal,2022-07-08,-0.09768,160,-0.000246,-0.006474,-0.00291,0.003688,-0.010574,0.000508,-0.008539,-0.01823,-0.012428,-0.006302,5,-0.006055
turnover_signal,2022-07-11,-0.147767,160,-0.013528,-0.039277,-0.027904,-0.009306,-0.011623,-0.044264,-0.053329,-0.045083,-0.036274,-0.028295,5,-0.014767
turnover_signal,2022-07-12,0.052575,160,-0.04169,-0.043197,-0.047448,-0.036942,-0.041929,-0.015685,-0.038573,-0.035038,-0.048758,-0.036455,5,0.005235
turnover_signal,2022-07-13,-0.062853,160,-0.031479,-0.029494,-0.024009,-0.02945,-0.035696,-0.047433,-0.028543,-0.029436,-0.035085,-0.035082,5,-0.003603
turnover_signal,2022-07-14,-0.090487,160,-0.025234,-0.014625,-0.022024,-0.023374,-0.036039,-0.035083,-0.029599,-0.033011,-0.032551,-0.024149,5,0.001085
turnover_signal,2022-07-15,-0.214403,160,0.003829,-0.005059,0.001428,-0.000189,0.002942,-0.008324,-0.00581,-0.002193,-0.011016,-0.034454,5,-0.038283
turnover_signal,2022-07-18,0.012346,160,0.008537,0.005423,0.031259,0.015899,0.026055,0.00871,0.012979,0.019705,0.017874,0.013641,5,0.005105
turnover_signal,2022-07-19,0.108036,160,0.030548,0.030864,0.014211,0.025387,0.037664,0.026966,0.030463,0.035537,0.040022,0.034877,5,0.00433
turnover_signal,2022-07-20,0.039901,160,0.037811,0.028463,0.065697,0.039093,0.06611,0.041487,0.036547,0.05007,0.050029,0.03737,5,-0.000441
turnover_signal,2022-07-21,0.00992,160,0.028265,0.017793,0.054068,0.022647,0.038054,0.039726,0.025573,0.014981,0.04813,0.033018,5,0.004753
turnover_signal,2022-07-22,-0.01563,160,0.018629,0.026115,0.012264,-0.00663,0.004354,0.005701,-0.008909,0.013356,0.013208,0.021056,5,0.002427
turnover_signal,2022-07-25,-0.052971,160,0.006587,0.005796,0.005768,-0.018331,-0.032412,-0.001166,0.005392,0.001727,0.006897,-0.012072,5,-0.018659
turnover_signal,2022-07-26,-0.107659,160,-0.004955,0.005906,-0.015534,0.004064,-0.008066,-0.016324,-0.017035,-0.022943,-0.005056,-0.010133,5,-0.005179
turnover_signal,2022-07-27,-0.14707,160,0.015885,-0.007889,0.009215,-0.004433,-0.008483,0.008603,-0.010326,-0.018375,-0.012597,-0.010211,5,-0.026096
turnover_signal,2022-07-28,0.036253,160,-0.001207,-0.013502,0.004342,0.014024,0.007195,0.003095,-0.009408,0.012542,-0.014001,0.004806,5,0.006013
turnover_signal,2022-07-29,-0.084305,160,0.012224,0.031718,0.033385,0.025154,0.018453,0.021811,0.013554,0.018183,0.010256,0.015561,5,0.003337
turnover_signal,2022-08-01,-0.026453,160,0.018071,0.022345,0.051882,0.011274,0.00953,0.023963,0.030662,0.026804,0.032385,0.016028,5,-0.002043
turnover_signal,2022-08-02,0.025425,160,0.017627,0.034613,0.024677,0.032873,0.039332,0.05309,0.026683,0.021659,0.032658,0.024688,5,0.007061
turnover_signal,2022-08-03,0.057037,160,0.021869,0.021446,0.004155,0.019289,0.000481,0.029232,0.015106,0.02358,0.017958,0.025665,5,0.003796
turnover_signal,2022-08-04,-0.109255,160,0.038469,0.040038,0.035362,0.025658,0.021676,0.012214,0.026771,0.033369,0.02847,0.019818,5,-0.018652
turnover_signal,2022-08-05,-0.002159,160,0.023957,0.010432,0.029254,0.040276,0.02755,0.021043,0.019058,0.045116,0.021134,0.012387,5,-0.011569
turnover_signal,2021-01-04,-0.023887,160,0.001302,-0.004107,0.012895,0.025556,0.018748,0.022739,0.010255,-0.016381,-0.002724,0.015212,10,0.013911
turnover_signal,2021-01-05,-0.061927,160,0.023333,0.014035,-0.014884,-0.000453,0.015599,0.000487,0.0272,0.02141,-0.001148,-0.009889,10,-0.033221
turnover_signal,2021-01-06,0.124505,160,-0.008401,0.040259,0.018472,0.005478,0.037445,0.029585,0.036015,0.037515,0.019887,0.026393,10,0.034794
turnover_signal,2021-01-07,-0.011274,160,0.014986,0.016395,-0.009327,0.012378,0.009096,0.033272,0.037252,0.01654,-0.016696,0.014181,10,-0.000804
turnover_signal,2021-01-08,0.06442,160,0.018484,0.00578,0.015052,0.003115,-0.022425,0.002843,0.001358,0.015458,-0.004155,0.049209,10,0.030724
turnover_signal,2021-01-11,-0.034378,160,0.014902,-0.007503,0.012164,0.001513,-0.017373,0.024836,0.02971,-0.028992,0.017304,-0.004939,10,-0.019841
turnover_signal,2021-01-12,-0.184258,160,0.030137,0.017084,0.001288,0.002746,-0.008678,0.006054,-0.001931,-0.004465,-0.001341,-0.012319,10,-0.042455
turnover_signal,2021-01-13,0.096024,160,0.006836,-0.01539,-0.003084,-0.017078,0.025996,0.016637,0.027309,0.006875,0.001282,0.008164,10,0.001329
turnover_signal,2021-01-14,-0.091257,160,0.030434,0.021671,0.000133,0.018804,0.005176,0.00434,0.006672,-0.00429,0.010989,0.010698,10,-0.019736
turnover_signal,2021-01-15,-0.007524,160,-0.003465,-0.001587,0.001349,0.002028,-0.003754,-0.001331,-0.023431,-0.004905,-9.6e-05,0.000441,10,0.003906
turnover_signal,2021-01-18,-0.250706,160,0.001777,-0.020792,0.009345,0.010087,0.010939,-0.031322,-0.02973,-0.03508,-0.026531,-0.0302,10,-0.031977
turnover_signal,2021-01-19,0.065021,160,-0.022961,-0.000998,-0.018626,0.003023,-0.0157,-0.005792,-0.015907,0.011926,-0.018241,0.001024,10,0.023985
turnover_signal,2021-01-20,0.022647,160,-0.006,-0.027536,-0.004133,-0.001571,0.014583,-0.010039,-0.011242,-0.007748,-0.008063,0.001275,10,0.007275
turnover_signal,2021-01-21,-0.013046,160,-0.008289,-0.014552,0.001853,-0.005656,-0.0048,-0.000649,-0.029925,0.009247,-0.005373,-0.021326,10,-0.013036
turnover_signal,2021-01-22,-0.001105,160,-0.000937,0.007403,-0.018715,-0.005511,-0.004263,-0.007247,0.004422,0.003989,-0.004769,-0.020003,10,-0.019066
turnover_signal,2021-01-25,-0.041029,160,0.021597,0.020784,0.022281,-0.015381,0.017123,0.036282,0.03936,0.015566,0.011195,-0.001249,10,-0.022846
turnover_signal,2021-01-26,0.063911,160,0.003074,0.023434,0.015184,-0.000117,0.010083,0.024111,0.010825,-0.002124,0.0254,0.024556,10,0.021482
turnover_signal,2021-01-27,-0.128038,160,0.039799,0.022392,0.033463,0.037192,0.006476,0.01752,-0.006115,0.048449,0.018109,-0.002652,10,-0.042451
turnover_signal,2021-01-28,-0.040364,160,0.020327,0.009696,0.008542,0.011637,0.024322,0.011823,-0.013317,0.012336,0.005731,0.01244,10,-0.007888
turnover_signal,2021-01-29,-0.013928,160,0.030277,0.018443,0.037529,0.041655,0.027406,0.022373,0.026928,0.036602,0.032579,0.013864,10,-0.016413
turnover_signal,2021-02-01,0.086145,160,0.029866,0.019578,0.01446,-0.008339,0.012032,0.017639,0.042118,-0.00328,0.053758,0.034291,10,0.004425
turnover_signal,2021-02-02,-0.003952,160,0.019654,0.02069,0.014435,0.034029,0.022051,0.03978,0.035128,0.019816,0.009647,0.034862,10,0.015207
turnover_signal,2021-02-03,0.074599,160,0.03745,-0.002228,0.022116,0.036871,0.033158,0.0305,0.04689,0.05039,0.030421,0.019841,10,-0.017609
turnover_signal,2021-02-04,-0.085439,160,0.042734,0.077677,0.022985,0.038352,0.042899,0.039527,0.037977,0.048331,0.038847,0.020512,10,-0.022223
turnover_signal,2021-02-05,0.050161,160,0.037783,0.028882,0.01847,0.024739,0.025954,0.021805,0.013482,0.034585,0.033189,0.042808,10,0.005025
turnover_signal,2021-02-08,-0.081185,160,0.035365,0.029299,0.043769,-0.003347,0.019339,0.013341,0.021054,0.01834,-0.001386,0.030782,10,-0.004583
turnover_signal,2021-02-09,-0.077889,160,0.019201,0.03448,0.022465,0.031292,0.03632,0.029963,0.003908,0.015191,-0.006375,0.0239,10,0.004699
turnover_signal,2021-02-10,-0.138348,160,0.036278,-0.008966,0.026922,0.008135,-0.010007,0.00064,-0.007923,0.010558,-0.020882,0.003925,10,-0.032353
turnover_signal,2021-02-11,0.006973,160,0.002812,0.030954,0.008201,0.025404,0.032816,0.021611,-0.002058,0.010876,0.020092,0.039685,10,0.036873
turnover_signal,2021-02-12,0.117412,160,0.011518,0.013847,0.010009,0.039562,0.003012,0.003512,0.029651,0.044177,0.041904,0.018087,10,0.006568
turnover_signal,2021-02-15,-0.10375,160,0.062955,0.033043,0.012473,0.021917,0.053857,0.059532,0.027113,0.045728,0.02155,0.003094,10,-0.059861
turnover_signal,2021-02-16,-0.253328,160,0.016113,0.045549,0.032362,0.036889,0.02274,0.032871,0.005469,-0.004801,0.001129,-0.003795,10,-0.019908
turnover_signal,2021-02-17,-0.012106,160,-0.006687,-0.000364,-0.00655,0.016438,0.004741,0.022795,0.000148,0.004341,0.007208,-0.020018,10,-0.013331
turnover_signal,2021-02-18,-0.016427,160,0.017035,-0.024884,0.023995,0.014721,0.003878,0.036593,0.01574,-0.025714,0.014696,0.005486,10,-0.01155
turnover_signal,2021-02-19,-0.006284,160,0.019773,0.01905,0.025634,0.026296,0.02077,0.019545,0.018584,0.023331,0.024713,0.015438,10,-0.004335
turnover_signal,2021-02-22,-0.141782,160,0.044024,0.011555,0.043865,0.028284,-0.008086,0.008607,0.008075,0.015266,0.025916,0.012686,10,-0.031337
turnover_signal,2021-02-23,-0.168941,160,0.070675,0.064089,0.046477,0.05526,0.035991,0.04767,0.020371,0.042937,0.046967,0.024033,10,-0.046642
turnover_signal,2021-02-24,-0.006911,160,0.031847,0.042355,0.05522,0.020521,0.042308,0.049533,0.044839,0.035595,0.060448,0.011597,10,-0.02025
turnover_signal,2021-02-25,0.012768,160,0.059109,0.049072,0.088833,0.047853,0.041453,0.042095,0.060636,0.06089,0.084886,0.044225,10,-0.014884
turnover_signal,2021-02-26,-0.004251,160,0.072509,0.073123,0.054881,0.114818,0.107567,0.07339,0.059359,0.093483,0.070631,0.064632,10,-0.007877
turnover_signal,2021-03-01,0.08473,160,0.075321,0.092414,0.072997,0.087579,0.101536,0.088676,0.106559,0.113121,0.083481,0.092499,10,0.017178
turnover_signal,2021-03-02,0.139289,160,0.058483,0.124967,0.104689,0.093365,0.107455,0.094411,0.105872,0.112513,0.125968,0.096131,10,0.037648
turnover_signal,2021-03-03,0.089256,160,0.121762,0.076511,0.082641,0.124767,0.110465,0.095629,0.116718,0.125035,0.117758,0.101436,10,-0.020327
turnover_signal,2021-03-04,-0.110615,160,0.11452,0.116528,0.133003,0.072083,0.090636,0.099265,0.09425,0.091392,0.099136,0.100482,10,-0.014039
turnover_signal,2021-03-05,0.088881,160,0.074633,0.092038,0.080069,0.092317,0.086423,0.109458,0.096236,0.086391,0.095795,0.103933,10,0.029299
turnover_signal,2021-03-08,-0.144155,160,0.104241,0.089179,0.080275,0.079514,0.067537,0.095361,0.09762,0.06538,0.076585,0.073677,10,-0.030564
turnover_signal,2021-03-09,-0.027405,160,0.060923,0.063189,0.06044,0.070509,0.075424,0.044242,0.039154,0.067814,0.053397,0.049516,10,-0.011407
turnover_signal,2021-03-10,-0.087191,160,0.090707,0.074304,0.082119,0.065019,0.073769,0.068476,0.070538,0.067109,0.055019,0.07279,10,-0.017917
turnover_signal,2021-03-11,0.050445,160,0.053626,0.054824,0.047253,0.067654,0.069682,0.068928,0.05948,0.06713,0.063908,0.062937,10,0.009311
turnover_signal,2021-03-12,0.150627,160,0.025507,0.030472,-0.008556,0.046696,0.029944,0.039066,0.039113,0.042109,0.034938,0.050409,10,0.024903
turnover_signal,2021-03-15,-0.04693,160,0.016421,0.010308,0.028391,-0.011403,0.017959,0.015196,0.011267,0.014109,-0.004477,0.033648,10,0.017227
turnover_signal,2021-03-16,-0.051948,160,0.020326,-0.008968,0.005403,0.013438,-0.018436,-0.019815,0.008518,-0.019079,0.004271,0.005115,10,-0.01521
turnover_signal,2021-03-17,0.088272,160,0.001784,-0.012403,-0.016696,-0.026113,-0.000135,0.000752,0.002263,-0.007667,-0.004604,0.013147,10,0.011363
turnover_signal,2021-03-18,-0.025445,160,-0.006582,-0.025354,-0.042574,-0.035329,-0.023991,-0.015983,-0.011836,-0.045104,-0.01429,-0.035512,10,-0.02893
turnover_signal,2021-03-19,0.084991,160,-0.031481,-0.043695,-0.031159,-0.032434,-0.02982,-0.062915,-0.025911,0.006109,-0.029232,-0.025721,10,0.00576
turnover_signal,2021-03-22,-0.08751,160,-0.012617,0.003031,-0.039126,-0.000201,-0.001708,-0.012782,-0.035751,-0.009361,-0.026302,-0.023911,10,-0.011293
turnover_signal,2021-03-23,-0.018833,160,-0.013836,-0.005198,-0.037218,-0.028576,-0.00988,-0.005457,-0.010669,-0.00712,-0.036516,-0.022993,10,-0.009157
turnover_signal,2021-03-24,-0.068273,160,-0.011224,-0.008474,-0.00659,-0.022947,-0.044006,-0.016341,-0.024924,-0.029616,-0.003271,-0.022677,10,-0.011453
turnover_signal,2021-03-25,0.023087,160,-0.056073,-0.032886,-0.028561,-0.043498,-0.041389,-0.054242,-0.046991,-0.038042,-0.040544,-0.043109,10,0.012964
turnover_signal,2021-03-26,0.048304,160,-0.027776,-0.061105,-0.023237,-0.036378,-0.018504,-0.044543,-0.023346,-0.039736,-0.052772,-0.041087,10,-0.013311
turnover_signal,2021-03-29,0.015033,160,-0.059141,-0.050423,-0.029343,-0.054525,-0.038944,-0.064719,-0.054683,-0.053807,-0.011805,-0.061148,10,-0.002007
turnover_signal,2021-03-30,0.104641,160,-0.047796,-0.048669,-0.030878,-0.055701,-0.062244,-0.073918,-0.04144,-0.031564,-0.020554,-0.034195,10,0.0136
turnover_signal,2021-03-31,-0.033447,160,-0.021902,-0.018757,0.018581,-0.01605,-0.040299,-0.01388,-0.019887,-0.012894,-0.039178,-0.01007,10,0.011833
turnover_signal,2021-04-01,-0.02708,160,0.007997,-0.029896,0.009766,-0.018405,-0.012373,-0.017233,-0.027529,-0.008766,-0.004525,-0.011454,10,-0.019452
turnover_signal,2021-04-02,0.007506,160,0.006865,0.010815,0.009375,-0.015611,0.02558,0.021668,-0.014002,-0.001205,0.020305,0.005344,10,-0.001521
turnover_signal,2021-04-05,0.060852,160,-0.020272,-0.018965,0.015612,0.008006,0.000818,-0.00941,0.01736,0.006135,-0.01151,0.004836,10,0.025108
turnover_signal,2021-04-06,0.067075,160,-0.002485,-0.0115,-0.016207,-0.00413,-0.001169,0.010434,0.018173,0.021463,0.018406,-0.011919,10,-0.009435
turnover_signal,2021-04-07,-0.026386,160,-0.026468,-0.011586,0.005885,0.014875,0.006266,0.001926,-0.030592,0.005546,-0.034174,-0.000418,10,0.02605
turnover_signal,2021-04-08,0.159153,160,-0.003482,0.002087,0.014827,-0.011597,-0.00682,0.044994,0.026447,0.026921,0.020864,0.028426,10,0.031908
turnover_signal,2021-04-09,0.012065,160,0.011735,0.003735,-0.000314,0.004613,0.014417,0.025021,0.008959,0.016461,0.005731,-0.010941,10,-0.022676
turnover_signal,2021-04-12,0.020142,160,0.024109,0.039205,0.061175,0.038619,0.047041,0.01911,0.031927,0.03782,0.045231,0.039023,10,0.014914
turnover_signal,2021-04-13,-0.058496,160,0.034385,0.034299,0.049793,0.062269,0.041622,0.023403,0.025118,0.046313,0.012186,0.030134,10,-0.004251
turnover_signal,2021-04-14,0.056961,160,0.015847,-0.019085,0.037442,0.053121,-0.000221,0.014348,-0.00715,0.032446,0.034457,0.01837,10,0.002523
turnover_signal,2021-04-15,0.083411,160,0.024624,0.001849,0.021014,0.05121,0.014873,0.006141,0.058673,0.014957,0.036798,0.04172,10,0.017096
turnover_signal,2021-04-16,-0.011722,160,0.030056,-0.004829,0.036394,0.004295,0.039133,0.034614,0.005356,0.032684,0.020721,-0.010392,10,-0.040448
turnover_signal,2021-04-19,-0.126685,160,0.014784,0.001594,0.00034,0.008313,0.015048,0.005254,0.00014,-0.015075,-0.009452,-0.020392,10,-0.035176
turnover_signal,2021-04-20,0.081249,160,-6.3e-05,-0.013144,-0.015496,-0.006382,-0.022178,0.014547,-0.0173,0.009624,-0.007752,0.018692,10,0.018756
turnover_signal,2021-04-21,-0.024897,160,0.010102,-0.015999,0.003055,0.010407,0.004021,-0.013372,-0.005751,-0.022534,0.018317,0.015368,10,0.005266
turnover_signal,2021-04-22,0.156405,160,-0.05517,-0.012895,-0.013723,-0.004939,-0.034092,-0.01557,0.000958,-0.002772,-0.013282,-0.008273,10,0.046897
turnover_signal,2021-04-23,-0.023989,160,-0.034607,0.028272,0.001071,-0.017798,0.000623,-0.006635,-0.028413,-0.01131,-0.009718,0.004962,10,0.039569
turnover_signal,2021-04-26,-0.054717,160,-0.032611,-0.001584,-0.01518,-0.009011,0.00944,0.005065,-0.037323,-0.017269,-0.023888,-0.029694,10,0.002918
turnover_signal,2021-04-27,-0.083543,160,-0.001363,-0.041133,-0.0219,-0.032607,-0.014892,-0.010534,-0.007016,-0.046196,-0.016006,-0.039584,10,-0.038221
turnover_signal,2021-04-28,-0.129014,160,-0.035555,-0.046357,-0.035791,-0.042503,0.004875,-0.049717,-0.025222,-0.053128,-0.064308,-0.057202,10,-0.021646
turnover_signal,2021-04-29,0.029266,160,-0.059054,-0.059488,-0.067445,-0.041802,-0.054674,-0.04299,-0.056976,-0.0438,-0.065216,-0.059268,10,-0.000214
turnover_signal,2021-04-30,0.126565,160,-0.067521,-0.041901,-0.059833,-0.082036,-0.069996,-0.053237,-0.033817,-0.058377,-0.054674,-0.043013,10,0.024508
turnover_signal,2021-05-03,-0.142016,160,-0.029418,-0.01354,-0.018944,-0.008734,-0.037478,-0.036847,-0.019204,-0.035826,-0.038915,-0.037885,10,-0.008466
turnover_signal,2021-05-04,0.023181,160,-0.010764,-0.021551,-0.06239,-0.024608,-0.002109,-0.027214,-0.034619,-0.012593,-0.02621,-0.02161,10,-0.010846
turnover_signal,2021-05-05,0.001345,160,-0.014123,-0.020209,-0.002852,-0.030515,-0.019974,-0.031792,-0.012102,-0.037384,0.00692,-0.028792,10,-0.014669
turnover_signal,2021-05-06,0.025,160,-0.026977,-0.006166,-0.030598,-0.019418,-0.021893,-0.037564,-0.026385,-0.013276,-0.011613,-0.030831,10,-0.003854
turnover_signal,2021-05-07,0.05007,160,-0.033162,-0.04419,-0.043221,-0.042074,-0.03103,-0.036531,-0.034717,-0.041861,-0.03839,-0.022879,10,0.010282
turnover_signal,2021-05-10,0.036221,160,-0.064446,-0.036409,-0.073356,-0.061357,-0.047645,-0.072358,-0.048192,-0.050934,-0.042165,-0.064975,10,-0.000528
turnover_signal,2021-05-11,-0.016515,160,-0.033459,-0.036849,-0.044854,-0.05004,-0.046726,-0.046151,-0.039921,-0.043405,-0.031845,-0.049935,10,-0.016476
turnover_signal,2021-05-12,-0.063316,160,-0.01743,-0.015688,-0.009399,-0.02835,0.002075,-0.006763,-0.007513,-0.0448,-0.030948,-0.013535,10,0.003896
turnover_signal,2021-05-13,-0.045989,160,-0.02401,0.001644,0.01988,9.8e-05,-0.014799,-0.012525,-0.010083,-0.025104,0.01712,-0.020058,10,0.003952
turnover_signal,2021-05-14,-0.091032,160,0.020083,0.005421,-0.015449,0.023512,0.016492,0.015457,0.013921,-0.015867,-0.008698,-0.004486,10,-0.024569
turnover_signal,2021-05-17,0.001916,160,0.000764,-0.005722,-0.01806,-0.012629,-0.01303,-0.011728,-0.00097,-0.017215,0.006644,-0.015989,10,-0.016753
turnover_signal,2021-05-18,-0.086315,160,0.008267,-0.019571,0.019649,-0.002512,-0.018853,-0.009701,0.021163,-0.007125,-0.021016,-0.021555,10,-0.029822
turnover_signal,2021-05-19,-0.036649,160,-0.006204,0.00218,-0.009173,-0.023674,0.000664,0.016116,-0.006764,0.012709,-0.010814,-0.028219,10,-0.022015
turnover_signal,2021-05-20,0.022574,160,0.022408,-0.001598,-0.002002,0.030971,0.007581,-0.011095,0.011326,0.015634,0.012537,-0.001121,10,-0.023529
turnover_signal,2021-05-21,-0.243033,160,0.061367,0.028466,0.025541,0.037873,0.041414,0.009115,0.04147,0.032332,0.004787,0.006564,10,-0.054803
turnover_signal,2021-05-24,0.032122,160,0.023184,0.046278,0.028366,0.037642,0.04156,0.046911,0.037363,0.02926,0.046046,0.047228,10,0.024045
turnover_signal,2021-05-25,-0.301553,160,0.027462,0.052189,0.026827,0.021783,0.024149,0.019852,0.016949,0.03444,-0.018243,-0.021561,10,-0.049023
turnover_signal,2021-05-26,0.035682,160,0.009692,0.010134,-0.006792,0.012421,-0.004817,0.018447,-0.006792,0.019884,0.013519,0.018056,10,0.008363
turnover_signal,2021-05-27,-0.093068,160,0.016897,0.004329,0.020169,0.012441,0.024889,-0.000327,-0.016023,0.016509,-0.016692,0.007534,10,-0.009363
turnover_signal,2021-05-28,-0.01539,160,-0.013774,-0.004821,-0.009843,0.001931,0.017322,-0.011433,-0.02698,0.015419,0.000953,-0.025653,10,-0.011879
turnover_signal,2021-05-31,0.086552,160,0.0184,-0.026761,0.022032,0.006893,0.017472,0.028217,-0.010045,0.014097,0.005828,0.010275,10,-0.008126
turnover_signal,2021-06-01,0.005739,160,-0.016646,0.0099,0.002445,0.002112,-0.00884,-0.00574,-0.012839,-0.027022,-0.010373,0.007582,10,0.024228
turnover_signal,2021-06-02,-0.058321,160,-0.005687,-0.003867,-0.01396,0.016618,-0.01113,0.008058,0.020458,-0.007961,-0.014276,-0.013063,10,-0.007376
turnover_signal,2021-06-03,-0.055019,160,0.000597,0.029838,-0.004966,0.009946,0.00105,-0.009344,-0.009862,0.012768,-0.002804,0.010981,10,0.010383
turnover_signal,2021-06-04,0.213647,160,-0.027223,-0.014039,-0.020836,0.002473,-0.021529,0.010505,0.013757,0.006525,0.004364,0.017664,10,0.044887
turnover_signal,2021-06-07,-0.038832,160,-0.004504,0.031094,0.006924,0.039152,0.029076,0.008355,0.024097,0.012206,-0.010294,0.024973,10,0.029477
turnover_signal,2021-06-08,-0.007878,160,0.038439,0.039191,0.033831,0.043807,0.040981,0.000884,0.028693,0.012775,0.039547,0.058235,10,0.019796
turnover_signal,2021-06-09,0.088533,160,0.026338,0.015742,0.007859,0.020611,0.047472,0.02393,0.00989,0.028736,0.031034,0.045756,10,0.019418
turnover_signal,2021-06-10,-0.047431,160,0.040758,0.02451,0.058919,0.034282,0.032346,0.012154,0.090026,0.039393,0.029176,0.016243,10,-0.024515
turnover_signal,2021-06-11,0.116688,160,0.03982,0.023356,0.045103,0.044351,0.035711,0.050161,0.036785,0.076305,0.033753,0.07045,10,0.03063
turnover_signal,2021-06-14,-0.012197,160,0.032636,0.053186,0.024706,0.053299,0.059989,0.047516,0.010046,0.027939,0.046046,0.049192,10,0.016556
turnover_signal,2021-06-15,0.03594,160,0.047322,0.059316,0.055147,0.04801,0.054512,0.069539,0.042739,0.049123,0.070005,0.057752,10,0.01043
turnover_signal,2021-06-16,0.100252,160,0.04867,0.050419,0.078668,0.049597,0.07929,0.049406,0.054181,0.083104,0.0605,0.076136,10,0.027466
turnover_signal,2021-06-17,-0.184396,160,0.068233,0.051122,0.064115,0.078744,0.050753,0.033793,0.029837,0.051123,0.045094,0.034308,10,-0.033925
turnover_signal,2021-06-18,0.115642,160,0.034231,0.031143,0.012031,0.036551,0.037947,0.042808,0.034206,0.043203,0.025436,0.041587,10,0.007357
turnover_signal,2021-06-21,0.186163,160,-0.009248,-0.000532,-0.011611,-0.008275,0.010605,0.017562,0.008562,0.009787,0.022249,0.008767,10,0.018016
turnover_signal,2021-06-22,-0.003779,160,0.004743,-0.004049,0.024244,-0.019338,-0.012384,-0.021519,-0.016117,-0.005569,0.012539,0.020241,10,0.015498
turnover_signal,2021-06-23,-0.005133,160,0.019817,0.026979,-0.010246,0.030851,0.018066,-0.00193,-0.010196,0.005985,0.032439,0.020822,10,0.001005
turnover_signal,2021-06-24,0.215973,160,-0.031195,-0.006014,-0.036915,-0.007352,-0.024779,-0.00517,-0.017355,0.013757,-0.011655,0.033702,10,0.064896
turnover_signal,2021-06-25,0.02413,160,-0.008223,-0.022495,-0.02524,-0.054845,0.002089,0.006507,-0.00818,-0.023651,-0.046714,-0.015057,10,-0.006835
turnover_signal,2021-06-28,0.177039,160,-0.01993,-0.035505,-0.020871,-0.006445,-0.024303,-0.019653,-0.002972,-0.020888,-0.0058,0.019667,10,0.039597
turnover_signal,2021-06-29,-0.032594,160,-0.000575,-0.015684,-0.037217,0.007205,0.004758,-0.006217,-0.015402,-0.010379,-0.005739,-0.012958,10,-0.012383
turnover_signal,2021-06-30,0.146572,160,-0.026651,-0.00986,-0.031243,0.000959,-0.008426,0.006846,-0.02555,-0.002322,0.037375,-0.007943,10,0.018708
turnover_signal,2021-07-01,-0.124452,160,0.008078,-0.009858,0.012526,-0.006238,-0.033416,-0.029852,0.006126,-0.054512,0.004091,-0.027142,10,-0.03522
turnover_signal,2021-07-02,-0.090408,160,-0.030943,-0.009094,-0.019787,-0.006714,-0.02782,-0.009326,-0.036709,-0.01232,-0.025089,-0.046785,10,-0.015842
turnover_signal,2021-07-05,-0.01752,160,0.000371,0.021051,0.01607,0.020842,0.001478,-0.015709,0.006974,0.009852,0.01753,0.000335,10,-3.7e-05
turnover_signal,2021-07-06,-0.069797,160,0.006204,-0.005034,0.031331,0.010974,-0.003494,-0.003577,0.001078,0.006603,-0.004319,-0.011294,10,-0.017499
turnover_signal,2021-07-07,-0.061362,160,-0.012427,0.01036,0.019937,0.002843,-0.008289,0.000543,-0.014215,0.000326,-0.026367,0.006576,10,0.019003
turnover_signal,2021-07-08,0.008344,160,-0.002121,0.007583,0.034764,0.032673,0.0181,0.004566,0.022278,-0.017954,0.028299,0.013909,10,0.01603
turnover_signal,2021-07-09,-0.060659,160,0.015845,0.015634,0.026399,0.00296,0.000597,0.008658,-0.002395,0.004866,0.007347,0.014184,10,-0.001661
turnover_signal,2021-07-12,0.080994,160,-0.016607,0.003405,0.003271,0.015094,0.021162,-0.010174,-0.019627,0.017405,0.029149,-0.007192,10,0.009416
turnover_signal,2021-07-13,-0.252101,160,0.028668,0.022923,0.036445,0.00769,0.026935,-0.000322,-0.002685,-0.003874,0.009509,-0.026646,10,-0.055315
turnover_signal,2021-07-14,0.083748,160,-0.019167,-0.011317,0.00209,0.017388,0.008258,0.013479,-0.011915,-0.019926,-0.001359,0.023639,10,0.042807
turnover_signal,2021-07-15,0.06764,160,0.026522,-0.00709,-0.000906,0.006781,-0.001663,-0.014464,0.017884,0.017378,0.030614,0.011227,10,-0.015295
turnover_signal,2021-07-16,-0.061546,160,0.054585,0.020876,0.02536,0.025412,0.053222,0.028707,0.03551,0.004119,0.032862,0.023601,10,-0.030984
turnover_signal,2021-07-19,-0.070793,160,0.020233,0.002631,0.015379,0.000856,0.003932,-0.005319,0.02141,-0.011432,0.011806,0.00122,10,-0.019013
turnover_signal,2021-07-20,0.050029,160,0.011876,0.003028,0.029502,0.014197,0.01745,-0.010741,0.046441,0.009548,0.009926,0.028677,10,0.016801
turnover_signal,2021-07-21,0.066164,160,-0.015495,0.01313,0.045838,0.006883,0.009322,0.017576,0.011636,-0.003403,0.024363,0.020808,10,0.036303
turnover_signal,2021-07-22,-0.008362,160,-0.000629,-0.000144,0.022163,0.010365,0.006634,-0.005856,0.006563,0.003024,-0.000646,0.00691,10,0.007538
turnover_signal,2021-07-23,-0.194404,160,0.043042,0.010526,0.037318,0.012576,0.041836,0.022428,0.010144,0.019869,0.001581,-0.003905,10,-0.046947
turnover_signal,2021-07-26,0.06728,160,0.010661,-0.028545,-0.029936,-0.004195,-0.001762,-0.001649,-0.005051,-0.01018,0.005112,-0.004508,10,-0.015169
turnover_signal,2021-07-27,-0.035246,160,-0.018479,-0.032832,-0.012316,-0.021001,-0.004096,-0.052562,-0.010211,-0.035263,-0.028007,-0.012597,10,0.005882
turnover_signal,2021-07-28,0.099701,160,-0.063392,-0.05124,-0.07827,-0.045635,-0.03296,-0.044664,-0.046392,-0.054287,-0.054927,-0.043732,10,0.01966
turnover_signal,2021-07-29,0.017465,160,-0.043395,-0.054333,-0.056543,-0.037586,-0.036257,-0.041911,-0.042714,-0.059973,-0.029482,-0.044422,10,-0.001027
turnover_signal,2021-07-30,-0.023477,160,-0.035558,-0.032313,-0.048881,-0.043339,-0.052277,-0.038931,-0.053293,-0.037746,-0.043417,-0.034419,10,0.001138
turnover_signal,2021-08-02,-0.175768,160,-0.011438,-0.015453,-0.016546,-0.020898,-0.033547,-0.055231,-0.043244,-0.027381,-0.025975,-0.039078,10,-0.02764
turnover_signal,2021-08-03,-0.125272,160,0.001009,-0.00221,0.003426,0.011958,-0.002588,0.002235,0.0125,-0.014131,-0.019924,-0.023413,10,-0.024422
turnover_signal,2021-08-04,0.024974,160,-0.006669,0.006209,0.007801,0.010469,0.019193,-0.006581,0.029199,-0.004075,-0.000615,0.011603,10,0.018272
turnover_signal,2021-08-05,-0.042125,160,0.022807,-0.004095,0.001563,-0.003291,-0.015175,0.007831,0.015775,-0.017262,0.008023,0.000926,10,-0.021881
turnover_signal,2021-08-06,-0.069773,160,0.029249,0.010591,0.007306,0.047153,0.016536,0.024327,0.011998,-0.000914,0.030652,0.006681,10,-0.022568
turnover_signal,2021-08-09,-0.05448,160,0.035458,0.023161,0.008182,0.04243,0.032277,0.009682,0.028366,0.006544,0.034395,0.021245,10,-0.014213
turnover_signal,2021-08-10,0.0833,160,0.01952,0.033098,0.012948,0.067854,0.043226,0.029047,0.044751,0.014586,0.042042,0.035839,10,0.016319
turnover_signal,2021-08-11,0.045295,160,0.04433,0.059211,0.0776,0.070752,0.070914,0.04324,0.060763,0.068374,0.055517,0.07446,10,0.03013
turnover_signal,2021-08-12,-0.055247,160,0.056678,0.059389,0.068151,0.038248,0.027347,0.025687,0.049583,0.049359,0.035563,0.052646,10,-0.004032
turnover_signal,2021-08-13,0.041735,160,0.033187,0.053837,0.068651,0.046437,0.076985,0.046181,0.069991,0.044735,0.046911,0.0524,10,0.019213
turnover_signal,2021-08-16,0.008927,160,0.045787,0.059453,0.059729,0.049744,0.054333,0.048182,0.063362,0.050862,0.077577,0.024349,10,-0.021438
turnover_signal,2021-08-17,0.040036,160,0.015618,0.046189,0.040982,0.036077,0.059479,0.015795,0.02119,0.048726,0.054229,0.032386,10,0.016768
turnover_signal,2021-08-18,0.193965,160,-0.013153,0.003242,0.023943,0.033049,0.0349,0.035602,0.036761,0.035414,0.010585,0.035293,10,0.048447
turnover_signal,2021-08-19,0.173936,160,0.054797,0.02916,0.019774,0.025225,0.053365,0.07696,0.052048,0.047963,0.067274,0.070882,10,0.016085
turnover_signal,2021-08-20,0.105754,160,-0.000153,0.028197,0.007263,0.0375,0.004594,0.028567,0.012604,0.025587,0.024935,0.029783,10,0.029936
turnover_signal,2021-08-23,-0.15196,160,0.031066,0.033009,0.013236,0.008086,0.016286,-0.002893,0.024788,-0.008033,-0.01428,0.0225,10,-0.008566
turnover_signal,2021-08-24,0.05041,160,0.01403,0.01613,0.029025,0.018232,0.02735,0.023509,0.007799,0.025966,0.013925,0.052619,10,0.038589
turnover_signal,2021-08-25,-0.132644,160,0.019754,0.026346,0.000209,0.02079,0.019683,0.022289,0.031943,0.006175,0.004298,-0.008273,10,-0.028027
turnover_signal,2021-08-26,0.018434,160,0.027183,0.033992,0.006271,0.029139,0.028372,0.032197,-0.010653,0.038372,0.033145,0.025852,10,-0.001331
turnover_signal,2021-08-27,-0.108329,160,0.020814,0.059768,0.028525,0.040921,0.039949,0.028087,0.025993,0.020144,0.019684,0.020896,10,8.2e-05
turnover_signal,2021-08-30,0.054951,160,0.041025,0.053277,0.017903,0.044492,0.027082,0.022663,0.04943,0.059736,0.036693,0.036658,10,-0.004368
turnover_signal,2021-08-31,-0.09596,160,0.048387,0.036214,0.060317,0.037619,0.048218,0.018949,0.030689,0.042433,0.027453,0.034444,10,-0.013942
turnover_signal,2021-09-01,-0.016832,160,0.053166,0.054285,0.041408,0.0398,0.060178,0.042696,0.037622,0.045106,0.05364,0.061117,10,0.007952
turnover_signal,2021-09-02,0.069723,160,0.011138,0.052135,0.051224,-0.006343,0.011586,0.010444,0.024673,0.027234,0.04174,0.039068,10,0.02793
turnover_signal,2021-09-03,-0.149256,160,0.062521,0.044542,0.024586,0.053257,0.036769,0.041823,0.02452,0.036925,0.007389,0.039916,10,-0.022605
turnover_signal,2021-09-06,0.04245,160,0.052066,0.082051,0.045259,0.045834,0.084224,0.068641,0.087298,0.077804,0.066122,0.055463,10,0.003397
turnover_signal,2021-09-07,-0.061605,160,0.05198,0.069923,0.065117,0.062076,0.046997,0.05857,0.035412,0.06643,0.052085,0.05075,10,-0.00123
turnover_signal,2021-09-08,-0.127672,160,0.070371,0.076898,0.042698,0.050049,0.063569,0.075558,0.045835,0.058701,0.027953,0.058553,10,-0.011817
turnover_signal,2021-09-09,-0.036201,160,0.026379,0.026555,0.028075,0.022575,0.02504,0.009767,-0.006959,0.012171,0.036277,0.034102,10,0.007723
turnover_signal,2021-09-10,0.04492,160,0.007365,0.018785,0.001217,0.014205,0.010362,0.000615,-0.00347,-0.000676,0.025159,0.016383,10,0.009018
turnover_signal,2021-09-13,-0.014028,160,-0.01076,-0.002174,-0.005278,-0.010241,0.023492,0.008832,-0.013111,0.005533,-0.007176,-0.005065,10,0.005696
turnover_signal,2021-09-14,-0.076887,160,-0.017195,-0.005689,0.021114,0.00111,-0.002769,-0.022117,-0.012692,-0.034541,-0.022815,-0.000654,10,0.016541
turnover_signal,2021-09-15,0.101734,160,-0.021048,0.008272,-0.044942,-0.028405,0.000415,-0.009515,0.008211,4.5e-05,-0.001667,-0.00351,10,0.017539
turnover_signal,2021-09-16,0.047721,160,-0.013078,0.002402,0.00166,0.009293,0.00098,0.024164,0.000106,0.000237,0.001872,-0.001513,10,0.011565
turnover_signal,2021-09-17,0.072457,160,0.005579,-0.022267,-0.016553,0.004954,0.012475,-0.009478,0.019679,0.007789,0.007228,0.000824,10,-0.004755
turnover_signal,2021-09-20,0.075319,160,-0.030944,-0.01911,-0.03904,-0.026841,-0.030627,-0.01905,0.003955,-0.001682,-0.036045,-0.030371,10,0.000573
turnover_signal,2021-09-21,0.053015,160,-0.048718,-0.029947,-0.037471,-0.060038,-0.043985,-0.041132,-0.05662,-0.032768,-0.045504,-0.02216,10,0.026558
turnover_signal,2021-09-22,6.2e-05,160,-0.034448,-0.037489,-0.045618,-0.033625,-0.028988,-0.048452,-0.003171,-0.059856,-0.026535,-0.042511,10,-0.008064
turnover_signal,2021-09-23,-0.048104,160,0.009383,-5.2e-05,-0.000233,-0.027335,0.015895,-0.012212,-0.007245,-0.002796,0.004637,-0.012356,10,-0.021739
turnover_signal,2021-09-24,-0.062689,160,0.009386,-0.003819,-0.002893,-0.000602,-0.035556,-0.018217,-0.011088,0.000449,-0.016134,3.1e-05,10,-0.009354
turnover_signal,2021-09-27,-0.012162,160,-0.00836,0.016764,-0.019602,-0.026427,-0.008327,0.003589,0.004031,-0.005796,-0.00964,-0.01993,10,-0.01157
turnover_signal,2021-09-28,0.027877,160,-0.007919,-0.002403,0.012005,-0.014536,-0.005542,0.01766,-0.000734,0.006808,-0.003746,-0.01217,10,-0.004251
turnover_signal,2021-09-29,-0.213799,160,0.01356,0.012777,0.010567,-0.003405,0.010602,-0.031255,-0.018955,0.013584,-0.028276,-0.019257,10,-0.032816
turnover_signal,2021-09-30,-0.051072,160,-0.020012,0.016969,0.00946,-0.017901,-0.015046,-0.014491,0.031178,-0.033076,-0.010726,-0.009369,10,0.010643
turnover_signal,2021-10-01,0.050858,160,-0.00174,-0.025102,0.004389,-0.044329,-0.006241,-0.016651,0.009163,-0.002682,-0.003544,-0.009952,10,-0.008212
turnover_signal,2021-10-04,0.043335,160,0.027288,-0.00932,0.001555,0.008109,0.020259,-0.004221,0.009421,0.024362,0.007845,0.020771,10,-0.006517
turnover_signal,2021-10-05,-0.142951,160,0.051963,0.045335,-0.004933,0.029596,-0.002865,0.027462,0.009963,0.0173,0.014076,0.014628,10,-0.037335
turnover_signal,2021-10-06,-0.007032,160,0.011278,0.050543,0.016089,0.017035,0.011602,0.046289,0.033626,0.002678,0.037824,0.020191,10,0.008912
turnover_signal,2021-10-07,0.100557,160,-0.004033,0.048612,0.028842,0.023268,0.018515,0.039999,0.035911,0.036607,0.039971,0.02454,10,0.028572
turnover_signal,2021-10-08,-0.027804,160,0.061494,0.013023,0.035132,0.016851,0.037746,0.019551,0.020231,0.038502,0.041841,0.026202,10,-0.035292
turnover_signal,2021-10-11,0.108491,160,0.007078,0.008942,0.002922,0.036274,0.038896,0.032074,0.035777,0.0394,0.033734,0.021962,10,0.014883
turnover_signal,2021-10-12,-0.095438,160,0.023857,0.045959,0.008078,0.016359,0.039197,0.054329,0.008763,0.029665,0.014379,0.012173,10,-0.011683
turnover_signal,2021-10-13,-0.027508,160,0.037924,0.025506,0.036801,0.017995,0.044791,0.031124,0.015446,0.030983,0.039741,0.019608,10,-0.018317
turnover_signal,2021-10-14,0.01861,160,0.010201,0.004882,0.018646,0.016433,0.040986,0.01858,0.005635,0.015065,0.015078,0.017443,10,0.007243
turnover_signal,2021-10-15,-0.002197,160,0.005355,-0.012282,0.035015,0.050382,0.02805,-0.004194,0.008422,0.029299,0.008892,0.016676,10,0.011321
turnover_signal,2021-10-18,0.077798,160,0.020876,0.011023,-0.006842,-0.003878,-0.00831,0.032808,0.034592,0.011546,0.013155,0.010086,10,-0.01079
turnover_signal,2021-10-19,0.065727,160,0.001511,0.000936,0.003799,0.018386,0.01928,-0.027019,0.050101,0.012437,0.002505,0.016734,10,0.015222
turnover_signal,2021-10-20,0.040039,160,0.002091,-0.002532,-0.016533,-0.019651,-0.003782,0.011194,-0.006519,0.017951,0.003351,-0.010711,10,-0.012802
turnover_signal,2021-10-21,-0.108731,160,-0.019479,-0.004099,-0.034171,-0.005314,-0.01848,-0.008888,-0.046998,-0.025515,-0.012379,-0.036265,10,-0.016785
turnover_signal,2021-10-22,-0.081607,160,-0.028028,-0.014983,-0.022482,-0.061879,-0.040509,-0.0254,-0.049323,-0.026414,-0.02837,-0.036768,10,-0.00874
turnover_signal,2021-10-25,0.09765,160,-0.060955,-0.056706,-0.048308,-0.035641,-0.036094,-0.033915,-0.040953,-0.05854,-0.042321,-0.029334,10,0.031621
turnover_signal,2021-10-26,0.121109,160,-0.070522,-0.056194,-0.089471,-0.04274,-0.051721,-0.059797,-0.032343,-0.043275,-0.027887,-0.078154,10,-0.007632
turnover_signal,2021-10-27,-0.165047,160,-0.047405,-0.057422,-0.05491,-0.062328,-0.073969,-0.075486,-0.083945,-0.059557,-0.077987,-0.073773,10,-0.026368
turnover_signal,2021-10-28,0.103744,160,-0.085089,-0.046147,-0.069281,-0.050673,-0.061416,-0.053753,-0.070981,-0.057676,-0.054786,-0.045976,10,0.039113
turnover_signal,2021-10-29,0.145649,160,-0.105121,-0.0629,-0.055384,-0.044936,-0.059407,-0.044446,-0.050805,-0.055474,-0.064407,-0.047307,10,0.057814
turnover_signal,2021-11-01,-0.218162,160,-0.03959,-0.056482,-0.069427,-0.044413,-0.074425,-0.061768,-0.05174,-0.063912,-0.086004,-0.091977,10,-0.052387
turnover_signal,2021-11-02,-0.00794,160,-0.060333,-0.071056,-0.060691,-0.052032,-0.088589,-0.052496,-0.074274,-0.052988,-0.077526,-0.067324,10,-0.006991
turnover_signal,2021-11-03,0.058159,160,-0.064072,-0.084907,-0.078639,-0.077808,-0.050649,-0.065733,-0.062301,-0.075014,-0.061794,-0.064255,10,-0.000182
turnover_signal,2021-11-04,-0.056615,160,-0.064687,-0.071005,-0.057262,-0.06054,-0.083409,-0.049763,-0.062449,-0.06723,-0.078579,-0.072797,10,-0.00811
turnover_signal,2021-11-05,0.111221,160,-0.057212,-0.082158,-0.055297,-0.065442,-0.031361,-0.038646,-0.067062,-0.054168,-0.079276,-0.033671,10,0.023542
turnover_signal,2021-11-08,0.006525,160,-0.042542,-0.052749,-0.033808,-0.062994,-0.016597,-0.034657,-0.051195,-0.042799,-0.056218,-0.039009,10,0.003533
turnover_signal,2021-11-09,-0.211602,160,0.011922,-0.014257,-0.02789,-0.013672,-0.020613,-0.027895,-0.02954,-0.04598,-0.021738,-0.042071,10,-0.053992
turnover_signal,2021-11-10,-0.057995,160,0.014059,0.006876,-0.028785,-0.009704,-0.000489,-0.007331,0.031779,-0.035937,-0.001301,-0.012544,10,-0.026603
turnover_signal,2021-11-11,-0.040718,160,0.001235,0.023388,0.016443,0.007654,0.028365,0.028716,0.023696,-0.008274,0.021465,0.001616,10,0.000382
turnover_signal,2021-11-12,-0.063002,160,0.019983,0.059684,0.050926,0.015166,0.020369,0.039727,0.02989,0.048781,0.029197,0.009686,10,-0.010297
turnover_signal,2021-11-15,0.023037,160,0.019156,0.024949,-0.011698,0.026902,0.023337,0.038122,0.03591,0.019752,-0.000493,0.030627,10,0.011471
turnover_signal,2021-11-16,0.021241,160,0.049108,0.013368,0.057663,0.016367,0.020963,0.027348,0.046173,0.02968,0.040311,0.034985,10,-0.014123
turnover_signal,2021-11-17,-0.058338,160,0.056229,0.063301,0.050189,0.062775,0.051742,0.052381,0.020981,0.043678,0.030306,0.062078,10,0.005849
turnover_signal,2021-11-18,-0.092881,160,0.077299,0.061849,0.07703,0.088896,0.017452,0.075345,0.06733,0.053134,0.058519,0.068202,10,-0.009097
turnover_signal,2021-11-19,0.031794,160,0.08976,0.072044,0.093219,0.076918,0.085579,0.080649,0.106967,0.105371,0.056973,0.093361,10,0.003601
turnover_signal,2021-11-22,-0.020128,160,0.107928,0.107503,0.110415,0.130028,0.110534,0.107926,0.096493,0.122363,0.102415,0.114537,10,0.006609
turnover_signal,2021-11-23,0.175671,160,0.094109,0.106112,0.08339,0.115073,0.084771,0.107316,0.125031,0.117555,0.116882,0.130107,10,0.035998
turnover_signal,2021-11-24,0.083329,160,0.09293,0.088263,0.102058,0.087762,0.090072,0.115013,0.086477,0.12311,0.118281,0.085822,10,-0.007108
turnover_signal,2021-11-25,0.009718,160,0.054381,0.085974,0.083841,0.06151,0.061636,0.066515,0.080528,0.084357,0.071092,0.06907,10,0.014689
turnover_signal,2021-11-26,-0.028507,160,0.051753,0.041231,0.027418,0.045434,0.032709,0.048913,0.056345,0.036793,0.025714,0.037294,10,-0.014459
turnover_signal,2021-11-29,0.12415,160,0.071844,0.05649,0.049504,0.034499,0.06219,0.053647,0.044366,0.062985,0.079695,0.090189,10,0.018345
turnover_signal,2021-11-30,-0.005868,160,0.046829,0.055352,0.0699,0.027414,0.073523,0.052026,0.0684,0.053563,0.059675,0.032675,10,-0.014154
turnover_signal,2021-12-01,0.034964,160,0.041589,0.016615,0.02906,0.046343,0.044928,0.007222,0.003774,0.056656,0.029762,0.050553,10,0.008963
turnover_signal,2021-12-02,0.089655,160,0.034439,0.011403,0.026683,0.033502,0.001566,0.01897,0.028075,0.034057,0.046689,0.038696,10,0.004258
turnover_signal,2021-12-03,-0.058045,160,0.012948,0.015001,0.019622,0.025275,0.00616,0.003369,0.008114,0.005829,0.004971,0.002402,10,-0.010546
turnover_signal,2021-12-06,0.026556,160,0.0179,0.011247,-0.023115,-0.025826,-0.003385,0.003844,-0.00119,-0.018925,0.01318,-0.000264,10,-0.018164
turnover_signal,2021-12-07,0.028457,160,-0.019842,-0.028579,-0.006395,-0.002094,-0.014895,-0.006704,-0.006987,-0.014302,-0.007293,-0.019491,10,0.000351
turnover_signal,2021-12-08,-0.081668,160,0.017296,-0.012886,-0.025674,-0.040893,-0.029093,-0.007904,-0.010635,-0.031259,-0.030884,-0.021288,10,-0.038583
turnover_signal,2021-12-09,-0.102842,160,0.001446,0.007897,-0.008953,-0.014114,-0.012952,-0.006206,-0.032342,-0.009862,-0.000745,-0.011516,10,-0.012961
turnover_signal,2021-12-10,0.141111,160,0.010188,-0.001115,0.013306,-0.017649,-0.018399,-0.001621,-0.003563,0.024746,0.048421,0.01162,10,0.001432
turnover_signal,2021-12-13,0.069023,160,-0.015411,-0.012689,-0.023709,0.010081,-0.028968,-0.012359,-0.012887,-0.003486,-0.015264,-0.005562,10,0.009849
turnover_signal,2021-12-14,0.065836,160,0.001878,-0.023145,-0.017675,-0.003985,0.002159,-0.007184,0.004743,-0.008356,0.010084,-0.00956,10,-0.011438
turnover_signal,2021-12-15,-0.042418,160,0.018467,0.031759,0.038832,0.022154,0.019704,0.053416,0.019159,0.007975,0.036107,0.018545,10,7.8e-05
turnover_signal,2021-12-16,0.071856,160,0.028778,0.022832,0.041423,0.060203,0.020497,0.049821,0.029892,0.026263,0.045958,0.054532,10,0.025755
turnover_signal,2021-12-17,-0.059724,160,0.017107,0.012351,0.039744,0.022524,0.03976,0.017126,0.036625,0.021702,0.001187,0.012199,10,-0.004907
turnover_signal,2021-12-20,-0.013386,160,0.012991,0.02076,0.007113,0.013615,0.014119,0.01404,-0.005614,0.008082,0.001644,0.023908,10,0.010918
turnover_signal,2021-12-21,-0.107122,160,-0.000536,-0.002465,0.013955,-0.00031,-0.024834,0.001762,-0.016652,-0.005651,-0.014492,-0.012824,10,-0.012288
turnover_signal,2021-12-22,0.087167,160,-0.042847,-0.026645,-0.022349,-0.008073,-0.014853,-0.017164,-0.034388,-0.035078,-0.003916,-0.012939,10,0.029908
turnover_signal,2021-12-23,-0.040212,160,0.001565,-0.015941,-0.002902,-0.042152,-0.016629,-0.004842,-0.043366,-0.014173,-0.01556,-0.006448,10,-0.008013
turnover_signal,2021-12-24,-0.054691,160,0.003813,-0.029734,-0.020992,-0.032381,-0.014167,-0.013825,-0.020259,-0.023152,-0.024803,-0.021258,10,-0.025071
turnover_signal,2021-12-27,0.061872,160,-0.017529,-0.014976,0.004291,-0.034082,-0.019967,-0.026296,-0.013839,-0.003423,-0.014393,0.008324,10,0.025853
turnover_signal,2021-12-28,-0.019495,160,-0.016068,-0.050792,-0.032977,-0.033217,-0.045916,-0.055144,-0.039495,-0.040262,-0.04927,-0.028773,10,-0.012705
turnover_signal,2021-12-29,-0.062607,160,-0.059178,-0.064575,-0.061771,-0.075619,-0.054158,-0.064994,-0.065007,-0.063469,-0.070592,-0.074416,10,-0.015238
turnover_signal,2021-12-30,0.071839,160,-0.074124,-0.078494,-0.073829,-0.062264,-0.068845,-0.087498,-0.072901,-0.082592,-0.058115,-0.046078,10,0.028046
turnover_signal,2021-12-31,0.017412,160,-0.065579,-0.071917,-0.03497,-0.058205,-0.047123,-0.064823,-0.056499,-0.070789,-0.04794,-0.065897,10,-0.000319
turnover_signal,2022-01-03,0.015522,160,-0.035319,-0.05944,-0.05509,-0.043676,-0.032739,-0.060691,-0.057704,-0.039981,-0.043425,-0.055611,10,-0.020292
turnover_signal,2022-01-04,0.005124,160,-0.030127,-0.018781,-0.003032,-0.025905,-0.024669,-0.022358,-0.00484,-0.009088,-0.034073,-0.01768,10,0.012448
turnover_signal,2022-01-05,-0.058347,160,0.011478,-0.011812,-0.001922,0.00559,-0.001901,-0.037611,-0.014609,-0.002474,-0.004494,-0.006792,10,-0.01827
turnover_signal,2022-01-06,0.179732,160,-0.025337,-0.012474,-0.010852,-0.032135,-0.017,-0.024426,0.006041,0.012922,0.02746,-0.020669,10,0.004668
turnover_signal,2022-01-07,-0.038421,160,-0.031524,-0.013142,0.018832,-0.026256,0.015758,-0.022945,-0.013681,-0.006092,-0.022596,-0.018534,10,0.01299
turnover_signal,2022-01-10,-0.006202,160,-0.013747,-0.024607,-0.003928,-0.016283,0.003041,0.005792,0.000745,-0.003465,0.003097,-0.040559,10,-0.026812
turnover_signal,2022-01-11,-0.062516,160,-0.008079,0.014491,0.014245,0.026824,0.026738,-0.00364,0.005284,0.011714,0.015588,-0.011665,10,-0.003586
turnover_signal,2022-01-12,0.018311,160,0.039779,0.018897,0.055567,0.016098,0.013589,0.010155,0.031098,0.05063,0.023371,0.037783,10,-0.001997
turnover_signal,2022-01-13,0.023714,160,0.020501,0.00793,0.007708,0.042949,0.005177,0.019389,0.011284,0.022238,0.022319,0.021259,10,0.000758
turnover_signal,2022-01-14,-0.165882,160,0.028949,0.04376,0.050751,0.013343,0.030666,0.04023,0.028223,0.026249,-0.017533,0.020062,10,-0.008887
turnover_signal,2022-01-17,0.004702,160,0.02563,0.03261,0.039144,0.025224,0.022935,0.031873,0.047155,0.007767,0.026386,0.045257,10,0.019627
turnover_signal,2022-01-18,0.105845,160,0.022091,0.018655,0.014471,-0.019885,-0.015802,0.021343,0.022899,0.009043,0.034963,0.037609,10,0.015518
turnover_signal,2022-01-19,0.010043,160,0.011456,0.018814,0.01594,0.019653,0.037591,0.037287,0.024098,0.011867,0.009336,0.014177,10,0.002721
turnover_signal,2022-01-20,-0.034958,160,0.018247,0.007314,-0.01181,0.028189,-0.010298,0.0116,-0.021755,-0.001622,-0.001827,0.029946,10,0.0117
turnover_signal,2022-01-21,-0.115994,160,0.014236,0.027361,0.070687,0.027942,0.029277,0.026987,0.038671,0.048581,-0.010846,0.006199,10,-0.008037
turnover_signal,2022-01-24,0.041946,160,0.056641,0.03699,0.042657,0.025287,0.04169,0.030049,0.059887,0.045009,0.048813,0.047524,10,-0.009117
turnover_signal,2022-01-25,-0.053982,160,0.059583,0.030594,0.065861,0.052705,0.035686,0.045497,0.035661,0.029824,0.052145,0.049943,10,-0.00964
turnover_signal,2022-01-26,-0.030625,160,0.031074,0.044785,0.044411,0.027656,0.044138,0.026703,0.035848,0.017431,0.058703,0.024801,10,-0.006273
turnover_signal,2022-01-27,-0.040045,160,0.04887,0.053625,0.042862,0.054841,0.037145,0.051446,0.059825,0.065378,0.033605,0.036201,10,-0.012669
turnover_signal,2022-01-28,0.00559,160,0.00426,0.040547,0.042469,0.037145,0.038835,0.025408,0.044754,0.035166,0.023011,0.024014,10,0.019754
turnover_signal,2022-01-31,0.047694,160,0.016949,0.005881,0.040851,0.02679,0.029461,0.027,0.00473,0.031239,0.039444,0.014922,10,-0.002027
turnover_signal,2022-02-01,-0.189016,160,0.034468,0.04975,0.01958,0.029523,0.026406,0.011857,0.016826,0.000215,0.018813,0.000386,10,-0.034082
turnover_signal,2022-02-02,-0.026899,160,0.034776,0.036774,0.023299,0.007989,0.006636,0.035869,0.002073,0.028654,0.030696,0.023347,10,-0.011429
turnover_signal,2022-02-03,-0.033836,160,0.037565,0.038141,0.019737,0.020805,0.014132,0.035558,0.041473,0.01881,0.010775,0.040479,10,0.002914
turnover_signal,2022-02-04,-0.083209,160,0.011202,0.023979,0.036662,0.017336,0.009266,0.01592,0.023829,0.01679,0.005246,0.003587,10,-0.007615
turnover_signal,2022-02-07,-0.16445,160,0.015033,0.025304,-0.000761,0.010681,0.002316,0.018324,-0.04271,0.002595,-0.010618,0.000475,10,-0.014558
turnover_signal,2022-02-08,-0.083622,160,-0.002086,0.019425,-0.004418,-0.000653,0.029407,0.009233,0.007414,-0.005171,-0.017699,5e-06,10,0.002091
turnover_signal,2022-02-09,0.090578,160,0.015202,0.029805,0.046327,0.01446,0.02144,0.031754,0.013984,0.042797,0.05567,0.025575,10,0.010373
turnover_signal,2022-02-10,-0.029108,160,0.041392,0.031221,0.028633,0.030046,0.03951,0.028767,0.050043,0.010875,0.017467,0.037586,10,-0.003806
turnover_signal,2022-02-11,-0.02887,160,0.05892,0.03924,0.040458,0.035964,0.01823,0.053266,0.04972,0.045823,0.055959,0.03407,10,-0.02485
turnover_signal,2022-02-14,-0.075858,160,0.042978,0.032548,0.033168,0.052154,0.0623,0.048585,0.045459,0.051289,0.011967,0.009082,10,-0.033896
turnover_signal,2022-02-15,-0.036746,160,0.056188,0.03091,0.034022,0.019893,0.045632,0.002173,0.037082,0.0443,0.029265,0.038077,10,-0.018111
turnover_signal,2022-02-16,0.09206,160,0.022438,0.044901,0.030413,0.027258,0.055057,0.066728,0.034397,0.039488,0.054261,0.033871,10,0.011434
turnover_signal,2022-02-17,0.023685,160,0.063182,0.080988,0.05012,0.036705,0.080863,0.059228,0.066236,0.053039,0.078499,0.072144,10,0.008962
turnover_signal,2022-02-18,-0.049095,160,0.086949,0.049326,0.058811,0.034986,0.052812,0.043415,0.042616,0.061168,0.070587,0.042767,10,-0.044182
turnover_signal,2022-02-21,0.014992,160,0.083,0.077054,0.074243,0.082304,0.062286,0.05387,0.063841,0.057192,0.068951,0.111569,10,0.028569
turnover_signal,2022-02-22,-0.034381,160,0.085392,0.065039,0.082253,0.061639,0.080505,0.071183,0.084496,0.065725,0.069979,0.069929,10,-0.015463
turnover_signal,2022-02-23,0.174771,160,0.000572,0.023481,0.030304,0.030223,0.016457,0.024235,0.018925,0.041225,0.053259,0.048767,10,0.048196
turnover_signal,2022-02-24,0.023131,160,0.012803,0.021006,0.022202,0.021526,0.025904,0.02651,0.005326,0.014244,-0.005891,0.043818,10,0.031015
turnover_signal,2022-02-25,0.003941,160,0.022877,-0.014096,0.021398,-0.004291,-0.002321,-0.008324,-0.000113,0.040857,-0.021508,0.012781,10,-0.010095
turnover_signal,2022-02-28,0.042426,160,-0.022948,-0.004044,-1.9e-05,0.023173,0.032747,-0.012667,0.016937,0.005948,-0.020378,0.003954,10,0.026903
turnover_signal,2022-03-01,-0.091606,160,0.027509,0.022305,0.038739,0.028122,0.025924,0.009464,0.021085,-0.005417,0.004601,0.027303,10,-0.000206
turnover_signal,2022-03-02,0.060864,160,0.000678,-0.036115,0.024662,-0.009162,-0.009954,-0.00668,-0.022225,-0.00342,0.008686,0.026842,10,0.026164
turnover_signal,2022-03-03,0.163843,160,-0.003719,-0.038147,-0.027997,-0.036273,-0.020028,-0.004259,-0.028455,-0.016001,-0.005585,0.004657,10,0.008376
turnover_signal,2022-03-04,-0.085187,160,-0.007945,-0.00792,-0.015515,-0.00769,-0.01813,-0.031025,-0.014554,-0.010307,-0.013792,-0.02739,10,-0.019445
turnover_signal,2022-03-07,0.003577,160,-0.029805,-0.04145,-0.0394,-0.049752,-0.034089,-0.02951,-0.038077,-0.048821,-0.015977,-0.038045,10,-0.00824
turnover_signal,2022-03-08,0.031528,160,-0.04611,-0.073258,-0.055776,-0.017355,-0.027182,-0.04676,-0.05901,-0.038992,-0.02857,-0.064418,10,-0.018309
turnover_signal,2022-03-09,0.085943,160,-0.034776,-0.030479,-0.022528,-0.029626,-0.039666,-0.034158,-0.028556,-0.019284,-0.031385,-0.008427,10,0.026349
turnover_signal,2022-03-10,-0.023468,160,-0.020568,-0.016942,-0.030628,-0.014061,-0.021223,-0.003587,-0.026626,0.000628,-0.008098,-0.035986,10,-0.015418
turnover_signal,2022-03-11,-0.007969,160,-0.017643,-0.005748,-0.013764,-0.012492,-0.017875,-0.026378,-0.020164,0.007196,-0.003236,-0.032154,10,-0.014512
turnover_signal,2022-03-14,-0.078583,160,-0.007447,-0.007535,-0.012064,-0.014898,-0.033322,-0.014257,0.00305,-0.026937,-0.020902,-0.020697,10,-0.01325
turnover_signal,2022-03-15,-0.071004,160,-0.018582,-0.007244,-0.015409,-0.024408,-0.017499,-0.023633,-0.017805,-0.031865,-0.039405,-0.012126,10,0.006456
turnover_signal,2022-03-16,0.03727,160,0.013891,0.000955,-0.023339,-0.038816,-0.00482,0.016724,-0.025137,0.008732,-0.015866,0.014386,10,0.000496
turnover_signal,2022-03-17,-0.079597,160,-0.000667,-0.023332,0.00605,-0.03172,-0.000445,-0.006915,-0.024993,-0.029259,-0.005016,-0.020801,10,-0.020134
turnover_signal,2022-03-18,-0.083438,160,0.004157,-0.014013,-0.022223,-0.016454,-0.033267,-0.021513,-0.026826,-0.026927,-0.025015,-0.023404,10,-0.027561
turnover_signal,2022-03-21,-0.0607,160,-0.008874,0.00322,-0.004665,-0.029545,-0.03333,-0.015838,-0.036422,-0.006228,-0.002382,-0.029471,10,-0.020597
turnover_signal,2022-03-22,-0.086104,160,0.018057,-0.017343,-0.027589,-0.038032,-0.011123,-0.009445,-0.017953,-0.02145,-0.027732,-0.025257,10,-0.043314
turnover_signal,2022-03-23,0.21043,160,-0.039582,-0.027572,-0.026793,-0.03195,-0.020687,-0.005797,-0.012892,-0.003158,-0.014827,-0.004575,10,0.035006
turnover_signal,2022-03-24,0.049625,160,-0.024925,-0.03466,-0.033051,-0.012264,-0.029939,-0.052157,-0.045499,-0.032251,-0.011434,-0.010031,10,0.014894
turnover_signal,2022-03-25,-0.008581,160,0.000228,-0.024875,0.006268,-0.013161,-0.0325,-0.003148,0.024726,0.002045,-0.019273,-0.024217,10,-0.024445
turnover_signal,2022-03-28,0.045676,160,-0.023623,-0.005277,0.016105,-0.006961,-0.017852,-0.000869,-0.018225,-0.016039,-0.001962,0.005775,10,0.029397
turnover_signal,2022-03-29,-0.009747,160,0.01111,-0.018955,0.017241,-0.016591,-0.015054,0.001765,-0.00291,-0.007181,0.020649,-0.010875,10,-0.021985
turnover_signal,2022-03-30,0.02258,160,0.002038,-0.023584,0.001603,7.5e-05,0.009883,-0.00289,0.008145,-0.028049,0.002141,0.005667,10,0.003628
turnover_signal,2022-03-31,0.183745,160,0.00373,-0.02872,-0.016261,-0.005759,-0.017635,-0.00541,-0.00056,-0.008969,0.033374,0.013637,10,0.009908
turnover_signal,2022-04-01,0.069893,160,-0.003018,-0.030984,-0.036945,-0.00179,-0.006764,-0.003249,0.010799,-0.0251,-0.005505,-0.013209,10,-0.010191
turnover_signal,2022-04-04,-0.045245,160,-0.014293,-0.028916,-0.006743,-0.006649,-0.017197,0.012479,-0.011404,-0.021966,-0.034121,-0.025783,10,-0.01149
turnover_signal,2022-04-05,0.007899,160,-0.001463,0.005864,0.005535,-0.025332,0.025247,-0.006372,0.005529,0.005006,0.000401,-0.006943,10,-0.00548
turnover_signal,2022-04-06,0.041058,160,0.009848,-0.006546,-0.029671,0.007764,-0.007786,-0.019304,-0.005977,0.011103,-0.003594,0.007402,10,-0.002446
turnover_signal,2022-04-07,-0.100305,160,-0.008148,0.003908,0.00414,0.004663,-0.008608,-0.00981,-0.010655,-0.003512,-0.009256,-0.026305,10,-0.018157
turnover_signal,2022-04-08,0.042315,160,-0.054291,-0.028463,-0.048478,-0.062322,-0.060073,-0.037787,-0.060798,-0.023573,-0.020612,-0.056042,10,-0.001751
turnover_signal,2022-04-11,-0.023649,160,-0.067703,-0.028874,-0.027344,-0.055675,-0.060235,-0.033064,-0.045297,-0.036235,-0.047213,-0.068813,10,-0.00111
turnover_signal,2022-04-12,0.062715,160,-0.053687,-0.054084,-0.055808,-0.043061,-0.058274,-0.02144,-0.082977,-0.061408,-0.032525,-0.052888,10,0.000799
turnover_signal,2022-04-13,-0.091284,160,-0.057799,-0.031788,-0.065987,-0.037057,-0.028347,-0.058196,-0.0437,-0.056325,-0.05063,-0.070912,10,-0.013112
turnover_signal,2022-04-14,-0.083171,160,-0.04467,-0.021647,-0.022992,-0.013682,-0.042376,-0.050589,-0.033871,-0.047636,-0.040004,-0.044505,10,0.000165
turnover_signal,2022-04-15,0.006572,160,-0.035098,-0.028644,-0.023675,-0.021515,-0.037923,-0.033498,-0.003082,-0.034789,-0.023094,-0.042073,10,-0.006975
turnover_signal,2022-04-18,0.05692,160,-0.03038,-0.024615,-0.026158,-0.013874,-0.043214,-0.019692,-0.015313,-0.022379,-0.004631,-0.048202,10,-0.017821
turnover_signal,2022-04-19,-0.000384,160,-0.016409,-0.024078,-0.024311,-0.035838,-0.032537,-0.042899,0.0033,-0.022984,-0.023655,-0.029116,10,-0.012707
turnover_signal,2022-04-20,-0.016559,160,-0.043241,-0.004661,-0.014796,-0.021383,-0.030523,-0.026894,-0.036275,-0.018927,-0.03081,-0.016838,10,0.026403
turnover_signal,2022-04-21,0.039564,160,-0.05229,-0.043483,-0.04315,-0.044467,-0.019226,-0.042062,-0.022708,-0.041439,-0.04627,-0.042266,10,0.010023
turnover_signal,2022-04-22,0.008725,160,-0.014287,0.00982,0.006625,-0.008289,-0.004508,-0.010158,-0.005527,-0.017334,0.012712,-0.003494,10,0.010793
turnover_signal,2022-04-25,-0.007477,160,-0.016545,0.007023,-0.00756,-0.013819,-0.006401,-0.01932,-0.005309,-0.012664,-0.014447,0.010807,10,0.027352
turnover_signal,2022-04-26,0.011204,160,-0.002021,-0.004591,0.003815,-0.011234,0.006218,0.015198,-0.014169,0.04112,-0.001874,-0.009331,10,-0.007311
turnover_signal,2022-04-27,0.036303,160,0.002298,-0.007083,0.018833,0.038155,-0.001041,0.02297,0.010871,0.005973,0.007957,0.013261,10,0.010964
turnover_signal,2022-04-28,0.142292,160,-0.009149,0.010953,0.010357,0.002828,0.011062,0.038776,0.02938,0.022087,-0.001213,0.030967,10,0.040116
turnover_signal,2022-04-29,0.006071,160,0.020037,0.052129,0.00962,0.027838,0.017028,0.010377,0.065857,0.017328,0.019379,0.033063,10,0.013026
turnover_signal,2022-05-02,-0.13676,160,0.055742,0.038256,0.068897,0.059998,0.040876,0.067435,0.048371,0.0443,0.029914,0.032314,10,-0.023428
turnover_signal,2022-05-03,-0.040068,160,0.040087,0.015947,0.058494,0.032116,0.025031,0.021695,0.004069,0.053002,0.011963,0.037389,10,-0.002698
turnover_signal,2022-05-04,0.116709,160,0.024925,0.006807,0.053125,0.044305,0.026901,0.033849,0.030972,0.043339,0.044989,0.04646,10,0.021535
turnover_signal,2022-05-05,0.043261,160,0.058633,0.095396,0.049004,0.065111,0.017387,0.065807,0.057053,0.075004,0.039911,0.094115,10,0.035482
turnover_signal,2022-05-06,0.007746,160,0.026009,0.059782,0.05013,0.029391,0.064757,0.04603,0.00878,0.012459,0.082467,0.037726,10,0.011717
turnover_signal,2022-05-09,0.183028,160,0.05399,0.054797,0.068798,0.052095,0.084271,0.081807,0.064768,0.072951,0.066818,0.102801,10,0.048811
turnover_signal,2022-05-10,-0.147674,160,0.060104,0.09146,0.04937,0.035782,0.036076,0.050601,0.072432,0.044144,0.033081,0.034164,10,-0.02594
turnover_signal,2022-05-11,0.036687,160,0.040255,0.017106,0.033148,0.023045,0.032042,0.021909,0.004196,0.021144,0.034412,0.053129,10,0.012874
turnover_signal,2022-05-12,0.085246,160,0.011003,-0.003658,0.031303,0.037563,0.034409,0.028606,0.018891,0.030164,0.021296,0.027585,10,0.016582
turnover_signal,2022-05-13,-0.063972,160,0.031151,0.025671,0.036846,0.019623,0.040961,0.029414,0.008089,0.016903,0.026219,0.021228,10,-0.009923
turnover_signal,2022-05-16,0.103469,160,-0.016075,-0.002477,-0.020584,0.009154,0.003907,0.014378,-0.011079,0.011198,0.015491,-0.005743,10,0.010333
turnover_signal,2022-05-17,0.067766,160,0.005159,0.011604,-0.003911,0.002758,-0.001435,0.003322,-0.004273,0.007493,0.007945,0.023721,10,0.018562
turnover_signal,2022-05-18,0.059944,160,-0.026088,0.030903,-0.007657,0.011797,0.006652,-0.002422,0.021326,0.016518,0.015467,-0.002413,10,0.023675
turnover_signal,2022-05-19,-0.04477,160,-0.020719,-0.004356,-0.000174,0.012198,-0.003541,-0.012181,-0.007982,-0.009611,-0.026975,-0.010796,10,0.009923
turnover_signal,2022-05-20,0.023233,160,-0.022459,-0.000466,-0.016422,-0.001012,-0.016542,-0.023762,-0.003871,-0.004305,-0.013403,0.001694,10,0.024153
turnover_signal,2022-05-23,0.017869,160,-0.025715,-0.046169,-0.044745,-0.050263,-0.036124,-0.018302,-0.045471,-0.035137,-0.027366,-0.033456,10,-0.007742
turnover_signal,2022-05-24,0.057928,160,-0.033849,-0.022522,-0.040017,-0.034802,-0.046103,-0.06596,-0.018512,-0.020977,-0.032939,-0.013163,10,0.020686
turnover_signal,2022-05-25,-0.077581,160,-0.024503,-0.02256,-0.015964,-0.023693,-0.034726,-0.028644,-0.029371,-0.01047,-0.033806,-0.038172,10,-0.013669
turnover_signal,2022-05-26,0.010345,160,-0.038247,-0.01417,-0.008972,-0.020083,-0.003421,-0.003288,-0.002974,-0.036313,-0.021194,-0.017163,10,0.021084
turnover_signal,2022-05-27,0.011877,160,-0.014464,-0.039609,0.001338,-0.013229,-0.029419,-0.00465,-0.013453,-0.031739,-0.031433,-0.011706,10,0.002758
turnover_signal,2022-05-30,-0.019677,160,-0.017465,-0.015631,0.019937,0.00241,-0.010496,-0.022849,-0.043641,0.008503,-0.010299,-0.017688,10,-0.000223
turnover_signal,2022-05-31,0.039661,160,-0.007096,0.01587,-0.011224,-0.007417,-0.03165,-0.026912,0.010502,0.0112,0.000153,0.003188,10,0.010284
turnover_signal,2022-06-01,-0.090253,160,0.019312,0.014543,0.007765,-0.029651,0.018115,-0.007784,0.032917,-0.004641,-0.030598,-0.015074,10,-0.034386
turnover_signal,2022-06-02,-0.126764,160,0.022293,0.022474,0.031297,0.013295,0.021658,0.005814,0.031843,-0.007925,0.004749,0.018324,10,-0.00397
turnover_signal,2022-06-03,0.01021,160,0.029547,0.034768,0.048815,0.022504,0.034363,0.031094,0.039639,0.008464,0.055292,0.038341,10,0.008794
turnover_signal,2022-06-06,0.03921,160,0.043552,0.065883,0.065214,0.054863,0.044666,0.055261,0.064435,0.052124,0.069617,0.053688,10,0.010136
turnover_signal,2022-06-07,0.064892,160,0.028066,0.04587,0.066922,0.025977,0.07768,0.066444,0.036704,0.041826,0.060644,0.049388,10,0.021322
turnover_signal,2022-06-08,0.080786,160,0.014566,0.01828,0.024128,0.034466,0.037094,0.028449,0.019009,0.045808,0.043889,0.033722,10,0.019156
turnover_signal,2022-06-09,-0.097709,160,0.004817,0.015783,0.035471,0.018963,0.022844,0.019821,-0.013698,0.009822,0.002248,0.00615,10,0.001333
turnover_signal,2022-06-10,0.037211,160,0.014041,-0.023255,0.010626,0.01797,-0.007616,-0.005945,0.01731,-0.001567,0.00565,0.007703,10,-0.006338
turnover_signal,2022-06-13,0.10929,160,0.009518,-0.003703,-0.01024,0.004513,0.00244,0.009992,0.017755,-0.003109,0.001304,0.033322,10,0.023805
turnover_signal,2022-06-14,0.009994,160,0.002076,0.003219,0.024285,-0.000661,-0.004053,-0.007727,-0.014208,-0.011364,0.00119,0.022413,10,0.020337
turnover_signal,2022-06-15,0.013254,160,-0.015959,-0.006242,-0.00933,-0.011161,-0.016074,-0.008678,-0.033765,0.016737,-0.010502,-0.012204,10,0.003755
turnover_signal,2022-06-16,-0.000645,160,-0.008224,-0.007651,-0.015365,-0.01227,-0.016018,-0.003587,-0.010241,0.006391,-0.012972,-0.023065,10,-0.014841
turnover_signal,2022-06-17,-0.105637,160,-0.01063,-0.003314,0.010924,-0.015591,-0.026249,-0.002686,-0.005543,-0.026934,-0.029961,-0.006475,10,0.004155
turnover_signal,2022-06-20,-0.069067,160,0.003426,0.003931,-0.004115,-0.032344,-0.030145,-0.016496,0.000231,-0.014934,-0.01374,-0.016039,10,-0.019465
turnover_signal,2022-06-21,-0.080561,160,-0.03023,0.006938,-0.016677,-0.030927,-0.02224,-0.001789,-0.036263,-0.013302,-0.041469,-0.022431,10,0.007799
turnover_signal,2022-06-22,-0.108075,160,0.01746,-0.007007,-0.012869,-0.024682,-0.023168,-0.035431,-0.038109,0.015286,-0.020784,-0.032383,10,-0.049842
turnover_signal,2022-06-23,0.043947,160,0.01881,-0.015688,-0.005803,-0.017632,0.00341,0.000878,0.001956,0.001785,-0.004468,0.005882,10,-0.012928
turnover_signal,2022-06-24,0.112015,160,0.019219,-0.016965,0.017595,-0.011015,-0.007347,0.00209,-0.006947,0.020524,0.03701,0.027459,10,0.00824
turnover_signal,2022-06-27,-0.07311,160,0.025846,0.012707,0.027599,0.018818,0.021836,0.001377,0.005074,0.011127,-0.00816,0.02255,10,-0.003296
turnover_signal,2022-06-28,0.045163,160,0.027068,0.015093,-0.000727,0.013032,0.00781,-0.000838,0.021111,0.014216,0.017247,0.039794,10,0.012726
turnover_signal,2022-06-29,0.014004,160,0.025106,-0.002982,0.015457,0.011133,0.018325,0.014005,0.009608,0.007045,0.012652,0.017739,10,-0.007367
turnover_signal,2022-06-30,0.044035,160,0.001773,0.020391,-0.01163,0.007098,0.011007,0.031185,-0.000229,0.003785,-0.0018,0.023198,10,0.021425
turnover_signal,2022-07-01,-0.072545,160,-0.00325,0.009052,-0.020156,0.003268,0.011736,-0.019545,0.006061,-0.024061,-0.017481,-0.005272,10,-0.002022
turnover_signal,2022-07-04,-0.062,160,-0.043165,-0.022615,-0.012901,-0.023419,-0.058166,-0.024376,-0.035002,-0.049566,-0.027697,-0.035712,10,0.007452
turnover_signal,2022-07-05,-0.079298,160,0.006494,-0.040447,-0.02277,-0.030966,-0.043343,-0.01027,-0.022001,-0.03937,-0.013339,-0.039722,10,-0.046217
turnover_signal,2022-07-06,0.088782,160,-0.023041,0.00385,-0.023971,-0.018253,-0.026209,-0.006756,0.004074,0.004712,0.001694,-0.01674,10,0.006301
turnover_signal,2022-07-07,-0.15225,160,-0.001045,-0.014067,-0.02333,-0.022959,-0.007137,-0.0163,0.004274,-0.0157,-0.033491,-0.049471,10,-0.048425
turnover_signal,2022-07-08,-0.036822,160,-0.009282,-0.013746,-0.006114,-0.015452,-0.014178,-0.002102,-0.018031,-0.015656,-0.024369,-0.001175,10,0.008106
turnover_signal,2022-07-11,-0.14627,160,0.013288,-0.029462,-0.008958,0.013472,0.0006,-0.043913,-0.047256,-0.03248,-0.013353,-0.005965,10,-0.019253
turnover_signal,2022-07-12,-0.006091,160,0.012749,-0.021314,-0.023921,-0.012377,-0.003141,0.017096,-0.0221,-0.016736,-0.028572,0.006367,10,-0.006382
turnover_signal,2022-07-13,-0.071751,160,0.014131,0.018837,0.015004,0.0154,0.000465,-0.004465,0.02574,0.034841,-0.002435,-0.005053,10,-0.019184
turnover_signal,2022-07-14,-0.133496,160,0.003588,0.018504,0.00986,0.022105,0.010662,-0.002247,-0.014037,-0.008005,0.010076,-0.012474,10,-0.016062
turnover_signal,2022-07-15,-0.199889,160,0.040098,-0.021266,0.01992,0.00945,0.017808,-0.006797,0.006954,0.017063,-0.007226,-0.037296,10,-0.077394
turnover_signal,2022-07-18,0.07914,160,0.009644,-0.00815,0.033197,-0.004999,0.026839,0.010821,-0.011851,0.01698,0.042055,0.014167,10,0.004524
turnover_signal,2022-07-19,0.1236,160,0.018836,0.009933,0.009319,0.019203,0.030333,0.014175,-0.000323,0.042571,0.050868,0.021427,10,0.002591
turnover_signal,2022-07-20,0.054336,160,0.029866,0.014086,0.058165,0.042131,0.061871,0.049784,0.019331,0.05585,0.053954,0.028773,10,-0.001094
turnover_signal,2022-07-21,0.000252,160,0.044486,-0.007511,0.050958,0.030262,0.03059,0.053418,0.0181,0.042475,0.04856,0.020007,10,-0.024479
turnover_signal,2022-07-22,-0.047592,160,0.071759,0.046367,0.006404,0.015281,0.025232,0.023202,0.004545,0.036983,0.020865,0.051391,10,-0.020368
turnover_signal,2022-07-25,-0.029784,160,0.036891,0.044133,0.03869,-0.01872,-0.008892,0.013668,0.032335,0.020974,0.022517,0.030851,10,-0.00604
turnover_signal,2022-07-26,-0.068288,160,0.043451,0.043498,0.019287,0.032721,0.008443,-0.01655,0.019437,0.016357,0.011622,0.037331,10,-0.00612
turnover_signal,2022-07-27,-0.013547,160,0.017484,0.013868,0.024259,0.00188,0.008865,0.006995,0.023182,0.022655,0.003988,0.015748,10,-0.001736
turnover_signal,2022-07-28,0.018431,160,0.038636,0.008273,0.015604,0.053723,0.041739,0.02752,0.026818,0.021722,0.0167,0.04053,10,0.001894
turnover_signal,2022-07-29,-0.058728,160,0.044713,0.041825,0.075585,0.043388,0.049685,0.047875,0.044037,0.042372,0.028141,0.04034,10,-0.004373
turnover_signal,2021-01-04,-0.027584,160,-0.010772,0.006128,-0.018973,0.006941,0.003755,0.013395,-0.001089,-0.043533,-0.010081,-0.003832,20,0.00694
turnover_signal,2021-01-05,-0.107492,160,0.027162,0.019157,-0.03004,-0.001732,0.004692,0.002552,0.015729,0.003585,-0.01412,-0.033268,20,-0.06043
turnover_signal,2021-01-06,0.057746,160,-0.017419,0.033609,0.012288,-0.002575,0.054555,0.015759,0.051819,0.014989,0.007272,0.009033,20,0.026452
turnover_signal,2021-01-07,0.037384,160,0.01665,-0.007556,0.006042,-0.012782,-0.015757,0.026493,0.021701,0.001306,-0.007613,0.014037,20,-0.002612
turnover_signal,2021-01-08,-0.042552,160,0.029907,0.014962,0.002084,0.002584,-0.024589,-0.014937,0.002063,0.003134,-0.007071,0.026283,20,-0.003623
turnover_signal,2021-01-11,-0.053144,160,0.028129,0.016488,0.034097,0.011178,0.006995,0.024244,0.069764,-0.015639,0.025696,0.002683,20,-0.025446
turnover_signal,2021-01-12,-0.148796,160,0.031359,0.038269,0.006782,0.038434,0.005039,0.01958,0.006735,0.006068,0.011747,-0.005155,20,-0.036514
turnover_signal,2021-01-13,0.120128,160,0.035271,-0.008221,0.007992,0.020905,0.042475,0.044978,0.042747,0.013547,0.030007,0.040793,20,0.005522
turnover_signal,2021-01-14,-0.031756,160,0.062725,0.035845,-0.003549,0.017725,0.001956,0.015298,0.004274,0.015353,0.040702,0.016164,20,-0.046562
turnover_signal,2021-01-15,0.018317,160,0.016101,0.015935,0.029298,0.049877,0.030774,0.028061,0.005277,0.019046,0.023961,0.030247,20,0.014146
turnover_signal,2021-01-18,-0.222398,160,0.032108,-0.019939,0.046802,0.043188,0.020174,0.008418,-0.003596,-0.018234,-0.019923,-0.024689,20,-0.056797
turnover_signal,2021-01-19,0.019266,160,-0.006633,0.014659,0.00734,0.041156,0.015375,0.030374,0.021809,0.025809,0.005572,0.007205,20,0.013838
turnover_signal,2021-01-20,-0.040721,160,0.036108,0.008952,0.038883,0.013558,0.064781,-0.001654,0.021144,0.020252,0.022654,0.016015,20,-0.020093
turnover_signal,2021-01-21,-0.038008,160,0.047023,0.028006,0.061717,0.018865,0.030224,0.027865,-0.001243,0.054015,0.024763,0.031129,20,-0.015894
turnover_signal,2021-01-22,-0.004503,160,0.020404,0.065843,0.003145,0.022068,-0.007422,0.027971,0.024395,0.02968,0.019479,0.024738,20,0.004335
turnover_signal,2021-01-25,-0.007741,160,0.042549,0.043705,0.034426,0.016162,0.03776,0.048248,0.044216,0.045203,0.040764,0.019335,20,-0.023214
turnover_signal,2021-01-26,0.142435,160,0.005161,0.047997,0.009292,0.037246,0.017283,0.035422,0.052978,0.036375,0.048373,0.052905,20,0.047744
turnover_signal,2021-01-27,-0.1242,160,0.054994,0.046682,0.04135,0.046632,-0.008906,0.01646,-0.017446,0.058717,0.02309,-0.00811,20,-0.063104
turnover_signal,2021-01-28,-0.027142,160,0.064872,0.019925,0.012313,0.023534,0.049741,0.02163,0.032727,-0.00121,0.035826,0.03571,20,-0.029162
turnover_signal,2021-01-29,-0.050252,160,0.070833,0.043819,0.053318,0.051582,0.046148,0.04509,0.041472,0.059578,0.061938,0.036886,20,-0.033947
turnover_signal,2021-02-01,0.041161,160,0.084989,0.044924,0.050545,0.021087,0.030351,0.052809,0.092974,0.02936,0.087159,0.067383,20,-0.017606
turnover_signal,2021-02-02,-0.016969,160,0.048248,0.042314,0.034178,0.044024,0.048398,0.038816,0.05206,0.065745,0.020606,0.047284,20,-0.000964
turnover_signal,2021-02-03,0.039962,160,0.046158,-0.007049,0.025494,0.03823,0.037803,0.008145,0.050103,0.08981,0.027424,0.016512,20,-0.029646
turnover_signal,2021-02-04,0.097228,160,0.005127,0.076838,0.029888,0.037051,0.062333,0.075715,0.03716,0.081037,0.055491,0.037774,20,0.032647
turnover_signal,2021-02-05,0.037402,160,0.060634,0.053268,0.041942,0.053152,0.024343,0.034596,0.035156,0.073401,0.038364,0.08637,20,0.025735
turnover_signal,2021-02-08,-0.092344,160,0.057143,0.077606,0.054551,-0.006287,0.051873,0.035271,0.028249,0.041713,-0.002586,0.065513,20,0.00837
turnover_signal,2021-02-09,-0.123594,160,0.080472,0.092315,0.070238,0.066361,0.103479,0.059703,0.056201,0.047986,0.032884,0.068463,20,-0.012009
turnover_signal,2021-02-10,-0.077089,160,0.047064,0.031728,0.078622,0.078085,0.023199,0.026941,0.042567,0.048541,0.031869,0.027863,20,-0.0192
turnover_signal,2021-02-11,0.14872,160,0.035376,0.063948,0.083559,0.072031,0.103656,0.073443,0.064534,0.056739,0.106622,0.125465,20,0.09009
turnover_signal,2021-02-12,0.138685,160,0.084006,0.079233,0.08754,0.131184,0.078178,0.071782,0.141916,0.129608,0.114255,0.102527,20,0.01852
turnover_signal,2021-02-15,-0.06338,160,0.17893,0.125755,0.124765,0.090119,0.131763,0.132506,0.130575,0.155726,0.120893,0.098428,20,-0.080502
turnover_signal,2021-02-16,-0.222346,160,0.125407,0.183564,0.126292,0.140249,0.149818,0.104154,0.112389,0.099998,0.087232,0.10155,20,-0.023858
turnover_signal,2021-02-17,-0.059027,160,0.111897,0.099692,0.113722,0.117655,0.126835,0.118896,0.096506,0.111541,0.111241,0.090994,20,-0.020903
turnover_signal,2021-02-18,-0.015616,160,0.116717,0.089639,0.114846,0.128557,0.092656,0.165106,0.113253,0.063125,0.1,0.119182,20,0.002465
turnover_signal,2021-02-19,0.03679,160,0.117268,0.120327,0.111909,0.109335,0.107399,0.105838,0.114686,0.116577,0.130331,0.115344,20,-0.001924
turnover_signal,2021-02-22,-0.007972,160,0.139213,0.081167,0.095802,0.094879,0.094247,0.128279,0.068965,0.097494,0.127128,0.107991,20,-0.031223
turnover_signal,2021-02-23,-0.03139,160,0.125126,0.124603,0.100258,0.107103,0.066713,0.107606,0.110484,0.099099,0.12522,0.099135,20,-0.025991
turnover_signal,2021-02-24,-0.04022,160,0.110538,0.118656,0.150235,0.103393,0.117888,0.114325,0.124648,0.094336,0.144391,0.066078,20,-0.04446
turnover_signal,2021-02-25,-0.024109,160,0.132879,0.116129,0.150514,0.100044,0.109695,0.105902,0.124612,0.157349,0.146036,0.086043,20,-0.046836
turnover_signal,2021-02-26,-0.065874,160,0.115566,0.13398,0.078984,0.162322,0.118515,0.125013,0.066406,0.114599,0.124709,0.098181,20,-0.017385
turnover_signal,2021-03-01,0.153894,160,0.074961,0.112349,0.072067,0.08152,0.101394,0.111555,0.135678,0.131017,0.128007,0.10694,20,0.03198
turnover_signal,2021-03-02,0.114494,160,0.07648,0.124841,0.086287,0.092645,0.085948,0.108462,0.096574,0.095854,0.124532,0.123391,20,0.046911
turnover_signal,2021-03-03,0.024927,160,0.137542,0.042451,0.100289,0.127173,0.09604,0.091082,0.095179,0.123381,0.102494,0.10121,20,-0.036331
turnover_signal,2021-03-04,-0.062598,160,0.100498,0.087387,0.084313,0.029589,0.055828,0.08602,0.046926,0.088572,0.068696,0.080105,20,-0.020393
turnover_signal,2021-03-05,0.018924,160,0.046589,0.050673,0.072336,0.063202,0.044456,0.083964,0.040553,0.059611,0.052761,0.069082,20,0.022493
turnover_signal,2021-03-08,-0.177971,160,0.102966,0.057128,0.055579,0.093697,0.077272,0.055841,0.083962,0.03654,0.061019,0.036594,20,-0.066372
turnover_signal,2021-03-09,0.022234,160,0.026349,0.062075,0.022933,0.041497,0.074515,0.016278,0.016567,0.060823,0.054435,0.023154,20,-0.003195
turnover_signal,2021-03-10,-0.050387,160,0.072356,0.045587,0.063214,0.040292,0.062053,0.041511,0.065591,0.043056,0.024236,0.061278,20,-0.011078
turnover_signal,2021-03-11,0.035325,160,0.021611,-8.9e-05,-0.003731,0.006906,0.036846,0.039328,0.010973,0.018763,0.017423,0.018321,20,-0.00329
turnover_signal,2021-03-12,0.082354,160,-0.010883,-0.012254,-0.019042,0.00403,-0.007779,-0.007541,-0.004387,0.007803,-0.013161,0.012798,20,0.023681
turnover_signal,2021-03-15,-0.009425,160,-0.033417,-0.017815,-0.037034,-0.07799,-0.025726,-0.027119,-0.047265,-0.01064,-0.057933,-0.016973,20,0.016444
turnover_signal,2021-03-16,-0.082846,160,-0.009194,-0.054921,-0.046282,-0.049483,-0.053945,-0.066142,-0.035231,-0.059517,-0.029407,-0.052046,20,-0.042852
turnover_signal,2021-03-17,0.156662,160,-0.019437,-0.039329,-0.058553,-0.047363,-0.016194,-0.009653,-0.017704,-0.027633,0.010669,0.002159,20,0.021596
turnover_signal,2021-03-18,-0.006071,160,-0.021972,-0.034005,-0.056932,-0.053004,-0.021476,-0.038522,-0.02066,-0.068642,-0.010221,-0.040374,20,-0.018402
turnover_signal,2021-03-19,0.131958,160,-0.050099,-0.026105,-0.008968,-0.056955,-0.034673,-0.044262,-0.011397,0.017452,-0.002031,-0.021543,20,0.028556
turnover_signal,2021-03-22,-0.034642,160,0.00035,-0.004359,-0.061855,-0.01203,0.001073,-0.009857,-0.018096,-0.003618,-0.032602,-0.024181,20,-0.024531
turnover_signal,2021-03-23,0.006006,160,-0.043237,0.029167,-0.030948,-0.014342,-0.018206,-0.003534,-0.013911,-0.020021,-0.017848,-0.024499,20,0.018738
turnover_signal,2021-03-24,-0.091129,160,-0.015825,0.016351,-0.022598,-0.036242,-0.05528,-0.035395,-0.016706,-0.032936,-0.011211,-0.045552,20,-0.029727
turnover_signal,2021-03-25,0.049054,160,-0.049356,-0.043247,-0.020879,-0.022067,-0.033496,-0.035562,-0.023712,-0.015886,-0.022946,-0.020511,20,0.028845
turnover_signal,2021-03-26,0.146285,160,-0.051391,-0.071622,-0.016846,-0.032623,-0.026364,-0.037803,0.008889,0.00435,-0.030406,-0.034202,20,0.017189
turnover_signal,2021-03-29,-0.076606,160,-0.024601,-0.014899,0.007762,0.015658,0.021761,-0.042017,-0.011883,-0.037312,0.003922,-0.02922,20,-0.00462
turnover_signal,2021-03-30,0.034372,160,-0.013239,0.014962,0.001797,-0.027571,-0.058747,-0.036502,-0.001166,0.033453,0.004091,-0.018826,20,-0.005587
turnover_signal,2021-03-31,-0.089605,160,0.018455,-0.004046,0.031109,0.01518,-0.036054,-0.002556,0.014383,0.009963,-0.027674,-0.01357,20,-0.032025
turnover_signal,2021-04-01,0.031249,160,0.023263,-0.000814,0.037811,0.01438,0.007436,0.004264,0.022624,0.01673,0.030856,0.005785,20,-0.017478
turnover_signal,2021-04-02,-0.014092,160,0.022101,0.034997,0.030352,0.02189,0.05318,0.034492,0.00335,0.018679,0.037141,0.009291,20,-0.012809
turnover_signal,2021-04-05,0.056311,160,-0.009541,-0.041831,0.012017,0.01834,0.009436,-0.014191,0.020888,0.001895,-0.008643,0.012568,20,0.022109
turnover_signal,2021-04-06,0.117245,160,0.007594,-0.015039,-0.033648,-0.035917,-0.033608,0.024588,0.01094,0.038738,0.04052,-0.015288,20,-0.022882
turnover_signal,2021-04-07,-0.015499,160,-0.032204,0.009195,-0.003956,0.004727,0.00471,0.0134,-0.034812,0.00451,-0.036993,0.010967,20,0.043171
turnover_signal,2021-04-08,0.099859,160,-0.007959,-0.005936,0.003323,-0.051335,-0.038073,0.043183,0.022389,0.007178,0.001163,0.013798,20,0.021757
turnover_signal,2021-04-09,-0.102367,160,0.022599,-0.002688,0.022422,-0.006268,-0.020962,0.021835,0.012048,-0.016931,-0.006958,-0.016791,20,-0.03939
turnover_signal,2021-04-12,0.127912,160,-0.031489,0.02185,0.028168,0.031949,0.037512,0.003786,0.034097,0.034548,0.042375,0.025441,20,0.05693
turnover_signal,2021-04-13,0.019595,160,-0.001967,0.004534,0.028313,0.050827,0.013073,-0.018112,0.008061,0.032557,-0.02793,0.033059,20,0.035026
turnover_signal,2021-04-14,-0.002836,160,-0.008269,-0.056014,0.003241,-0.016774,-0.053064,-0.028047,-0.066563,0.020493,-1e-05,-0.024197,20,-0.015928
turnover_signal,2021-04-15,0.006,160,-0.035497,-0.04703,-0.012555,-0.000949,-0.04358,-0.063974,0.008421,-0.057478,-0.01982,-0.019212,20,0.016285
turnover_signal,2021-04-16,-0.028847,160,-0.054932,-0.055336,-0.010966,-0.034869,-0.010301,-0.0143,-0.061909,-0.045394,-0.020173,-0.077543,20,-0.022611
turnover_signal,2021-04-19,-0.008951,160,-0.040716,-0.033544,-0.036036,-0.037926,0.003072,-0.018164,0.001751,-0.046244,-0.010394,-0.056625,20,-0.015908
turnover_signal,2021-04-20,0.03988,160,-0.013663,-0.030189,-0.032715,-0.021799,-0.067854,-0.025322,-0.050067,-0.026635,-0.020456,0.008766,20,0.022429
turnover_signal,2021-04-21,-0.070134,160,-0.012173,-0.027575,0.006246,-0.020596,0.011977,-0.046387,-0.023034,-0.065084,0.008002,-0.015712,20,-0.003539
turnover_signal,2021-04-22,0.053847,160,-0.09321,-0.016526,-0.038916,-0.015398,-0.044945,-0.03434,-0.032029,-0.027445,-0.012126,-0.066172,20,0.027038
turnover_signal,2021-04-23,0.01077,160,-0.056049,-0.003181,-0.041024,-0.064203,-0.050879,-0.048053,-0.064179,-0.063501,-0.035928,-0.012162,20,0.043887
turnover_signal,2021-04-26,-0.083423,160,-0.092049,-0.047666,-0.058639,-0.067472,-0.045926,-0.065455,-0.075382,-0.091665,-0.069634,-0.092497,20,-0.000448
turnover_signal,2021-04-27,-0.086707,160,-0.03303,-0.074731,-0.068151,-0.079996,-0.059986,-0.050032,-0.065789,-0.086068,-0.053899,-0.074403,20,-0.041373
turnover_signal,2021-04-28,-0.050085,160,-0.065445,-0.056505,-0.041146,-0.071342,-0.011619,-0.064332,-0.0519,-0.075117,-0.077263,-0.060133,20,0.005311
turnover_signal,2021-04-29,0.033356,160,-0.060194,-0.071001,-0.094679,-0.056287,-0.037422,-0.042828,-0.071516,-0.046822,-0.072419,-0.065559,20,-0.005365
turnover_signal,2021-04-30,0.029588,160,-0.05287,-0.0341,-0.065707,-0.085351,-0.060232,-0.028399,-0.034792,-0.050229,-0.052993,-0.055983,20,-0.003113
turnover_signal,2021-05-03,-0.046566,160,-0.020633,-0.044465,-0.04557,-0.023118,-0.027906,-0.047512,-0.036941,-0.043535,-0.041394,-0.035743,20,-0.01511
turnover_signal,2021-05-04,-0.055452,160,-0.014558,-0.005277,-0.065371,-0.037404,-0.021933,-0.013134,-0.046984,-0.019745,-0.018717,-0.053232,20,-0.038674
turnover_signal,2021-05-05,-0.061371,160,-0.017902,-0.020559,-0.011293,-0.022737,-0.032676,-0.036289,-0.012343,-0.035695,-0.018326,-0.039048,20,-0.021147
turnover_signal,2021-05-06,0.044076,160,-0.034629,0.006301,-0.021237,-0.00393,-0.020192,-0.032206,-0.017277,-0.003084,0.006734,-0.025137,20,0.009492
turnover_signal,2021-05-07,0.164397,160,-0.002533,-0.037913,-0.025181,-0.026782,-0.022464,-0.002198,-9.3e-05,0.003063,0.004211,0.016931,20,0.019465
turnover_signal,2021-05-10,0.007571,160,-0.027386,0.002543,-0.031679,-0.034056,-0.005908,-0.031869,-0.002703,-0.031261,-0.020762,-0.017683,20,0.009703
turnover_signal,2021-05-11,-0.049848,160,-0.021772,-0.025405,-0.015998,-0.017852,-0.006945,-0.042252,-0.028555,-0.033928,-0.013282,-0.041846,20,-0.020074
turnover_signal,2021-05-12,0.020248,160,-0.006405,-0.033604,-0.02866,-0.015322,0.021629,0.009843,0.020832,-0.02508,-0.022564,-0.011607,20,-0.005202
turnover_signal,2021-05-13,0.024024,160,-0.026206,0.009668,0.022784,0.003516,0.005568,-0.008419,-0.012521,-0.013732,0.026212,-0.006158,20,0.020047
turnover_signal,2021-05-14,-0.111977,160,-0.001627,-0.005444,0.016624,0.014594,0.021899,-0.006798,0.041572,-0.04852,-0.019237,-0.019563,20,-0.017936
turnover_signal,2021-05-17,0.076313,160,0.004864,-0.000711,-0.01492,-0.010672,-0.021911,0.001056,0.01711,0.008344,0.014604,-0.003274,20,-0.008138
turnover_signal,2021-05-18,-0.010881,160,0.007781,-0.022211,0.017017,-0.035555,-0.041216,-0.016555,0.01062,-0.003062,-0.028942,-0.002425,20,-0.010206
turnover_signal,2021-05-19,0.000211,160,-0.011402,-0.000262,-0.016561,-0.031225,-0.001185,0.012826,0.002184,0.017038,-0.020285,-0.03203,20,-0.020628
turnover_signal,2021-05-20,0.041442,160,0.01997,0.001968,-0.014063,0.045915,0.005881,0.013862,0.011017,-0.001412,0.005363,0.031892,20,0.011921
turnover_signal,2021-05-21,-0.234994,160,0.079697,0.043188,0.006447,0.008562,0.047612,0.003551,0.032031,0.043567,0.000939,-0.008834,20,-0.088531
turnover_signal,2021-05-24,0.021247,160,0.074141,0.03369,0.039425,0.06354,0.081952,0.060634,0.01317,0.053366,0.066298,0.06375,20,-0.010391
turnover_signal,2021-05-25,-0.183224,160,0.049059,0.093425,0.064488,0.063036,0.064195,0.055808,0.035932,0.063403,0.011372,0.026545,20,-0.022514
turnover_signal,2021-05-26,0.033971,160,0.033375,0.044517,0.022644,0.03899,0.015181,0.023279,0.027125,0.059371,0.021665,0.058981,20,0.025606
turnover_signal,2021-05-27,0.011447,160,0.073699,0.030587,0.028261,0.056662,0.061222,0.017956,-0.004117,0.08918,0.052634,0.04665,20,-0.02705
turnover_signal,2021-05-28,-0.1575,160,0.061909,0.064991,0.027295,0.075434,0.049997,0.029728,-0.001321,0.045823,0.04058,0.00581,20,-0.056099
turnover_signal,2021-05-31,0.027297,160,0.069438,-0.006336,0.0735,0.053928,0.058852,0.073259,0.023803,0.054192,0.05604,0.041616,20,-0.027822
turnover_signal,2021-06-01,0.023588,160,0.028138,0.068765,0.068832,0.05394,0.026274,0.041238,0.042673,0.053641,0.045034,0.06482,20,0.036682
turnover_signal,2021-06-02,-0.058573,160,0.058447,0.062468,0.039573,0.083203,0.04838,0.085815,0.087065,0.027619,0.055256,0.05618,20,-0.002267
turnover_signal,2021-06-03,-0.019627,160,0.041927,0.069473,0.064299,0.073883,0.042134,0.02446,0.065832,0.074386,0.043204,0.047043,20,0.005117
turnover_signal,2021-06-04,0.135802,160,0.013838,0.028441,0.002957,0.020054,0.037282,0.026264,0.050689,0.054027,0.04286,0.030993,20,0.017155
turnover_signal,2021-06-07,-0.100442,160,0.002756,0.043998,-0.00266,0.082885,0.016422,0.015816,0.040728,-0.004585,-0.01909,0.030567,20,0.027811
turnover_signal,2021-06-08,0.001954,160,0.03038,0.015478,0.039789,0.050143,0.050694,-0.018732,0.030056,0.029075,0.065935,0.021563,20,-0.008817
turnover_signal,2021-06-09,0.037566,160,0.040331,0.028392,0.048475,0.042466,0.067983,0.010988,0.022854,0.030316,0.035891,0.061975,20,0.021644
turnover_signal,2021-06-10,0.094378,160,0.009347,0.018797,0.026941,0.016767,0.027961,0.026873,0.060125,0.045076,0.041685,0.003165,20,-0.006183
turnover_signal,2021-06-11,0.183845,160,0.023352,-0.002833,0.012295,0.007559,0.032307,0.016067,0.013366,0.065998,-0.003428,0.081088,20,0.057735
turnover_signal,2021-06-14,0.071461,160,0.027529,0.039779,-0.009478,0.029586,0.028896,0.029816,0.003975,0.020709,0.032554,0.053819,20,0.02629
turnover_signal,2021-06-15,0.013404,160,0.043951,0.04048,0.029734,0.045003,0.053468,0.073953,0.038241,0.038582,0.046776,0.043293,20,-0.000658
turnover_signal,2021-06-16,-0.053952,160,0.031358,0.06088,0.114138,0.052261,0.063028,0.026471,0.040396,0.09867,0.045924,0.02821,20,-0.003148
turnover_signal,2021-06-17,-0.10353,160,0.04471,0.025958,0.075106,0.076328,0.025988,-0.009135,0.011906,0.040865,0.067945,0.012449,20,-0.03226
turnover_signal,2021-06-18,0.082219,160,0.007192,0.02821,-0.033148,-0.004305,0.007679,0.007006,0.004598,0.053738,0.012032,0.025013,20,0.017821
turnover_signal,2021-06-21,0.17943,160,0.001668,0.016879,-0.01096,-0.025922,0.009304,0.017076,0.034685,0.026087,0.0473,0.011144,20,0.009476
turnover_signal,2021-06-22,0.059829,160,0.002126,-0.010422,0.014421,-0.013214,0.000145,-0.036225,-0.009846,0.018162,0.018312,0.028314,20,0.026188
turnover_signal,2021-06-23,-0.008397,160,0.021138,0.032336,-0.012708,0.026212,0.001926,0.017434,-0.026076,0.017669,0.013061,0.017908,20,-0.00323
turnover_signal,2021-06-24,0.297442,160,-0.02563,-0.016147,-0.025851,0.012089,-0.012755,0.016817,-0.017605,0.034574,0.01759,0.06085,20,0.08648
turnover_signal,2021-06-25,-0.022961,160,0.010288,-0.016228,-0.001399,-0.047265,0.019171,-0.009816,0.004983,-0.024209,-0.045501,0.002062,20,-0.008226
turnover_signal,2021-06-28,0.118276,160,-0.008894,-0.049044,-0.030482,-0.007906,-0.003025,0.002663,-0.000334,-0.008548,-0.007718,0.009503,20,0.018397
turnover_signal,2021-06-29,-0.0319,160,0.008598,-0.007492,-0.00727,-0.011816,0.021554,0.005188,0.00033,-0.000972,-0.007237,0.001635,20,-0.006963
turnover_signal,2021-06-30,0.132489,160,-0.025422,-0.024079,-0.030797,0.001725,0.005793,0.008461,-0.030129,-0.000676,0.039747,-0.012935,20,0.012486
turnover_signal,2021-07-01,-0.09487,160,0.00206,0.002708,0.027133,0.00915,-0.038128,-0.012784,0.001803,-0.034761,0.01836,-0.021879,20,-0.023939
turnover_signal,2021-07-02,-0.069328,160,0.010659,0.005386,0.020425,0.021762,0.020287,0.015489,-0.013361,0.008556,0.013662,-0.03013,20,-0.04079
turnover_signal,2021-07-05,-0.004166,160,0.01126,0.011395,-0.010251,0.051605,0.036537,-0.018474,0.008723,0.014857,0.048761,-0.013971,20,-0.025231
turnover_signal,2021-07-06,-0.00842,160,0.026117,0.005384,0.034213,0.032963,0.004641,0.005105,0.008414,0.020488,0.02607,0.025146,20,-0.000971
turnover_signal,2021-07-07,-0.07391,160,0.020492,0.034553,0.016725,-0.013296,0.013426,0.008294,0.016731,-0.001508,-0.011582,0.024058,20,0.003566
turnover_signal,2021-07-08,-0.018094,160,0.000864,0.006585,0.027564,0.067571,0.011567,-0.003991,0.053608,-0.025815,0.033217,0.018609,20,0.017746
turnover_signal,2021-07-09,-0.075826,160,0.019801,0.051346,0.069452,0.025745,0.007946,0.020522,0.011445,0.031865,0.038413,0.013225,20,-0.006577
turnover_signal,2021-07-12,0.02217,160,-0.045674,0.015705,-0.005807,0.014695,0.007386,-0.005905,-0.015805,0.016918,-0.008753,-0.009458,20,0.036216
turnover_signal,2021-07-13,-0.25675,160,0.007065,0.014432,0.021711,-0.03298,0.004649,-0.026482,-0.005071,-0.005878,-0.032818,-0.076837,20,-0.083902
turnover_signal,2021-07-14,-0.00704,160,-0.069361,-0.059181,-0.042239,-0.024229,-0.054005,-0.024152,-0.074432,-0.077341,-0.051837,-0.038438,20,0.030923
turnover_signal,2021-07-15,0.138026,160,-0.030705,-0.047663,-0.059292,-0.035809,-0.05883,-0.053146,-0.022489,-0.035336,-0.000274,-0.020416,20,0.010289
turnover_signal,2021-07-16,-0.066928,160,5.4e-05,0.007922,-0.024583,-0.021318,0.008708,-0.043003,0.011105,-0.04008,-0.006323,-0.021131,20,-0.021184
turnover_signal,2021-07-19,-0.063506,160,-0.0317,-0.018335,0.010878,-0.023343,-0.027786,-0.030446,-0.016057,-0.046832,-0.017109,-0.028931,20,0.002769
turnover_signal,2021-07-20,0.046877,160,-0.002628,0.01612,0.025909,0.007352,-0.001577,-0.004776,0.039461,0.009232,0.000598,0.039632,20,0.04226
turnover_signal,2021-07-21,-0.021253,160,0.011243,0.007584,0.035632,0.029118,0.013215,0.049805,0.02799,0.005933,-0.003684,0.021402,20,0.01016
turnover_signal,2021-07-22,-0.070072,160,0.004548,0.010815,0.031897,0.027458,0.01077,-0.036558,0.022588,-0.007852,-0.008275,0.009941,20,0.005393
turnover_signal,2021-07-23,-0.133986,160,0.055267,0.023326,0.067957,0.03788,0.043606,0.059218,0.031592,0.006556,0.03872,0.01695,20,-0.038317
turnover_signal,2021-07-26,0.074142,160,0.030935,0.010541,0.003373,-0.000829,0.014599,0.00512,0.01959,0.010935,0.044165,0.029602,20,-0.001333
turnover_signal,2021-07-27,0.08928,160,0.006812,0.001518,0.001462,-0.002368,0.029574,-0.006687,0.014963,0.016079,0.025745,0.020252,20,0.01344
turnover_signal,2021-07-28,0.055792,160,-0.00329,0.006614,-0.004171,0.01823,0.021091,0.007743,-0.003984,0.006074,0.006166,0.020599,20,0.02389
turnover_signal,2021-07-29,0.083165,160,-0.028311,-0.015305,-0.004826,0.019706,0.014051,-0.00101,-0.003298,0.002405,0.007906,0.000146,20,0.028457
turnover_signal,2021-07-30,0.068449,160,0.014438,-0.003459,0.005009,0.014625,-0.012952,0.009621,0.01807,0.009783,0.004571,0.036973,20,0.022535
turnover_signal,2021-08-02,-0.058458,160,0.026993,0.045738,0.038058,0.012277,-0.000289,-0.006666,0.014838,0.045696,0.044494,0.007554,20,-0.019439
turnover_signal,2021-08-03,-0.099742,160,0.026695,0.041781,0.041236,0.046815,0.046027,0.032396,0.03479,0.026294,0.027586,0.012062,20,-0.014633
turnover_signal,2021-08-04,-0.022431,160,0.015715,0.030478,0.059812,0.03465,0.066219,-0.01225,0.033341,0.02046,0.027325,0.026644,20,0.010929
turnover_signal,2021-08-05,-0.092095,160,0.073037,0.034315,0.071253,0.053376,0.052706,0.048305,0.087001,0.022808,0.042285,0.029468,20,-0.04357
turnover_signal,2021-08-06,-0.057946,160,0.061849,0.041827,0.02448,0.040211,0.026668,0.062369,0.03213,0.029188,0.057946,0.008443,20,-0.053406
turnover_signal,2021-08-09,-0.053686,160,0.052255,0.045654,0.017447,0.051662,0.046089,0.020652,0.009783,0.01873,0.065875,0.038783,20,-0.013472
turnover_signal,2021-08-10,0.01416,160,0.055072,0.051312,0.043134,0.073497,0.073526,0.049506,0.071133,0.029518,0.062479,0.065013,20,0.009942
turnover_signal,2021-08-11,-0.045333,160,0.054562,0.060614,0.137682,0.112563,0.069181,0.070359,0.048228,0.089421,0.052629,0.079168,20,0.024605
turnover_signal,2021-08-12,-0.084147,160,0.075262,0.123727,0.082158,0.06916,0.033222,0.051172,0.060914,0.086593,0.073429,0.063548,20,-0.011714
turnover_signal,2021-08-13,0.024648,160,0.05807,0.069316,0.112428,0.105415,0.106187,0.069759,0.082881,0.074432,0.089219,0.090634,20,0.032564
turnover_signal,2021-08-16,0.009759,160,0.081066,0.097246,0.110037,0.092216,0.067482,0.102949,0.076915,0.11738,0.139049,0.058005,20,-0.023061
turnover_signal,2021-08-17,-0.042673,160,0.051378,0.085092,0.078325,0.071436,0.118525,0.077594,0.061494,0.085967,0.086316,0.053036,20,0.001658
turnover_signal,2021-08-18,0.075507,160,0.056701,0.044573,0.083086,0.072397,0.087844,0.092633,0.086539,0.080302,0.059874,0.070931,20,0.01423
turnover_signal,2021-08-19,0.170966,160,0.09265,0.052192,0.045817,0.033806,0.07543,0.10764,0.06281,0.089368,0.090484,0.121603,20,0.028953
turnover_signal,2021-08-20,0.058148,160,0.033758,0.057857,0.05217,0.078656,0.055338,0.043604,0.058357,0.077318,0.046574,0.07489,20,0.041132
turnover_signal,2021-08-23,-0.090663,160,0.080537,0.123557,0.096355,0.069961,0.092091,0.042983,0.072532,0.048007,0.05441,0.11644,20,0.035903
turnover_signal,2021-08-24,0.139327,160,0.056534,0.086951,0.071314,0.070724,0.068765,0.077734,0.07935,0.104947,0.073966,0.110032,20,0.053498
turnover_signal,2021-08-25,0.017339,160,0.062267,0.086875,0.067756,0.081565,0.06068,0.064305,0.063595,0.0717,0.084532,0.077454,20,0.015187
turnover_signal,2021-08-26,-0.026682,160,0.03965,0.066178,0.028165,0.062521,0.038252,0.071418,0.014102,0.06945,0.042728,0.030617,20,-0.009034
turnover_signal,2021-08-27,-0.055865,160,0.036686,0.062816,0.012927,0.029676,0.082465,0.057462,0.015145,0.019033,0.060471,0.021965,20,-0.014721
turnover_signal,2021-08-30,0.076576,160,0.051019,0.011076,0.012511,0.06408,0.019505,0.014973,0.051511,0.066463,0.033624,0.047903,20,-0.003116
turnover_signal,2021-08-31,0.002933,160,0.007007,0.018247,0.058637,0.038591,0.053242,0.01208,0.037288,0.014168,0.000909,0.042946,20,0.035939
turnover_signal,2021-09-01,0.017892,160,0.06396,0.044329,0.003597,0.042119,0.049387,0.016886,0.041612,0.034788,0.031285,0.062411,20,-0.001549
turnover_signal,2021-09-02,0.064043,160,0.030713,0.044334,0.048398,-0.011273,0.010924,0.024221,0.048553,0.016021,0.045094,0.033938,20,0.003225
turnover_signal,2021-09-03,-0.152704,160,0.066801,0.073688,0.009791,0.061705,0.036276,0.040441,0.036815,0.032397,0.007873,0.01868,20,-0.048121
turnover_signal,2021-09-06,0.046997,160,0.009548,0.052496,0.01726,0.034615,0.082635,0.044796,0.048176,0.056125,0.055251,0.017446,20,0.007898
turnover_signal,2021-09-07,-0.022545,160,0.018032,0.020788,0.022595,0.010818,-0.015623,0.035474,-0.015423,0.025379,0.007678,0.007377,20,-0.010655
turnover_signal,2021-09-08,-0.093376,160,0.031013,0.039515,0.019505,0.006724,0.018196,0.054494,-0.006608,0.01822,-0.015008,0.022676,20,-0.008337
turnover_signal,2021-09-09,0.034132,160,0.028644,0.022964,-0.005824,0.035303,0.016551,0.018105,-0.020987,0.011395,0.030216,0.045444,20,0.0168
turnover_signal,2021-09-10,0.136464,160,-0.007366,-0.00012,-0.002186,-0.018882,0.003941,0.005472,-0.020493,-0.003237,0.039492,0.013628,20,0.020995
turnover_signal,2021-09-13,0.02737,160,-0.014311,-0.020284,-0.00186,-0.036237,0.015161,-0.00736,-0.017637,0.007787,0.013306,-0.026954,20,-0.012643
turnover_signal,2021-09-14,-0.1734,160,0.006954,-0.001867,0.029794,-0.003198,-0.013315,-0.017055,-0.02463,-0.047758,-0.011295,-0.023363,20,-0.030317
turnover_signal,2021-09-15,0.103501,160,-0.014014,0.003486,-0.048079,-0.048185,0.002046,-0.025359,-0.018401,0.005697,0.017737,-0.0064,20,0.007614
turnover_signal,2021-09-16,0.066023,160,-0.015471,-0.022319,-0.006604,0.00932,-0.007474,0.016245,-0.024868,0.004255,0.007838,0.003919,20,0.01939
turnover_signal,2021-09-17,0.088055,160,0.00675,-0.056159,-0.037407,0.011423,0.024197,-0.03055,0.002803,-0.000377,-0.009288,0.004163,20,-0.002587
turnover_signal,2021-09-20,-0.008769,160,0.002213,0.002034,-0.039851,-0.030807,-0.006126,-0.012258,0.004536,0.013843,-0.036769,-0.024418,20,-0.026631
turnover_signal,2021-09-21,-0.023087,160,-0.029872,0.006416,-0.02463,-0.028384,-0.029901,-0.017311,-0.041451,-0.011492,-0.03459,-0.01365,20,0.016222
turnover_signal,2021-09-22,-0.088583,160,0.009655,-0.010954,-0.001164,-0.027269,0.010039,-0.041641,-0.004108,-0.016891,-0.016529,-0.02472,20,-0.034374
turnover_signal,2021-09-23,-0.049039,160,0.060433,0.013943,0.026984,-0.002479,0.013675,0.014021,0.038077,0.053113,0.021122,0.017692,20,-0.042741
turnover_signal,2021-09-24,0.032796,160,0.033369,-0.000115,0.028514,0.034122,0.000964,0.036237,0.001449,0.037282,0.024507,0.032725,20,-0.000644
turnover_signal,2021-09-27,0.059873,160,-0.018538,0.055858,-0.005524,0.014186,0.004388,0.036116,0.048879,0.004199,0.035061,0.004484,20,0.023022
turnover_signal,2021-09-28,0.036034,160,0.023449,0.031302,0.039986,0.003452,-0.00065,0.009026,0.044326,0.042084,0.03276,0.015365,20,-0.008085
turnover_signal,2021-09-29,-0.164503,160,0.052147,0.040248,0.046746,0.045871,0.048941,-0.005997,-0.003835,0.033896,-0.024461,0.02341,20,-0.028737
turnover_signal,2021-09-30,-0.015827,160,-0.016856,0.034114,0.041082,-0.003004,-0.017969,-0.00838,0.068648,-0.006279,0.020377,-0.013466,20,0.003389
turnover_signal,2021-10-01,0.035451,160,0.013994,-0.004468,-0.004371,-0.030978,0.02007,0.014791,0.028027,0.032463,-0.004465,-0.001387,20,-0.015381
turnover_signal,2021-10-04,0.085515,160,0.039011,-0.009114,0.012491,0.018695,0.018683,0.027304,0.022434,0.021642,0.026518,0.039152,20,0.000141
turnover_signal,2021-10-05,-0.106908,160,0.072058,0.05155,-0.002553,0.041494,-0.000556,0.041581,0.025682,0.026974,0.017689,0.025948,20,-0.04611
turnover_signal,2021-10-06,0.102654,160,-0.004493,0.026037,0.032007,0.009213,0.015717,0.040147,0.012888,0.025628,0.047719,0.012691,20,0.017184
turnover_signal,2021-10-07,0.000908,160,0.002411,0.005839,0.003416,4e-06,0.008065,0.04032,0.030492,-0.014967,0.012002,-0.016287,20,-0.018698
turnover_signal,2021-10-08,-0.045617,160,0.035148,-0.007087,-0.01559,-0.04158,0.003658,-0.010202,-0.022406,-0.005975,0.011479,0.015702,20,-0.019446
turnover_signal,2021-10-11,-0.00709,160,-0.048441,-0.008742,-0.026724,-0.009913,-0.029101,-0.008954,-0.005859,0.000729,-0.023592,-0.039253,20,0.009189
turnover_signal,2021-10-12,0.005807,160,-0.0379,-0.002221,-0.049016,-0.06951,-0.020785,-0.019999,-0.02945,-0.017463,-0.034548,-0.034383,20,0.003517
turnover_signal,2021-10-13,-0.074279,160,-0.013103,-0.049782,-0.026623,-0.054934,-0.003923,-0.049432,-0.06393,-0.053587,-0.006347,-0.06838,20,-0.055278
turnover_signal,2021-10-14,0.074036,160,-0.014139,-0.078373,-0.05779,-0.057277,-0.035267,-0.043217,-0.045222,-0.04748,-0.031817,-0.032893,20,-0.018754
turnover_signal,2021-10-15,-0.044094,160,-0.049075,-0.0572,-0.022968,-0.013335,-0.035798,-0.062309,-0.055602,-0.046028,-0.060741,-0.031961,20,0.017114
turnover_signal,2021-10-18,0.022855,160,-0.047692,-0.055099,-0.0472,-0.08086,-0.077289,-0.021094,-0.036574,-0.05332,-0.052917,-0.060454,20,-0.012761
turnover_signal,2021-10-19,0.017992,160,-0.065686,-0.040146,-0.085721,-0.028267,-0.063489,-0.082612,-0.025086,-0.039152,-0.087101,-0.048147,20,0.017539
turnover_signal,2021-10-20,0.02437,160,-0.072018,-0.071422,-0.081032,-0.084881,-0.078039,-0.037781,-0.074689,-0.076185,-0.057948,-0.076541,20,-0.004523
turnover_signal,2021-10-21,-0.012748,160,-0.073219,-0.081436,-0.111287,-0.087007,-0.092417,-0.066813,-0.10284,-0.078183,-0.096967,-0.076104,20,-0.002885
turnover_signal,2021-10-22,0.024522,160,-0.092904,-0.081548,-0.081901,-0.115977,-0.098218,-0.068388,-0.099708,-0.066493,-0.090297,-0.085987,20,0.006918
turnover_signal,2021-10-25,-0.01319,160,-0.08612,-0.094738,-0.072532,-0.103558,-0.072672,-0.096652,-0.069083,-0.104414,-0.083204,-0.077392,20,0.008728
turnover_signal,2021-10-26,0.072155,160,-0.084898,-0.086288,-0.102748,-0.06061,-0.071233,-0.077375,-0.066754,-0.081362,-0.057719,-0.08605,20,-0.001151
turnover_signal,2021-10-27,-0.18766,160,-0.049836,-0.063957,-0.04155,-0.054727,-0.069102,-0.108904,-0.090405,-0.060542,-0.077323,-0.096414,20,-0.046577
turnover_signal,2021-10-28,0.184273,160,-0.078376,-0.036146,-0.062409,-0.03818,-0.076317,-0.046363,-0.036834,-0.034906,-0.025545,-0.029053,20,0.049323
turnover_signal,2021-10-29,0.057081,160,-0.064927,-0.043273,-0.028826,-5.3e-05,-0.031406,0.018595,-0.030846,-0.025564,-0.043354,-0.038616,20,0.02631
turnover_signal,2021-11-01,-0.166917,160,-0.020798,-0.026651,-0.045599,-0.044356,-0.053376,-0.015969,-0.036557,-0.060145,-0.065421,-0.080375,20,-0.059576
turnover_signal,2021-11-02,0.004793,160,-0.040412,-0.036463,-0.038828,-0.02314,-0.036637,-0.02812,-0.050638,-0.020786,-0.025504,-0.047454,20,-0.007042
turnover_signal,2021-11-03,0.136051,160,-0.027409,-0.049827,-0.035816,-0.033345,-0.000694,-0.009235,-0.021383,-0.033486,-0.025135,0.007952,20,0.035361
turnover_signal,2021-11-04,-0.066559,160,0.007844,-0.009869,-0.009363,-0.007432,-0.018356,0.009109,0.003565,-0.019747,-0.00749,-0.017132,20,-0.024976
turnover_signal,2021-11-05,-0.016536,160,0.018557,0.003371,0.02315,0.039852,0.058675,0.050557,0.006977,-0.000342,0.001717,0.043098,20,0.024541
turnover_signal,2021-11-08,-0.074804,160,0.076833,0.039405,0.080866,0.057594,0.106479,0.07822,0.045077,0.049803,0.044945,0.048899,20,-0.027934
turnover_signal,2021-11-09,-0.133394,160,0.100019,0.102748,0.056959,0.118413,0.077054,0.095904,0.07334,0.069271,0.089615,0.036982,20,-0.063037
turnover_signal,2021-11-10,-0.093982,160,0.103482,0.102302,0.085711,0.100251,0.09531,0.101651,0.129287,0.046091,0.112956,0.063113,20,-0.040368
turnover_signal,2021-11-11,-0.10748,160,0.097668,0.111747,0.087647,0.059413,0.105142,0.094671,0.100957,0.076538,0.100909,0.038219,20,-0.059449
turnover_signal,2021-11-12,-0.05344,160,0.055821,0.099663,0.097411,0.053514,0.077408,0.082291,0.078982,0.090763,0.072082,0.031359,20,-0.024462
turnover_signal,2021-11-15,-0.007137,160,0.112337,0.091846,0.029748,0.08316,0.086201,0.089732,0.066585,0.090855,0.076241,0.095472,20,-0.016865
turnover_signal,2021-11-16,-0.075946,160,0.105129,0.065155,0.115571,0.091906,0.089282,0.079453,0.088378,0.091136,0.091457,0.07189,20,-0.033239
turnover_signal,2021-11-17,-0.007283,160,0.100117,0.083413,0.07591,0.094498,0.072309,0.073748,0.08438,0.094132,0.071225,0.083952,20,-0.016165
turnover_signal,2021-11-18,-0.00511,160,0.118531,0.081388,0.089827,0.110687,0.033791,0.106866,0.086058,0.113569,0.082476,0.112937,20,-0.005594
turnover_signal,2021-11-19,0.034947,160,0.079697,0.092188,0.084171,0.086677,0.132473,0.088099,0.144273,0.106077,0.061654,0.099788,20,0.020091
turnover_signal,2021-11-22,-0.014242,160,0.104324,0.094383,0.132374,0.128656,0.097515,0.0959,0.086631,0.112969,0.109566,0.121369,20,0.017045
turnover_signal,2021-11-23,0.12142,160,0.079089,0.096719,0.082803,0.093667,0.070051,0.079446,0.112185,0.096012,0.109718,0.125257,20,0.046168
turnover_signal,2021-11-24,0.029834,160,0.079019,0.050196,0.093533,0.084008,0.051489,0.079843,0.066394,0.122447,0.100444,0.055171,20,-0.023848
turnover_signal,2021-11-25,0.032196,160,0.038699,0.080597,0.064801,0.057888,0.044052,0.082691,0.073303,0.055144,0.084394,0.044434,20,0.005735
turnover_signal,2021-11-26,-0.03366,160,0.048411,0.034753,0.06195,0.039666,0.060463,0.05085,0.04869,0.052413,0.052199,0.023262,20,-0.025149
turnover_signal,2021-11-29,0.077701,160,0.03898,0.062173,0.046585,0.018944,0.054844,0.026658,0.020594,0.043951,0.081516,0.085561,20,0.04658
turnover_signal,2021-11-30,0.023131,160,0.023394,0.048618,0.076046,0.04491,0.06555,0.045951,0.056021,0.046293,0.054993,0.027066,20,0.003672
turnover_signal,2021-12-01,0.052098,160,0.058728,0.031553,0.07363,0.08514,0.070039,0.021373,0.03547,0.069896,0.063201,0.093843,20,0.035115
turnover_signal,2021-12-02,0.011538,160,0.059606,0.053575,0.068885,0.102123,0.054257,0.036134,0.046101,0.081915,0.098462,0.065814,20,0.006208
turnover_signal,2021-12-03,-0.050885,160,0.056796,0.027056,0.020361,0.063488,0.027316,0.021755,0.022185,0.030023,0.026212,0.030996,20,-0.025799
turnover_signal,2021-12-06,-0.003648,160,0.038706,-0.001065,-0.009616,0.00202,0.023309,0.01457,-0.005983,-0.013744,0.011959,0.021676,20,-0.01703
turnover_signal,2021-12-07,0.04564,160,-0.011264,-0.036601,-0.025416,-0.018242,-0.025493,-0.005819,-0.01017,-0.018998,-0.024421,-0.013037,20,-0.001772
turnover_signal,2021-12-08,-0.050346,160,-0.012788,-0.039592,-0.054178,-0.062499,-0.039009,-0.043836,-0.02276,-0.039898,-0.045588,-0.050105,20,-0.037317
turnover_signal,2021-12-09,-0.152889,160,-0.005251,0.003433,-0.025293,-0.017401,-0.022467,-0.046258,-0.041467,-0.043024,-0.005102,-0.046196,20,-0.040945
turnover_signal,2021-12-10,0.208379,160,-0.020881,-0.030883,-0.033309,-0.049727,-0.012502,-0.028752,-0.003331,0.00805,0.040661,-0.003547,20,0.017334
turnover_signal,2021-12-13,0.098506,160,-0.048512,-0.017978,-0.045733,-0.023108,-0.023433,-0.010244,-0.045613,-0.0123,-0.016896,-0.008314,20,0.040198
turnover_signal,2021-12-14,0.001049,160,-0.032791,-0.068221,-0.051194,-0.037378,-0.042908,-0.030827,-0.041925,-0.048943,-0.029288,-0.05942,20,-0.026628
turnover_signal,2021-12-15,-0.072782,160,-0.045737,-0.024171,-0.035768,-0.033643,-0.04526,-0.014532,-0.078932,-0.054392,-0.040617,-0.033459,20,0.012278
turnover_signal,2021-12-16,0.061406,160,-0.059695,-0.054,-0.023812,0.005898,-0.053716,-0.025605,-0.03473,-0.071141,-0.02852,-0.007906,20,0.051789
turnover_signal,2021-12-17,-0.097999,160,-0.03877,-0.033057,-0.008896,-0.04603,-0.033121,-0.04784,-0.027764,-0.01729,-0.082975,-0.04042,20,-0.00165
turnover_signal,2021-12-20,0.012759,160,-0.050217,-0.017932,-0.049365,-0.043803,-0.028688,-0.036928,-0.042382,-0.042711,-0.0287,-0.03798,20,0.012237
turnover_signal,2021-12-21,-0.106563,160,-0.020221,-0.00094,0.00165,-0.034174,-0.050244,-0.034418,-0.031792,-0.018312,-0.018609,-0.044954,20,-0.024733
turnover_signal,2021-12-22,0.03526,160,-0.044501,-0.023428,-0.023655,-0.012758,-0.03738,-0.024781,-0.026538,-0.046694,-0.014703,-0.028195,20,0.016306
turnover_signal,2021-12-23,-0.026887,160,-0.007009,-0.025758,-0.022003,-0.043651,-0.02466,-0.024499,-0.04828,-0.034672,-0.013806,-0.013157,20,-0.006148
turnover_signal,2021-12-24,-0.074645,160,-0.023156,-0.035836,-0.02644,-0.03384,-0.036457,-0.032325,-0.027389,-0.034152,-0.033825,-0.033135,20,-0.009978
turnover_signal,2021-12-27,0.044026,160,-0.029843,-0.034994,-0.00047,-0.026,-0.034867,-0.02187,-0.0102,-0.029618,-0.018777,-0.016945,20,0.012898
turnover_signal,2021-12-28,-0.089204,160,-0.01312,-0.026348,-0.021225,-0.024862,-0.022278,-0.043956,-0.058154,-0.036633,-0.024251,-0.039096,20,-0.025976
turnover_signal,2021-12-29,-0.023301,160,-0.033866,-0.032805,-0.056438,-0.048896,-0.048853,-0.01749,-0.027078,-0.035001,-0.028343,-0.054787,20,-0.020921
turnover_signal,2021-12-30,0.128938,160,-0.074003,-0.074994,-0.045429,-0.063083,-0.052108,-0.057096,-0.042644,-0.061181,-0.041809,-0.031606,20,0.042398
turnover_signal,2021-12-31,-0.149364,160,-0.023206,-0.0246,-0.010373,-0.02633,-0.030083,-0.049627,-0.040882,-0.037222,-0.029111,-0.071646,20,-0.04844
turnover_signal,2022-01-03,-0.091246,160,0.010621,-0.010681,0.000863,-0.046175,-0.013883,-0.052103,-0.028076,-0.008295,-0.016774,-0.036667,20,-0.047288
turnover_signal,2022-01-04,0.042869,160,-0.019267,0.022387,-0.013589,-0.023705,-0.027241,-0.004271,0.003105,0.013053,-0.006465,0.005897,20,0.025165
turnover_signal,2022-01-05,0.025642,160,0.047967,-0.026305,0.016251,0.01367,0.018078,-0.002807,0.020242,0.027984,0.012738,0.00434,20,-0.043628
turnover_signal,2022-01-06,0.262727,160,-0.023741,-0.009008,-0.031593,-0.033782,-0.021578,-0.039192,0.024953,0.022421,0.041948,0.020633,20,0.044375
turnover_signal,2022-01-07,-0.112997,160,0.02812,0.009439,0.058124,0.011774,0.035303,-0.008254,-0.024501,0.005711,0.015852,0.025646,20,-0.002474
turnover_signal,2022-01-10,-0.013615,160,0.034811,0.009681,0.038585,0.037016,0.077449,0.036925,0.032726,0.024198,0.031089,0.021203,20,-0.013607
turnover_signal,2022-01-11,-0.032368,160,0.040833,0.073649,0.050528,0.073626,0.049441,0.04958,0.066692,0.056315,0.055851,0.039075,20,-0.001758
turnover_signal,2022-01-12,0.0075,160,0.109283,0.035504,0.105032,0.035871,0.039192,0.046171,0.090802,0.07668,0.042335,0.086311,20,-0.022972
turnover_signal,2022-01-13,0.121543,160,0.069612,0.059768,0.063262,0.063778,0.03916,0.049077,0.075565,0.061327,0.087206,0.109087,20,0.039475
turnover_signal,2022-01-14,-0.029386,160,0.053389,0.065023,0.077265,0.047301,0.067411,0.086889,0.050083,0.054207,-0.000822,0.092873,20,0.039484
turnover_signal,2022-01-17,-0.036397,160,0.047715,0.079363,0.064387,0.043033,0.06248,0.043623,0.070573,0.025778,0.061193,0.052162,20,0.004447
turnover_signal,2022-01-18,0.058863,160,0.047714,0.039728,0.034683,0.016933,-0.017722,0.04085,0.054857,0.039572,0.050349,0.050928,20,0.003213
turnover_signal,2022-01-19,-0.031062,160,0.054197,0.037051,0.050199,0.054125,0.059841,0.046287,0.040678,0.018783,0.031465,0.04246,20,-0.011737
turnover_signal,2022-01-20,0.088257,160,0.035169,0.005642,2.3e-05,0.053293,0.038166,0.048319,0.018887,0.025045,0.028553,0.069369,20,0.0342
turnover_signal,2022-01-21,-0.01341,160,0.037389,0.029257,0.061306,0.021617,0.054622,0.051579,0.073127,0.066401,0.02458,0.026374,20,-0.011015
turnover_signal,2022-01-24,0.075609,160,0.045072,0.044944,0.039958,0.008166,0.043144,0.026923,0.078156,0.067588,0.054404,0.047505,20,0.002433
turnover_signal,2022-01-25,-0.043332,160,0.074569,0.028797,0.058986,0.063001,0.028243,0.069421,0.013604,0.040045,0.069184,0.05024,20,-0.024329
turnover_signal,2022-01-26,0.003097,160,0.05493,0.087204,0.068522,0.056087,0.09488,0.054254,0.056746,0.045371,0.068851,0.07557,20,0.02064
turnover_signal,2022-01-27,-0.044606,160,0.087579,0.090471,0.060717,0.082603,0.051631,0.09741,0.106339,0.110739,0.078541,0.047291,20,-0.040289
turnover_signal,2022-01-28,0.028024,160,0.044346,0.094246,0.087287,0.070986,0.081228,0.072248,0.100595,0.065368,0.057296,0.085219,20,0.040873
turnover_signal,2022-01-31,0.046783,160,0.059512,0.02853,0.086302,0.056863,0.076379,0.058029,0.059862,0.069219,0.065802,0.072221,20,0.012709
turnover_signal,2022-02-01,-0.130326,160,0.074648,0.078374,0.052606,0.063355,0.058315,0.047772,0.060342,0.026988,0.050856,0.036817,20,-0.037832
turnover_signal,2022-02-02,0.010667,160,0.091355,0.073457,0.053577,0.038674,0.050427,0.077344,0.053294,0.057887,0.085034,0.065138,20,-0.026217
turnover_signal,2022-02-03,-0.065135,160,0.13296,0.076661,0.071802,0.07896,0.096845,0.104603,0.099527,0.091926,0.077726,0.105959,20,-0.027001
turnover_signal,2022-02-04,-0.045752,160,0.070178,0.078959,0.100727,0.07197,0.072529,0.049047,0.077828,0.057398,0.089316,0.051009,20,-0.019169
turnover_signal,2022-02-07,-0.079972,160,0.067321,0.093454,0.072459,0.090763,0.084496,0.098934,0.040836,0.073721,0.065551,0.070938,20,0.003617
turnover_signal,2022-02-08,-0.055177,160,0.060214,0.098512,0.076379,0.052726,0.127674,0.085025,0.082789,0.066333,0.057865,0.068458,20,0.008245
turnover_signal,2022-02-09,0.041788,160,0.046081,0.072948,0.07816,0.039484,0.044477,0.037598,0.05271,0.056453,0.102904,0.064765,20,0.018684
turnover_signal,2022-02-10,0.097665,160,0.038054,0.033359,0.042797,0.047525,0.062322,0.065999,0.066408,0.015354,0.049733,0.088174,20,0.05012
turnover_signal,2022-02-11,0.033939,160,0.062448,0.011644,0.050043,0.037367,0.046268,0.092693,0.058463,0.04499,0.043727,0.036173,20,-0.026274
turnover_signal,2022-02-14,-0.078935,160,0.037202,0.024594,0.054884,0.067198,0.049763,0.056922,0.054651,0.044846,0.014255,0.011332,20,-0.02587
turnover_signal,2022-02-15,0.040343,160,0.090864,0.056766,0.054514,0.009892,0.057987,0.026495,0.044388,0.072038,0.046234,0.08801,20,-0.002854
turnover_signal,2022-02-16,0.133362,160,0.027395,0.016538,0.016564,0.04769,0.057851,0.044194,-0.003543,0.047486,0.086278,0.0395,20,0.012104
turnover_signal,2022-02-17,0.016876,160,0.052622,0.046062,0.049025,0.008729,0.066687,0.060964,0.053248,0.009205,0.072506,0.033363,20,-0.019259
turnover_signal,2022-02-18,-0.028176,160,0.092371,0.016456,0.04797,0.006465,0.0428,0.032998,0.034105,0.030877,0.060657,0.015519,20,-0.076852
turnover_signal,2022-02-21,-0.013117,160,0.033777,0.027272,0.058842,0.064406,0.014944,0.018623,0.033579,0.01392,0.022369,0.053848,20,0.020071
turnover_signal,2022-02-22,0.036611,160,0.038658,-0.002638,0.034965,0.004007,0.03667,0.033225,0.027675,0.005072,0.056484,0.009764,20,-0.028893
turnover_signal,2022-02-23,0.197642,160,-0.046825,-0.003512,0.005637,0.008856,-0.003329,-0.009048,-0.012446,0.009124,0.024558,0.025367,20,0.072192
turnover_signal,2022-02-24,0.005063,160,0.013831,0.005116,-0.006559,0.008707,1e-05,-0.016016,-0.020648,0.003606,-0.020632,0.035233,20,0.021402
turnover_signal,2022-02-25,0.017013,160,-0.015715,-0.007399,0.01058,-0.023727,-0.013401,-0.029707,0.007898,0.013517,-0.041203,-0.003879,20,0.011836
turnover_signal,2022-02-28,-0.056402,160,-0.029681,-0.018886,-0.02279,0.015434,0.001078,-0.012234,0.007826,-0.018013,-0.045276,-0.017684,20,0.011997
turnover_signal,2022-03-01,-0.018821,160,-0.002168,-0.006895,0.008389,0.010858,0.017142,-0.011713,-0.002946,-0.035484,-0.028411,0.031629,20,0.033797
turnover_signal,2022-03-02,0.115912,160,-0.024456,-0.034565,0.021174,-0.029808,-0.011565,0.009147,-0.036992,-0.006745,-0.006561,0.032949,20,0.057406
turnover_signal,2022-03-03,0.044158,160,-0.019007,-0.049419,-0.036231,-0.029051,-0.062142,-0.032352,-0.028976,-0.036163,0.007107,-0.027991,20,-0.008985
turnover_signal,2022-03-04,-0.092599,160,-0.017093,-0.04479,-0.018973,-0.044586,-0.041211,-0.036303,-0.034123,-0.024273,-0.055628,-0.042403,20,-0.02531
turnover_signal,2022-03-07,-0.045699,160,-0.023494,-0.047069,-0.052335,-0.080587,-0.075655,-0.043684,-0.048675,-0.071366,-0.02568,-0.05632,20,-0.032827
turnover_signal,2022-03-08,-0.035703,160,-0.058521,-0.08422,-0.053719,-0.028085,-0.064584,-0.066989,-0.075791,-0.049208,-0.070216,-0.080671,20,-0.02215
turnover_signal,2022-03-09,0.04252,160,-0.043869,-0.030579,-0.047954,-0.075776,-0.050511,-0.06113,-0.048139,-0.021105,-0.049368,-0.035918,20,0.007951
turnover_signal,2022-03-10,-0.02846,160,-0.055795,-0.030046,-0.049864,-0.038193,-0.063197,-0.048287,-0.050197,-0.009104,-0.055032,-0.061498,20,-0.005703
turnover_signal,2022-03-11,0.068446,160,-0.045235,-0.015513,-0.012429,-0.03658,-0.038262,-0.03384,-0.003341,0.002155,-0.003013,-0.039859,20,0.005376
turnover_signal,2022-03-14,-0.162071,160,-0.022458,0.004973,-0.013905,-0.000712,-0.03662,-0.016904,-0.030426,-0.029663,-0.041084,-0.039136,20,-0.016679
turnover_signal,2022-03-15,-0.001415,160,-0.049768,-0.0242,-0.005704,-0.005886,-0.010315,-0.028358,-0.018869,-0.035866,-0.047981,-0.005232,20,0.044536
turnover_signal,2022-03-16,-0.03509,160,0.01842,0.008303,-0.04507,-0.017089,-0.009777,0.018442,-0.017566,-0.004185,-0.048212,0.016142,20,-0.002278
turnover_signal,2022-03-17,-0.07045,160,0.009102,-0.018442,0.007814,-0.062751,0.002826,-0.012555,-0.027043,-0.023251,-0.018891,-0.025883,20,-0.034985
turnover_signal,2022-03-18,-0.087165,160,-0.006441,-0.029345,-0.018037,-0.012271,-0.050362,-0.038536,-0.056779,-0.042004,-0.025554,-0.038912,20,-0.032471
turnover_signal,2022-03-21,-0.005048,160,-0.040845,0.000601,-0.027652,-0.059939,-0.039069,-0.020075,-0.049503,-0.019365,-0.014443,-0.044221,20,-0.003376
turnover_signal,2022-03-22,0.002968,160,0.011099,-0.022837,-0.008014,-0.057347,-0.013606,-0.012168,-0.038767,-0.020371,0.001054,-0.009056,20,-0.020155
turnover_signal,2022-03-23,0.042172,160,-0.015617,-0.027926,-0.031618,-0.026805,-0.035893,-0.014619,-0.015428,-0.008861,-0.035796,-0.008382,20,0.007235
turnover_signal,2022-03-24,0.004453,160,-0.038861,-0.019802,-0.021338,-0.029643,-0.037795,-0.072303,-0.042333,-0.050525,-0.011111,-0.021982,20,0.01688
turnover_signal,2022-03-25,-0.006563,160,-0.054782,-0.067341,-0.023053,-0.067991,-0.089406,-0.042009,-0.022699,-0.028784,-0.064435,-0.071639,20,-0.016857
turnover_signal,2022-03-28,0.074812,160,-0.088847,-0.074238,-0.017409,-0.059386,-0.053385,-0.044467,-0.047619,-0.039168,-0.048481,-0.0631,20,0.025747
turnover_signal,2022-03-29,0.023154,160,-0.045362,-0.059011,-0.021692,-0.065864,-0.099438,-0.034752,-0.079718,-0.068055,-0.032573,-0.029879,20,0.015483
turnover_signal,2022-03-30,-0.056041,160,-0.039727,-0.046406,-0.052287,-0.073615,-0.017107,-0.045818,-0.054047,-0.101091,-0.04846,-0.045304,20,-0.005577
turnover_signal,2022-03-31,0.193007,160,-0.027205,-0.070027,-0.054781,-0.060321,-0.054476,-0.045852,-0.0368,-0.032029,0.0124,-0.022176,20,0.005028
turnover_signal,2022-04-01,0.10353,160,-0.045817,-0.075016,-0.041525,-0.034132,-0.030054,-0.044294,-0.002487,-0.046289,-0.034831,-0.040247,20,0.00557
turnover_signal,2022-04-04,-0.026365,160,-0.046591,-0.047887,-0.032088,-0.047817,-0.024556,0.004049,-0.03048,-0.06073,-0.055304,-0.055007,20,-0.008416
turnover_signal,2022-04-05,-0.020916,160,-0.039213,-0.00385,0.000218,-0.062392,-0.002315,-0.041806,-0.00573,-0.028052,-0.034514,-0.022211,20,0.017002
turnover_signal,2022-04-06,-0.021771,160,-0.026854,-0.020328,-0.058802,-0.005903,-0.014349,-0.049456,-0.037167,-0.008152,-0.030258,-0.028106,20,-0.001252
turnover_signal,2022-04-07,-0.079981,160,-0.048641,-0.035652,-0.048883,-0.013536,-0.033845,-0.040907,-0.041866,-0.072815,-0.056167,-0.066102,20,-0.017461
turnover_signal,2022-04-08,0.006724,160,-0.03096,-0.028606,-0.054477,-0.079594,-0.057493,-0.05312,-0.074425,-0.036152,-0.028522,-0.040933,20,-0.009973
turnover_signal,2022-04-11,0.032521,160,-0.072501,-0.030195,-0.058162,-0.081183,-0.062408,-0.025209,-0.038425,-0.048138,-0.074962,-0.054734,20,0.017768
turnover_signal,2022-04-12,0.004327,160,-0.04382,-0.066409,-0.064022,-0.031998,-0.050686,-0.028824,-0.076463,-0.059353,-0.038531,-0.038095,20,0.005724
turnover_signal,2022-04-13,-0.142148,160,-0.020843,-0.032506,-0.040807,-0.024753,-0.037418,-0.039325,-0.035126,-0.041754,-0.056111,-0.067232,20,-0.046389
turnover_signal,2022-04-14,-0.089772,160,-0.025591,-0.021247,-0.000627,0.021662,-0.028045,-0.034213,-0.02853,-0.037789,-0.025371,-0.042396,20,-0.016805
turnover_signal,2022-04-15,-0.097718,160,-0.006907,0.014261,0.006169,-0.006552,0.00204,-0.00077,0.023113,-0.029678,0.003212,-0.024846,20,-0.017939
turnover_signal,2022-04-18,0.056246,160,0.000368,0.023357,0.016918,0.040027,0.022115,0.026049,0.045736,0.001184,0.057296,-0.005764,20,-0.006132
turnover_signal,2022-04-19,-0.082134,160,0.030784,0.025061,0.022955,-0.023078,-0.015904,-0.018389,0.028472,-0.003308,0.004716,-0.006,20,-0.036784
turnover_signal,2022-04-20,-0.097381,160,0.009417,0.043552,0.021233,0.010425,0.016173,-0.000823,-0.018965,0.014077,0.006538,0.002846,20,-0.006571
turnover_signal,2022-04-21,0.020851,160,0.003961,0.011203,0.01025,0.015663,0.056777,0.019012,0.037213,0.011537,0.014759,0.015664,20,0.011704
turnover_signal,2022-04-22,0.115595,160,0.018776,0.029657,0.032362,0.040512,0.031594,0.04276,0.033847,0.017496,0.069825,0.063706,20,0.04493
turnover_signal,2022-04-25,0.048538,160,0.022729,0.078653,0.064411,0.075314,0.070099,0.049758,0.062313,0.07351,0.03712,0.085073,20,0.062344
turnover_signal,2022-04-26,0.069911,160,0.044348,0.033588,0.028043,0.014397,0.079969,0.084517,0.059904,0.118694,0.021747,0.044523,20,0.000174
turnover_signal,2022-04-27,-0.014913,160,0.03129,0.037934,0.072765,0.046682,0.017868,0.057355,0.019081,0.005761,0.069233,0.03796,20,0.00667
turnover_signal,2022-04-28,0.089142,160,0.012966,0.034698,0.028827,0.034527,0.019583,0.08371,0.07002,0.029412,0.038284,0.038587,20,0.025621
turnover_signal,2022-04-29,0.044674,160,0.047127,0.05515,0.011495,0.075856,0.043132,0.055442,0.106684,0.043079,0.046846,0.054343,20,0.007216
turnover_signal,2022-05-02,-0.100173,160,0.071308,0.032684,0.088116,0.047307,0.029709,0.052169,0.049695,0.057697,0.049581,0.007148,20,-0.06416
turnover_signal,2022-05-03,-0.003466,160,0.031174,0.040265,0.06692,0.017048,0.026279,0.025401,0.023238,0.063089,0.032009,0.031447,20,0.000273
turnover_signal,2022-05-04,0.176538,160,0.010795,0.012892,0.045121,0.05013,0.015634,0.077234,0.034996,0.053386,0.059431,0.064638,20,0.053843
turnover_signal,2022-05-05,0.094061,160,0.045781,0.088036,0.024036,0.045948,0.015559,0.053826,0.054429,0.078967,0.0363,0.088192,20,0.042411
turnover_signal,2022-05-06,0.003065,160,-0.000262,0.066307,0.034756,0.048065,0.045367,0.03184,-0.00906,0.019599,0.051056,0.028221,20,0.028483
turnover_signal,2022-05-09,0.264459,160,0.002174,-0.007042,0.045124,-0.024032,0.039094,0.032595,0.056692,0.046282,0.043146,0.080209,20,0.078036
turnover_signal,2022-05-10,-0.167787,160,0.025909,0.082338,0.009679,0.003977,0.001569,0.014837,3.5e-05,0.034628,-0.001798,-0.011174,20,-0.037083
turnover_signal,2022-05-11,-0.013325,160,0.010069,0.009092,0.02163,-0.02638,-0.002433,-0.003317,-0.024978,-0.000411,0.004914,0.019754,20,0.009685
turnover_signal,2022-05-12,-0.017904,160,0.003613,-0.022639,0.014473,0.029494,0.023505,0.011819,0.003359,-0.020634,0.017152,0.004077,20,0.000465
turnover_signal,2022-05-13,-0.074095,160,0.026003,-0.004721,0.009069,0.000657,0.03662,0.013704,-0.040023,0.021275,-0.008075,0.00301,20,-0.022993
turnover_signal,2022-05-16,0.018944,160,-0.018342,0.009764,-0.051581,-0.002682,-0.014948,0.015195,-0.022049,-0.007879,0.00259,-0.023992,20,-0.00565
turnover_signal,2022-05-17,0.032424,160,-0.003302,0.011534,-0.00353,-0.001728,-0.00424,0.022152,-0.015487,-0.012963,-0.005384,0.018032,20,0.021334
turnover_signal,2022-05-18,0.067892,160,-0.022551,0.022115,5.2e-05,0.003356,0.009981,-0.015055,0.03853,0.017713,0.014392,-0.001046,20,0.021505
turnover_signal,2022-05-19,-0.065789,160,0.003356,0.001093,0.014883,0.03198,0.009554,0.022493,-0.006323,0.009931,-0.005916,-0.005693,20,-0.009049
turnover_signal,2022-05-20,0.202947,160,-0.015348,0.026966,0.001257,0.048878,0.005739,0.002218,0.025853,0.047978,0.035644,0.059154,20,0.074501
turnover_signal,2022-05-23,0.119155,160,0.015729,-0.003802,0.0023,0.033947,0.024137,0.011444,0.015035,0.009283,0.036819,0.039575,20,0.023846
turnover_signal,2022-05-24,0.149487,160,0.014183,0.011086,-0.002432,0.012638,-0.022902,0.017802,0.027322,0.017778,0.023843,0.056377,20,0.042193
turnover_signal,2022-05-25,-0.120075,160,0.001752,0.038746,-0.012772,0.040111,-0.015181,-0.003881,-0.020278,0.019938,0.00564,-0.023756,20,-0.025508
turnover_signal,2022-05-26,0.003595,160,-0.044584,0.019513,-0.009116,-0.01,0.023901,-0.001717,0.017621,-0.018301,-0.011621,-0.010523,20,0.034061
turnover_signal,2022-05-27,0.003038,160,-0.019818,-0.022987,-0.011715,-0.016965,-0.024019,0.026442,-0.007206,-0.0417,-0.034212,-0.000506,20,0.019312
turnover_signal,2022-05-30,-0.065493,160,0.001793,-0.016079,0.042301,0.005848,-0.024146,-0.035524,-0.023428,0.023221,0.004024,-0.024626,20,-0.026419
turnover_signal,2022-05-31,0.025624,160,-0.024876,0.022021,-0.012604,0.015745,-0.024112,-0.013935,-0.007739,-0.001261,0.014458,0.002137,20,0.027013
turnover_signal,2022-06-01,-0.123444,160,-0.014323,0.011375,-0.000204,-0.035602,0.008174,-0.023506,0.03457,-0.010297,-0.03794,-0.035049,20,-0.020727
turnover_signal,2022-06-02,-0.13976,160,0.023361,0.020093,0.041387,0.004492,0.011801,-0.032034,0.020632,-0.048155,-0.005853,0.024882,20,0.001521
turnover_signal,2022-06-03,-0.038246,160,-0.00196,0.048747,0.033274,0.040061,0.006664,0.032779,0.007423,0.005611,0.0524,-0.000643,20,0.001317
turnover_signal,2022-06-06,-0.067368,160,0.061481,0.056342,0.065375,0.046647,0.004015,0.024172,0.055048,0.049744,0.064337,0.014911,20,-0.04657
turnover_signal,2022-06-07,0.049851,160,0.008393,0.013448,0.032572,-0.000547,0.057496,0.037395,0.040133,0.029615,0.046594,0.013637,20,0.005244
turnover_signal,2022-06-08,0.135978,160,0.009431,-0.006056,-0.008008,0.001338,0.028295,0.003276,-0.007452,0.030243,0.042373,0.035627,20,0.026197
turnover_signal,2022-06-09,-0.081276,160,-0.001922,0.002709,0.047751,0.023438,0.017237,0.028753,-0.000446,-0.000103,-0.013543,0.003847,20,0.005769
turnover_signal,2022-06-10,-0.00915,160,0.004562,-0.012178,0.042895,0.032938,-0.01687,0.024255,0.004843,0.003197,0.01006,0.019882,20,0.01532
turnover_signal,2022-06-13,0.145567,160,-0.00416,0.015625,0.00235,0.01765,0.025906,0.034645,0.024419,0.012788,0.030144,0.037642,20,0.041802
turnover_signal,2022-06-14,0.008672,160,0.007866,0.020936,0.028173,0.012041,0.020506,0.01868,0.014694,0.010457,0.003437,0.030236,20,0.02237
turnover_signal,2022-06-15,0.084844,160,-0.018748,0.016037,-0.015483,0.020296,-0.017131,-0.017287,-0.008204,0.029196,0.029334,0.000495,20,0.019244
turnover_signal,2022-06-16,0.032887,160,0.005813,-0.004137,-0.009832,-0.005794,-0.031043,0.025743,-0.000524,0.015442,-0.014447,-0.002397,20,-0.008211
turnover_signal,2022-06-17,-0.040188,160,-0.013932,-0.015656,-0.014223,-0.015001,-0.030897,0.000589,-0.027368,-0.030938,-0.033297,0.003445,20,0.017377
turnover_signal,2022-06-20,-0.106451,160,-0.033852,-0.009394,-0.021451,-0.068822,-0.067748,-0.064236,-0.030805,-0.039138,-0.053404,-0.06039,20,-0.026538
turnover_signal,2022-06-21,-0.179773,160,-0.035667,0.010288,-0.039545,-0.052795,-0.058014,-0.034886,-0.073306,-0.045993,-0.069332,-0.060526,20,-0.024859
turnover_signal,2022-06-22,-0.089072,160,0.012518,-0.037615,0.014486,-0.042813,-0.040778,-0.039309,-0.07037,0.005969,-0.026711,-0.037238,20,-0.049755
turnover_signal,2022-06-23,-0.131733,160,0.018922,-0.011427,-0.021733,-0.037157,0.003278,-0.018987,-0.032555,-0.000524,-0.051908,-0.038936,20,-0.057858
turnover_signal,2022-06-24,0.141545,160,0.006325,-0.027409,-0.010358,-0.01768,-0.003508,-0.046102,-0.014563,0.012373,0.029449,0.029918,20,0.023593
turnover_signal,2022-06-27,-0.081065,160,0.019203,-0.015796,-0.003645,0.020905,0.006347,0.003485,-0.010116,-0.024741,-0.026735,0.012337,20,-0.006866
turnover_signal,2022-06-28,-0.002892,160,0.03829,0.001042,-0.013088,-0.006136,0.009335,-0.022058,-0.007117,0.022429,0.010517,0.026004,20,-0.012286
turnover_signal,2022-06-29,-0.040642,160,0.0383,0.018318,0.016131,0.050881,0.005252,0.020996,0.029088,0.019081,0.023845,0.020547,20,-0.017753
turnover_signal,2022-06-30,0.002476,160,-0.021356,0.027323,0.021818,0.010872,0.015205,0.020978,0.009826,0.007366,-0.00537,0.035303,20,0.056659
turnover_signal,2022-07-01,-0.127171,160,0.022914,0.03868,-0.013064,-0.020557,0.013355,-0.029227,0.024227,-0.008986,-0.027752,-0.022466,20,-0.045381
turnover_signal,2022-07-04,-0.12604,160,-0.018228,-0.006786,0.011361,0.007687,-0.043978,-0.01992,-0.041852,-0.031618,-0.026966,-0.036737,20,-0.018509
turnover_signal,2022-07-05,-0.144099,160,0.047923,-0.023022,-0.003185,-0.026592,-0.01031,0.024468,0.010543,-0.017777,0.013507,-0.062008,20,-0.109931
turnover_signal,2022-07-06,0.121733,160,0.010138,0.051608,0.007105,0.020534,0.017921,0.026891,0.042692,0.040832,0.056625,0.034033,20,0.023894
turnover_signal,2022-07-07,0.03795,160,-0.005914,0.014748,-0.010358,0.013715,0.039882,0.028303,0.036063,0.03063,-0.006919,0.005456,20,0.01137
turnover_signal,2022-07-08,-0.044803,160,0.015763,0.005169,0.0411,0.030844,0.007671,0.032478,0.00676,-0.011239,0.024984,0.023628,20,0.007865
turnover_signal,2022-07-11,-0.095769,160,0.020969,-0.011845,0.002819,0.067267,0.032517,-0.004803,-0.040763,-0.033092,-0.002245,0.023698,20,0.002729
turnover_signal,2022-07-12,-0.0075,160,0.040786,0.008792,-0.008573,-0.016943,0.026576,0.049983,0.005948,-0.003082,-0.007198,0.026895,20,-0.013892
turnover_signal,2022-07-13,-0.120875,160,0.034395,0.063388,0.041849,0.024942,-0.005922,0.018761,0.031974,0.042767,0.001513,0.001627,20,-0.032768
turnover_signal,2022-07-14,-0.115534,160,0.04578,0.049965,0.035063,0.015957,0.082545,0.029063,0.010918,0.020574,0.023805,0.018827,20,-0.026953
turnover_signal,2022-07-15,-0.07045,160,0.07168,0.035665,0.05081,0.02672,0.082363,0.050396,0.065037,0.074119,0.051437,-0.009517,20,-0.081196
